{
"type": "FeatureCollection",
"name": "parks",
"crs": { "type": "name", "properties": { "name": "urn:ogc:def:crs:OGC:1.3:CRS84" } },
"features": [
{ "type": "Feature", "properties": { "name": "Southern Gulf Islands National Park Reserve Of Canada", "kind": "National" }, "geometry": { "type": "MultiPolygon", "coordinates": [ [ [ [ -123.432416034788105, 48.729063889537329, 0.0 ], [ -123.430267661473152, 48.729431770427404, 0.0 ], [ -123.429935904045422, 48.728650349721335, 0.0 ], [ -123.432580422997091, 48.728411059736814, 0.0 ], [ -123.432416034788105, 48.729063889537329, 0.0 ] ] ], [ [ [ -123.431525975372537, 48.730238445588789, 0.0 ], [ -123.430621979221741, 48.730316566392887, 0.0 ], [ -123.430304949253269, 48.729966902713706, 0.0 ], [ -123.431183618431589, 48.72970273275893, 0.0 ], [ -123.431525975372537, 48.730238445588789, 0.0 ] ] ] ] } },
{ "type": "Feature", "properties": { "name": "Southern Gulf Islands National Park Reserve Of Canada", "kind": "National" }, "geometry": { "type": "Polygon", "coordinates": [ [ [ -123.385459995231457, 48.720440991162313, 0.0 ], [ -123.385153995589903, 48.717563995171055, 0.0 ], [ -123.385747997139887, 48.717003992246688, 0.0 ], [ -123.387984998022006, 48.719685995132394, 0.0 ], [ -123.386158004010355, 48.720825989484304, 0.0 ], [ -123.385459995231457, 48.720440991162313, 0.0 ] ] ] } },
{ "type": "Feature", "properties": { "name": "Southern Gulf Islands National Park Reserve Of Canada", "kind": "National" }, "geometry": { "type": "Polygon", "coordinates": [ [ [ -123.389793250401951, 48.835089710066406, 0.0 ], [ -123.399506902100356, 48.835090876713217, 0.0 ], [ -123.39971166491884, 48.836321005124525, 0.0 ], [ -123.400500116291838, 48.836481458958517, 0.0 ], [ -123.400201486348351, 48.840176200550793, 0.0 ], [ -123.399415827023688, 48.84029733888142, 0.0 ], [ -123.400118840053494, 48.841392215194688, 0.0 ], [ -123.395645559965516, 48.839352476599757, 0.0 ], [ -123.394893084798184, 48.839810446759394, 0.0 ], [ -123.402064952787242, 48.84563434206833, 0.0 ], [ -123.40249965130316, 48.847269028366327, 0.0 ], [ -123.404900385918936, 48.849043050545731, 0.0 ], [ -123.40541208000279, 48.850161648909051, 0.0 ], [ -123.401531884470586, 48.849459321802456, 0.0 ], [ -123.393687089113854, 48.846711634900679, 0.0 ], [ -123.384941596889973, 48.842528598696312, 0.0 ], [ -123.38980086131231, 48.842331376113528, 0.0 ], [ -123.389793250401951, 48.835089710066406, 0.0 ] ] ] } },
{ "type": "Feature", "properties": { "name": "Southern Gulf Islands National Park Reserve Of Canada", "kind": "National" }, "geometry": { "type": "Polygon", "coordinates": [ [ [ -123.240522376585531, 48.844002947307409, 0.0 ], [ -123.241938521461321, 48.845412746946877, 0.0 ], [ -123.237472698335793, 48.844796824503042, 0.0 ], [ -123.2329648236053, 48.842345647183464, 0.0 ], [ -123.237608971811994, 48.842812954273263, 0.0 ], [ -123.240522376585531, 48.844002947307409, 0.0 ] ] ] } },
{ "type": "Feature", "properties": { "name": "Southern Gulf Islands National Park Reserve Of Canada", "kind": "National" }, "geometry": { "type": "Polygon", "coordinates": [ [ [ -123.329200933047346, 48.684797488289149, 0.0 ], [ -123.328403245961823, 48.683153840653326, 0.0 ], [ -123.3292195973996, 48.682359851712505, 0.0 ], [ -123.330005448657317, 48.682748930640365, 0.0 ], [ -123.330259046279224, 48.684587911345169, 0.0 ], [ -123.329200933047346, 48.684797488289149, 0.0 ] ] ] } },
{ "type": "Feature", "properties": { "name": "Southern Gulf Islands National Park Reserve Of Canada", "kind": "National" }, "geometry": { "type": "Polygon", "coordinates": [ [ [ -123.408181690715224, 48.750072602419223, 0.0 ], [ -123.401253102259005, 48.749714610302348, 0.0 ], [ -123.400456410286168, 48.74880427965364, 0.0 ], [ -123.40221576589208, 48.748298871408167, 0.0 ], [ -123.406863135360183, 48.748516460634995, 0.0 ], [ -123.409362029609753, 48.746065180977887, 0.0 ], [ -123.413066391407469, 48.747270923644294, 0.0 ], [ -123.412680712681492, 48.747933521515392, 0.0 ], [ -123.409815889695921, 48.748663428812399, 0.0 ], [ -123.408181690715224, 48.750072602419223, 0.0 ] ] ] } },
{ "type": "Feature", "properties": { "name": "Southern Gulf Islands National Park Reserve Of Canada", "kind": "National" }, "geometry": { "type": "Polygon", "coordinates": [ [ [ -123.218498627957587, 48.745002860859437, 0.0 ], [ -123.196191727373588, 48.744848204604629, 0.0 ], [ -123.196239400350549, 48.741222096587471, 0.0 ], [ -123.218360331748869, 48.7415384668315, 0.0 ], [ -123.218459060227829, 48.744272209980117, 0.0 ], [ -123.220742003329306, 48.745077056596465, 0.0 ], [ -123.220396029040103, 48.745573788756268, 0.0 ], [ -123.218498627957587, 48.745002860859437, 0.0 ] ] ] } },
{ "type": "Feature", "properties": { "name": "Southern Gulf Islands National Park Reserve Of Canada", "kind": "National" }, "geometry": { "type": "Polygon", "coordinates": [ [ [ -123.289581255403064, 48.87384754593716, 0.0 ], [ -123.290501655816243, 48.87240005675465, 0.0 ], [ -123.29204204569821, 48.872821917308961, 0.0 ], [ -123.29162400081718, 48.873755994261977, 0.0 ], [ -123.289581255403064, 48.87384754593716, 0.0 ] ] ] } },
{ "type": "Feature", "properties": { "name": "Southern Gulf Islands National Park Reserve Of Canada", "kind": "National" }, "geometry": { "type": "MultiPolygon", "coordinates": [ [ [ [ -123.427475685621943, 48.675199964472569, 0.0 ], [ -123.426434767631051, 48.674659240683958, 0.0 ], [ -123.424636485063417, 48.675134194336991, 0.0 ], [ -123.42424208356023, 48.673266979369124, 0.0 ], [ -123.425305725816486, 48.672986329816631, 0.0 ], [ -123.424203674790618, 48.672573321683615, 0.0 ], [ -123.42829508761325, 48.672579868414246, 0.0 ], [ -123.42871475337472, 48.674263191718147, 0.0 ], [ -123.427475685621943, 48.675199964472569, 0.0 ] ] ], [ [ [ -123.428608917181563, 48.675683592997636, 0.0 ], [ -123.429385061757515, 48.674073970497062, 0.0 ], [ -123.428997692260864, 48.672580720044031, 0.0 ], [ -123.430507750520661, 48.672582758450751, 0.0 ], [ -123.430493201664561, 48.674826769626556, 0.0 ], [ -123.428608917181563, 48.675683592997636, 0.0 ] ] ] ] } },
{ "type": "Feature", "properties": { "name": "Southern Gulf Islands National Park Reserve Of Canada", "kind": "National" }, "geometry": { "type": "Polygon", "coordinates": [ [ [ -123.280609094203513, 48.767392540722334, 0.0 ], [ -123.273264084907851, 48.767356829946046, 0.0 ], [ -123.271780792304369, 48.764993638838149, 0.0 ], [ -123.280688876758077, 48.765041299263295, 0.0 ], [ -123.280609094203513, 48.767392540722334, 0.0 ] ] ] } },
{ "type": "Feature", "properties": { "name": "Southern Gulf Islands National Park Reserve Of Canada", "kind": "National" }, "geometry": { "type": "Polygon", "coordinates": [ [ [ -123.196239400350549, 48.741222096587471, 0.0 ], [ -123.196332525248522, 48.737549854957024, 0.0 ], [ -123.197557210536544, 48.737486797880074, 0.0 ], [ -123.206727200616214, 48.737744016069769, 0.0 ], [ -123.218360331748869, 48.7415384668315, 0.0 ], [ -123.196239400350549, 48.741222096587471, 0.0 ] ] ] } },
{ "type": "Feature", "properties": { "name": "Southern Gulf Islands National Park Reserve Of Canada", "kind": "National" }, "geometry": { "type": "Polygon", "coordinates": [ [ [ -123.36925337659585, 48.839254715571641, 0.0 ], [ -123.36995299943564, 48.838892868414042, 0.0 ], [ -123.37374085286659, 48.840738306320716, 0.0 ], [ -123.371952801226556, 48.841351314390451, 0.0 ], [ -123.36925337659585, 48.839254715571641, 0.0 ] ] ] } },
{ "type": "Feature", "properties": { "name": "Southern Gulf Islands National Park Reserve Of Canada", "kind": "National" }, "geometry": { "type": "MultiPolygon", "coordinates": [ [ [ [ -123.257864995142981, 48.763672995986219, 0.0 ], [ -123.25833866896977, 48.764585920338511, 0.0 ], [ -123.257358884855563, 48.764811813792242, 0.0 ], [ -123.256983006127882, 48.76403499203775, 0.0 ], [ -123.257864995142981, 48.763672995986219, 0.0 ] ] ], [ [ [ -123.258099561267244, 48.764767008208203, 0.0 ], [ -123.258469998960337, 48.764975992519027, 0.0 ], [ -123.257634626365544, 48.764919972912629, 0.0 ], [ -123.258099561267244, 48.764767008208203, 0.0 ] ] ] ] } },
{ "type": "Feature", "properties": { "name": "Southern Gulf Islands National Park Reserve Of Canada", "kind": "National" }, "geometry": { "type": "Polygon", "coordinates": [ [ [ -123.25259655961257, 48.846696621259326, 0.0 ], [ -123.252076786083151, 48.848111486562907, 0.0 ], [ -123.252743236430163, 48.849579885750408, 0.0 ], [ -123.24954889253118, 48.848281318007132, 0.0 ], [ -123.249417822081227, 48.849171096807545, 0.0 ], [ -123.243543587451612, 48.846673288296607, 0.0 ], [ -123.244740305658596, 48.846113007563346, 0.0 ], [ -123.248745308134417, 48.847210935966466, 0.0 ], [ -123.250412890668784, 48.846357213665065, 0.0 ], [ -123.25259655961257, 48.846696621259326, 0.0 ] ] ] } },
{ "type": "Feature", "properties": { "name": "Southern Gulf Islands National Park Reserve Of Canada", "kind": "National" }, "geometry": { "type": "Polygon", "coordinates": [ [ [ -123.271479137744166, 48.562082463166931, 0.0 ], [ -123.277623343065926, 48.560187583004684, 0.0 ], [ -123.279185380481593, 48.561042955915212, 0.0 ], [ -123.281822870203271, 48.561216455531493, 0.0 ], [ -123.282233878853816, 48.562160058226297, 0.0 ], [ -123.281444586712269, 48.56379932136435, 0.0 ], [ -123.283316777404579, 48.56502272862123, 0.0 ], [ -123.285673233619349, 48.56549371267711, 0.0 ], [ -123.286988296151563, 48.568013903934471, 0.0 ], [ -123.286826303724808, 48.569255797292655, 0.0 ], [ -123.284952932877658, 48.571185657982973, 0.0 ], [ -123.28059158643191, 48.570854505847798, 0.0 ], [ -123.278809683986339, 48.571056758493356, 0.0 ], [ -123.278334416331418, 48.571836083167774, 0.0 ], [ -123.274311273856313, 48.569578667991408, 0.0 ], [ -123.27269463919761, 48.569393588526182, 0.0 ], [ -123.271586801961902, 48.567399031011441, 0.0 ], [ -123.273488239080635, 48.566913225096599, 0.0 ], [ -123.272535323595122, 48.564814843445262, 0.0 ], [ -123.273177486392058, 48.562775663552898, 0.0 ], [ -123.271479137744166, 48.562082463166931, 0.0 ] ] ] } },
{ "type": "Feature", "properties": { "name": "Southern Gulf Islands National Park Reserve Of Canada", "kind": "National" }, "geometry": { "type": "MultiPolygon", "coordinates": [ [ [ [ -123.340270572109205, 48.678481890818041, 0.0 ], [ -123.338736721151335, 48.678666333864307, 0.0 ], [ -123.338333131331709, 48.677988309714031, 0.0 ], [ -123.339899005108649, 48.678024187134881, 0.0 ], [ -123.340270572109205, 48.678481890818041, 0.0 ] ] ], [ [ [ -123.340280088413394, 48.679705333850016, 0.0 ], [ -123.338523766113056, 48.679638543167428, 0.0 ], [ -123.338352426139835, 48.679220725714472, 0.0 ], [ -123.340280088413394, 48.679705333850016, 0.0 ] ] ] ] } },
{ "type": "Feature", "properties": { "name": "Southern Gulf Islands National Park Reserve Of Canada", "kind": "National" }, "geometry": { "type": "MultiPolygon", "coordinates": [ [ [ [ -123.382428701376426, 48.798858540114914, 0.0 ], [ -123.383507282739771, 48.798533331083917, 0.0 ], [ -123.386009503406953, 48.799541527892636, 0.0 ], [ -123.386246364069194, 48.80090362044519, 0.0 ], [ -123.38409690020643, 48.800294573653893, 0.0 ], [ -123.382428701376426, 48.798858540114914, 0.0 ] ] ], [ [ [ -123.383315019962041, 48.802172834042658, 0.0 ], [ -123.380204385163879, 48.801418482491371, 0.0 ], [ -123.379975765330187, 48.800843493349085, 0.0 ], [ -123.382643855051469, 48.800992095192314, 0.0 ], [ -123.383315019962041, 48.802172834042658, 0.0 ] ] ] ] } },
{ "type": "Feature", "properties": { "name": "Southern Gulf Islands National Park Reserve Of Canada", "kind": "National" }, "geometry": { "type": "Polygon", "coordinates": [ [ [ -123.236715910393457, 48.834760224026567, 0.0 ], [ -123.236212223787106, 48.8352547805151, 0.0 ], [ -123.234014736987859, 48.834040323878575, 0.0 ], [ -123.235146095786149, 48.833840110354537, 0.0 ], [ -123.236715910393457, 48.834760224026567, 0.0 ] ] ] } },
{ "type": "Feature", "properties": { "name": "Southern Gulf Islands National Park Reserve Of Canada", "kind": "National" }, "geometry": { "type": "Polygon", "coordinates": [ [ [ -123.344312852038684, 48.654886436722478, 0.0 ], [ -123.336048333146451, 48.648874092765972, 0.0 ], [ -123.332871768278082, 48.645474551586375, 0.0 ], [ -123.327943949187414, 48.6423931448332, 0.0 ], [ -123.313672526037038, 48.630658947951289, 0.0 ], [ -123.312661800854201, 48.627184312206388, 0.0 ], [ -123.330238454759794, 48.622311271507854, 0.0 ], [ -123.335867229923167, 48.623931741301391, 0.0 ], [ -123.338060995841872, 48.626207273460352, 0.0 ], [ -123.34246292069183, 48.632794608184689, 0.0 ], [ -123.343176626049441, 48.6352188626878, 0.0 ], [ -123.342715637865979, 48.637935470472279, 0.0 ], [ -123.341766939591551, 48.638633207254635, 0.0 ], [ -123.345635032607589, 48.651990455691987, 0.0 ], [ -123.347874709564806, 48.652969300841619, 0.0 ], [ -123.348189237340421, 48.654325968068136, 0.0 ], [ -123.346452092434788, 48.655313304424666, 0.0 ], [ -123.344312852038684, 48.654886436722478, 0.0 ] ], [ [ -123.324274212156425, 48.63168225649779, 0.0 ], [ -123.323983598960396, 48.632779180731497, 0.0 ], [ -123.325638326949388, 48.632778489544883, 0.0 ], [ -123.32563728664681, 48.631681684608949, 0.0 ], [ -123.322081929406949, 48.631004834027927, 0.0 ], [ -123.322092099599516, 48.626618266499193, 0.0 ], [ -123.315478343493496, 48.626596504023944, 0.0 ], [ -123.315795477607892, 48.631007133159379, 0.0 ], [ -123.32198058816148, 48.63100486986972, 0.0 ], [ -123.324274212156425, 48.63168225649779, 0.0 ] ], [ [ -123.346487976863472, 48.654128739448993, 0.0 ], [ -123.346380229670245, 48.653451114922717, 0.0 ], [ -123.34530661498826, 48.654060520902313, 0.0 ], [ -123.346487976863472, 48.654128739448993, 0.0 ] ] ] } },
{ "type": "Feature", "properties": { "name": "Southern Gulf Islands National Park Reserve Of Canada", "kind": "National" }, "geometry": { "type": "Polygon", "coordinates": [ [ [ -123.372394368181858, 48.738979499002447, 0.0 ], [ -123.36469035957299, 48.738609927374135, 0.0 ], [ -123.361194243661075, 48.737220328002607, 0.0 ], [ -123.359593118340868, 48.734184688087929, 0.0 ], [ -123.355618528855288, 48.730878667424136, 0.0 ], [ -123.354749377449437, 48.726861804623205, 0.0 ], [ -123.355517091094001, 48.724185713128549, 0.0 ], [ -123.360247919168231, 48.7207634255195, 0.0 ], [ -123.362119662441259, 48.718365385510083, 0.0 ], [ -123.365501943392545, 48.716826584049656, 0.0 ], [ -123.368499916792928, 48.714322127326959, 0.0 ], [ -123.376200226474495, 48.713657930784429, 0.0 ], [ -123.382505736381347, 48.7155239410436, 0.0 ], [ -123.385320111885477, 48.715021966730717, 0.0 ], [ -123.387723263820178, 48.715593913509736, 0.0 ], [ -123.39056386248599, 48.719033780943739, 0.0 ], [ -123.390011363137035, 48.72088029956651, 0.0 ], [ -123.392675672325012, 48.725471329389755, 0.0 ], [ -123.391991510040711, 48.727460089039887, 0.0 ], [ -123.390167114335, 48.729028433551846, 0.0 ], [ -123.386236057909926, 48.729960556798261, 0.0 ], [ -123.382516259354674, 48.733094562738124, 0.0 ], [ -123.379726820695026, 48.734525513871681, 0.0 ], [ -123.377199679117936, 48.737028707236291, 0.0 ], [ -123.372394368181858, 48.738979499002447, 0.0 ] ], [ [ -123.366885059695818, 48.719026259039893, 0.0 ], [ -123.365986694818446, 48.719812161402508, 0.0 ], [ -123.367848313222908, 48.719671296296141, 0.0 ], [ -123.368148604899147, 48.71797007286056, 0.0 ], [ -123.36755429184808, 48.718502743748189, 0.0 ], [ -123.366899232243739, 48.718162981886962, 0.0 ], [ -123.366885059695818, 48.719026259039893, 0.0 ] ], [ [ -123.376689020403973, 48.734693159495372, 0.0 ], [ -123.373666715944111, 48.736106381516052, 0.0 ], [ -123.374581321589574, 48.73656221602765, 0.0 ], [ -123.377198726714028, 48.735564107246169, 0.0 ], [ -123.376689020403973, 48.734693159495372, 0.0 ] ], [ [ -123.371867165338983, 48.715320070593123, 0.0 ], [ -123.371954481826194, 48.71601469741978, 0.0 ], [ -123.373838590383812, 48.715261927992799, 0.0 ], [ -123.373291025868056, 48.714750929587431, 0.0 ], [ -123.371867165338983, 48.715320070593123, 0.0 ] ] ] } },
{ "type": "Feature", "properties": { "name": "Southern Gulf Islands National Park Reserve Of Canada", "kind": "National" }, "geometry": { "type": "MultiPolygon", "coordinates": [ [ [ [ -123.358512414586755, 48.81719489901446, 0.0 ], [ -123.353779424884536, 48.815783665183268, 0.0 ], [ -123.353764951636251, 48.815118011930238, 0.0 ], [ -123.35816255098608, 48.816066996416282, 0.0 ], [ -123.358512414586755, 48.81719489901446, 0.0 ] ] ], [ [ [ -123.352563007574958, 48.820773436658044, 0.0 ], [ -123.351538856089505, 48.819955630606202, 0.0 ], [ -123.352647356323388, 48.819763338936454, 0.0 ], [ -123.354284331294593, 48.820743369507014, 0.0 ], [ -123.352563007574958, 48.820773436658044, 0.0 ] ] ] ] } },
{ "type": "Feature", "properties": { "name": "Southern Gulf Islands National Park Reserve Of Canada", "kind": "National" }, "geometry": { "type": "Polygon", "coordinates": [ [ [ -123.355442845862612, 48.827986011693127, 0.0 ], [ -123.362373189019152, 48.827847490142879, 0.0 ], [ -123.362388962135469, 48.83203954567837, 0.0 ], [ -123.358925599496956, 48.832689001440663, 0.0 ], [ -123.354710104394485, 48.831604002543038, 0.0 ], [ -123.352437405174811, 48.829944904262071, 0.0 ], [ -123.352262600273036, 48.828382495511427, 0.0 ], [ -123.35066659512465, 48.827029797136646, 0.0 ], [ -123.351288701089814, 48.826675904155117, 0.0 ], [ -123.355943902001869, 48.828533302492332, 0.0 ], [ -123.355442845862612, 48.827986011693127, 0.0 ] ] ] } },
{ "type": "Feature", "properties": { "name": "Southern Gulf Islands National Park Reserve Of Canada", "kind": "National" }, "geometry": { "type": "Polygon", "coordinates": [ [ [ -123.26060175772237, 48.788001733317522, 0.0 ], [ -123.260626193145185, 48.786726616742193, 0.0 ], [ -123.269261264918626, 48.786752190213704, 0.0 ], [ -123.269229173424492, 48.793854722680862, 0.0 ], [ -123.266253312907793, 48.793872027946108, 0.0 ], [ -123.266250359265911, 48.792926795181224, 0.0 ], [ -123.260450214246561, 48.789120547619248, 0.0 ], [ -123.259986050657034, 48.788151424622619, 0.0 ], [ -123.257305148646225, 48.788275027429535, 0.0 ], [ -123.26060175772237, 48.788001733317522, 0.0 ] ] ] } },
{ "type": "Feature", "properties": { "name": "Southern Gulf Islands National Park Reserve Of Canada", "kind": "National" }, "geometry": { "type": "Polygon", "coordinates": [ [ [ -123.258413311290511, 48.781243436037315, 0.0 ], [ -123.258422293014107, 48.786719966787942, 0.0 ], [ -123.252216788379783, 48.786696636233685, 0.0 ], [ -123.250688882632076, 48.78360558922256, 0.0 ], [ -123.250669667292598, 48.781199203544958, 0.0 ], [ -123.249715554972227, 48.779487936993043, 0.0 ], [ -123.250447486081683, 48.779719867884992, 0.0 ], [ -123.251009777680622, 48.781207477800912, 0.0 ], [ -123.258413311290511, 48.781243436037315, 0.0 ] ] ] } },
{ "type": "Feature", "properties": { "name": "Southern Gulf Islands National Park Reserve Of Canada", "kind": "National" }, "geometry": { "type": "Polygon", "coordinates": [ [ [ -123.206764617240978, 48.829783386083442, 0.0 ], [ -123.211837084102797, 48.832490939500467, 0.0 ], [ -123.210257970142877, 48.832349894183146, 0.0 ], [ -123.205783321071053, 48.829929073731499, 0.0 ], [ -123.206764617240978, 48.829783386083442, 0.0 ] ] ] } },
{ "type": "Feature", "properties": { "name": "Southern Gulf Islands National Park Reserve Of Canada", "kind": "National" }, "geometry": { "type": "Polygon", "coordinates": [ [ [ -123.332064063606396, 48.62736320480775, 0.0 ], [ -123.330324840451212, 48.626323999997958, 0.0 ], [ -123.33021304401943, 48.625829520364825, 0.0 ], [ -123.332921125812248, 48.626973248564347, 0.0 ], [ -123.332064063606396, 48.62736320480775, 0.0 ] ] ] } },
{ "type": "Feature", "properties": { "name": "Southern Gulf Islands National Park Reserve Of Canada", "kind": "National" }, "geometry": { "type": "Polygon", "coordinates": [ [ [ -123.252654899189636, 48.759807602974099, 0.0 ], [ -123.249849046754008, 48.761678544770398, 0.0 ], [ -123.249814836797754, 48.764859652207548, 0.0 ], [ -123.247774553693986, 48.764847878555749, 0.0 ], [ -123.239985531299766, 48.762115564179318, 0.0 ], [ -123.23921673393815, 48.762780064733967, 0.0 ], [ -123.235386446865178, 48.761543023842854, 0.0 ], [ -123.23387075924397, 48.76094191523044, 0.0 ], [ -123.23457613341192, 48.759689208254841, 0.0 ], [ -123.227674431240686, 48.75797667922771, 0.0 ], [ -123.225694568035379, 48.759188925364569, 0.0 ], [ -123.218198959455094, 48.75811468642074, 0.0 ], [ -123.218226270997889, 48.756055153292401, 0.0 ], [ -123.229161572745767, 48.756120664816208, 0.0 ], [ -123.22937080243193, 48.750561698235117, 0.0 ], [ -123.230257897609448, 48.751389100276739, 0.0 ], [ -123.23026500058468, 48.752428603529552, 0.0 ], [ -123.233788701695516, 48.753475601126468, 0.0 ], [ -123.237067397567301, 48.753196700154028, 0.0 ], [ -123.24007839830503, 48.754145902383812, 0.0 ], [ -123.242633698192151, 48.753683802848485, 0.0 ], [ -123.245964005293345, 48.754831597949114, 0.0 ], [ -123.248561694171713, 48.757268003576861, 0.0 ], [ -123.25129300586481, 48.758340203146979, 0.0 ], [ -123.252654899189636, 48.759807602974099, 0.0 ] ] ] } },
{ "type": "Feature", "properties": { "name": "Southern Gulf Islands National Park Reserve Of Canada", "kind": "National" }, "geometry": { "type": "MultiPolygon", "coordinates": [ [ [ [ -123.198435864264766, 48.831583710350209, 0.0 ], [ -123.200307541583797, 48.83313675469487, 0.0 ], [ -123.197799797303915, 48.831935636836121, 0.0 ], [ -123.198435864264766, 48.831583710350209, 0.0 ] ] ], [ [ [ -123.201956593421471, 48.83346903326072, 0.0 ], [ -123.202587358859589, 48.834387703627897, 0.0 ], [ -123.200797445392098, 48.834039993264142, 0.0 ], [ -123.200404137263547, 48.833334498362881, 0.0 ], [ -123.201956593421471, 48.83346903326072, 0.0 ] ] ], [ [ [ -123.208443783065619, 48.837127429522781, 0.0 ], [ -123.209164297032274, 48.837834871043114, 0.0 ], [ -123.209038238778348, 48.838140964440221, 0.0 ], [ -123.207330248528564, 48.837253455706019, 0.0 ], [ -123.208443783065619, 48.837127429522781, 0.0 ] ] ], [ [ [ -123.210949338289169, 48.838497315809271, 0.0 ], [ -123.212267830419876, 48.839704842226645, 0.0 ], [ -123.210421189685007, 48.838682696908634, 0.0 ], [ -123.210949338289169, 48.838497315809271, 0.0 ] ] ], [ [ [ -123.217897221007107, 48.835232236550411, 0.0 ], [ -123.217097943845033, 48.835503765786243, 0.0 ], [ -123.216100038042001, 48.834776974298201, 0.0 ], [ -123.216982893190234, 48.834599894297959, 0.0 ], [ -123.217897221007107, 48.835232236550411, 0.0 ] ] ] ] } },
{ "type": "Feature", "properties": { "name": "Southern Gulf Islands National Park Reserve Of Canada", "kind": "National" }, "geometry": { "type": "Polygon", "coordinates": [ [ [ -123.215803944124971, 48.830284087491535, 0.0 ], [ -123.212748975926615, 48.829624071133637, 0.0 ], [ -123.209539099658869, 48.827731821095767, 0.0 ], [ -123.214928447612834, 48.829476094773916, 0.0 ], [ -123.215803944124971, 48.830284087491535, 0.0 ] ] ] } },
{ "type": "Feature", "properties": { "name": "Southern Gulf Islands National Park Reserve Of Canada", "kind": "National" }, "geometry": { "type": "Polygon", "coordinates": [ [ [ -123.277274146543419, 48.664028252306174, 0.0 ], [ -123.275342363840622, 48.663222478806055, 0.0 ], [ -123.2752917960335, 48.662197038614487, 0.0 ], [ -123.277388131606457, 48.661476815355236, 0.0 ], [ -123.280075561556274, 48.661906627238871, 0.0 ], [ -123.280157405446445, 48.663350315375375, 0.0 ], [ -123.277274146543419, 48.664028252306174, 0.0 ] ] ] } },
{ "type": "Feature", "properties": { "name": "Southern Gulf Islands National Park Reserve Of Canada", "kind": "National" }, "geometry": { "type": "Polygon", "coordinates": [ [ [ -123.332426743197686, 48.695094948454006, 0.0 ], [ -123.331873872903785, 48.694564469087432, 0.0 ], [ -123.332275728978473, 48.693938082609634, 0.0 ], [ -123.334347024326007, 48.693914101030458, 0.0 ], [ -123.33382824030906, 48.694963650269599, 0.0 ], [ -123.332426743197686, 48.695094948454006, 0.0 ] ] ] } },
{ "type": "Feature", "properties": { "name": "Southern Gulf Islands National Park Reserve Of Canada", "kind": "National" }, "geometry": { "type": "MultiPolygon", "coordinates": [ [ [ [ -123.29029937662132, 48.584041503036644, 0.0 ], [ -123.291124159576725, 48.584444254745769, 0.0 ], [ -123.291163316761086, 48.585582178750386, 0.0 ], [ -123.2899416434404, 48.585949613426976, 0.0 ], [ -123.289480664043779, 48.584920699965878, 0.0 ], [ -123.29029937662132, 48.584041503036644, 0.0 ] ] ], [ [ [ -123.289237927905475, 48.582555282968023, 0.0 ], [ -123.290088363202045, 48.582782557761426, 0.0 ], [ -123.290311125021773, 48.583501694447243, 0.0 ], [ -123.288940483397624, 48.583374699660787, 0.0 ], [ -123.289237927905475, 48.582555282968023, 0.0 ] ] ], [ [ [ -123.281368526047132, 48.582385860118038, 0.0 ], [ -123.281979745230274, 48.582654252547016, 0.0 ], [ -123.281783586641723, 48.583725290955925, 0.0 ], [ -123.280993468468935, 48.583443844660984, 0.0 ], [ -123.281368526047132, 48.582385860118038, 0.0 ] ] ], [ [ [ -123.28866569376396, 48.586312673965246, 0.0 ], [ -123.289236587891637, 48.586851018237127, 0.0 ], [ -123.288774170694978, 48.587279498353361, 0.0 ], [ -123.288234765265656, 48.586988467381367, 0.0 ], [ -123.28866569376396, 48.586312673965246, 0.0 ] ] ], [ [ [ -123.270185375928136, 48.574041603167103, 0.0 ], [ -123.270959286201673, 48.574264693506692, 0.0 ], [ -123.271179956609373, 48.574965874440366, 0.0 ], [ -123.270529427015774, 48.575003394672287, 0.0 ], [ -123.270185375928136, 48.574041603167103, 0.0 ] ] ], [ [ [ -123.288631850546835, 48.583717330142029, 0.0 ], [ -123.289186747625124, 48.583981329455654, 0.0 ], [ -123.289027173469734, 48.584458526159366, 0.0 ], [ -123.288296524889176, 48.584361403321878, 0.0 ], [ -123.288631850546835, 48.583717330142029, 0.0 ] ] ], [ [ [ -123.271142412957829, 48.575550726798213, 0.0 ], [ -123.271453346282883, 48.575388059785695, 0.0 ], [ -123.271535520408207, 48.575540799275082, 0.0 ], [ -123.271142412957829, 48.575550726798213, 0.0 ] ] ] ] } },
{ "type": "Feature", "properties": { "name": "Southern Gulf Islands National Park Reserve Of Canada", "kind": "National" }, "geometry": { "type": "MultiPolygon", "coordinates": [ [ [ [ -123.301434042264873, 48.793446583021272, 0.0 ], [ -123.292067612526566, 48.791423743582961, 0.0 ], [ -123.292102579220611, 48.790409757067351, 0.0 ], [ -123.29130929148937, 48.79040999164593, 0.0 ], [ -123.291485797310614, 48.782727489891215, 0.0 ], [ -123.285881578618174, 48.782709020438205, 0.0 ], [ -123.285881080654448, 48.78115291089771, 0.0 ], [ -123.286733276278326, 48.781603902327802, 0.0 ], [ -123.285873787720021, 48.780844487201236, 0.0 ], [ -123.285853491507154, 48.779599326239939, 0.0 ], [ -123.308342617839514, 48.779719533755795, 0.0 ], [ -123.310096622790653, 48.78115809449627, 0.0 ], [ -123.311435618003642, 48.782733127139707, 0.0 ], [ -123.308652040531285, 48.783323396632099, 0.0 ], [ -123.309884861371344, 48.785152848171791, 0.0 ], [ -123.308679813087139, 48.787339318582255, 0.0 ], [ -123.31063649975988, 48.788252281248688, 0.0 ], [ -123.309925819267022, 48.789320282347283, 0.0 ], [ -123.31018683745522, 48.790554343846551, 0.0 ], [ -123.3111928095134, 48.791098091810134, 0.0 ], [ -123.310309033830194, 48.792303606009412, 0.0 ], [ -123.306404387653714, 48.792477793131503, 0.0 ], [ -123.305683494805351, 48.793207560243872, 0.0 ], [ -123.304580562773467, 48.792974797574715, 0.0 ], [ -123.30470967108657, 48.792267493079997, 0.0 ], [ -123.303234373625457, 48.792067413609708, 0.0 ], [ -123.303055923278492, 48.792642032744794, 0.0 ], [ -123.30194492650277, 48.792404279326533, 0.0 ], [ -123.301434042264873, 48.793446583021272, 0.0 ] ] ], [ [ [ -123.314522330742889, 48.795449694329513, 0.0 ], [ -123.306296479512739, 48.794578826565477, 0.0 ], [ -123.306004573305486, 48.792994473439819, 0.0 ], [ -123.310392015358687, 48.792455989412105, 0.0 ], [ -123.312198787373745, 48.793506628288895, 0.0 ], [ -123.310114796332584, 48.793708109414887, 0.0 ], [ -123.309948404014705, 48.79439156627793, 0.0 ], [ -123.313602615100834, 48.794804487762278, 0.0 ], [ -123.314522330742889, 48.795449694329513, 0.0 ] ] ], [ [ [ -123.312309014411127, 48.788292621415827, 0.0 ], [ -123.308922534727827, 48.787293279075314, 0.0 ], [ -123.309800469286472, 48.785617972454403, 0.0 ], [ -123.312304083136553, 48.785116486771706, 0.0 ], [ -123.314606520640098, 48.786432617486973, 0.0 ], [ -123.312309014411127, 48.788292621415827, 0.0 ] ] ], [ [ [ -123.314363208684597, 48.791036862679462, 0.0 ], [ -123.312178456442567, 48.790074746857506, 0.0 ], [ -123.31043616847063, 48.790122995637496, 0.0 ], [ -123.310151288779636, 48.789335752255155, 0.0 ], [ -123.316755733542223, 48.789656424870145, 0.0 ], [ -123.317416327549353, 48.790273576618517, 0.0 ], [ -123.316838745640624, 48.791116291791539, 0.0 ], [ -123.314363208684597, 48.791036862679462, 0.0 ] ] ], [ [ [ -123.307626322826437, 48.795387303461034, 0.0 ], [ -123.308536200802877, 48.795695426207715, 0.0 ], [ -123.307676792642098, 48.795757956932029, 0.0 ], [ -123.307626322826437, 48.795387303461034, 0.0 ] ] ] ] } },
{ "type": "Feature", "properties": { "name": "Southern Gulf Islands National Park Reserve Of Canada", "kind": "National" }, "geometry": { "type": "MultiPolygon", "coordinates": [ [ [ [ -123.362477806280168, 48.671617563236907, 0.0 ], [ -123.364091844918605, 48.671706937537003, 0.0 ], [ -123.364153792306524, 48.672116064812627, 0.0 ], [ -123.362806422727431, 48.672102322409152, 0.0 ], [ -123.362477806280168, 48.671617563236907, 0.0 ] ] ], [ [ [ -123.369959003296401, 48.668107994552663, 0.0 ], [ -123.369697996126149, 48.667828989467779, 0.0 ], [ -123.370120994153936, 48.667981997122205, 0.0 ], [ -123.369959003296401, 48.668107994552663, 0.0 ] ] ] ] } },
{ "type": "Feature", "properties": { "name": "Southern Gulf Islands National Park Reserve Of Canada", "kind": "National" }, "geometry": { "type": "MultiPolygon", "coordinates": [ [ [ [ -123.238968794453385, 48.753116083556328, 0.0 ], [ -123.236832952888463, 48.752054466401439, 0.0 ], [ -123.238033482441239, 48.751678661804888, 0.0 ], [ -123.239850580438571, 48.752583483601015, 0.0 ], [ -123.238968794453385, 48.753116083556328, 0.0 ] ] ], [ [ [ -123.242834004546623, 48.747826991409582, 0.0 ], [ -123.243268994516569, 48.747889995378387, 0.0 ], [ -123.243707000310138, 48.748139990398329, 0.0 ], [ -123.243463006069589, 48.748239995365473, 0.0 ], [ -123.242834004546623, 48.747826991409582, 0.0 ] ] ] ] } },
{ "type": "Feature", "properties": { "name": "Pacific Rim National Park Reserve Of Canada", "kind": "National" }, "geometry": { "type": "MultiPolygon", "coordinates": [ [ [ [ -124.750268911931016, 48.782360032141916, 0.0 ], [ -124.750933093251831, 48.781016452676027, 0.0 ], [ -124.741653776173479, 48.773710691479081, 0.0 ], [ -124.741786391044613, 48.769367192910693, 0.0 ], [ -124.739685019157406, 48.769339140665338, 0.0 ], [ -124.74240224366126, 48.767988250688774, 0.0 ], [ -124.745279379482398, 48.764986020475732, 0.0 ], [ -124.745404248478636, 48.763526203713901, 0.0 ], [ -124.746465798611325, 48.762735768675057, 0.0 ], [ -124.745305976848499, 48.759488566320719, 0.0 ], [ -124.74588715130173, 48.756258466198297, 0.0 ], [ -124.744594860446881, 48.753912795266046, 0.0 ], [ -124.743375105077249, 48.753256227537015, 0.0 ], [ -124.743727190620575, 48.752809027512065, 0.0 ], [ -124.742485721769214, 48.750768133731789, 0.0 ], [ -124.744109350940022, 48.75011442504227, 0.0 ], [ -124.745446165630241, 48.751397640772765, 0.0 ], [ -124.746576717678749, 48.751011677662227, 0.0 ], [ -124.750869000802624, 48.752000076603352, 0.0 ], [ -124.75482133225627, 48.750635680921299, 0.0 ], [ -124.759544623199332, 48.747972411658829, 0.0 ], [ -124.759653209974118, 48.747206187555896, 0.0 ], [ -124.76392421179527, 48.743676997902732, 0.0 ], [ -124.766927574998292, 48.738546997983065, 0.0 ], [ -124.76672314209975, 48.737749435658756, 0.0 ], [ -124.768827594707034, 48.737645472569938, 0.0 ], [ -124.768751290597379, 48.737007423225492, 0.0 ], [ -124.770094263759347, 48.736501835081036, 0.0 ], [ -124.769630343496488, 48.73764262780093, 0.0 ], [ -124.77057793947958, 48.738274974751853, 0.0 ], [ -124.772451251567901, 48.73743753479004, 0.0 ], [ -124.776204237880449, 48.737010271964451, 0.0 ], [ -124.779135473231889, 48.735678639295109, 0.0 ], [ -124.780330452301342, 48.734076406636596, 0.0 ], [ -124.78301237404807, 48.732236322668264, 0.0 ], [ -124.783677604839127, 48.729517512857846, 0.0 ], [ -124.785683080535748, 48.728137453686521, 0.0 ], [ -124.787931798541749, 48.728272745861695, 0.0 ], [ -124.790506708274023, 48.727270103374124, 0.0 ], [ -124.79392475729405, 48.724707950097482, 0.0 ], [ -124.795166546726676, 48.723310805494698, 0.0 ], [ -124.794614772929265, 48.721952111779416, 0.0 ], [ -124.796763379936522, 48.721190156647616, 0.0 ], [ -124.797227978974377, 48.7196990109816, 0.0 ], [ -124.799113402298971, 48.718454249695419, 0.0 ], [ -124.798987981459547, 48.717584060343555, 0.0 ], [ -124.800489406011437, 48.715491895659937, 0.0 ], [ -124.802862513200935, 48.713439604705002, 0.0 ], [ -124.803393211271626, 48.712287420016516, 0.0 ], [ -124.80303341235134, 48.711321812207125, 0.0 ], [ -124.803777625017815, 48.710491497765545, 0.0 ], [ -124.80340862511315, 48.708527509512656, 0.0 ], [ -124.804165376387331, 48.708039007980872, 0.0 ], [ -124.803554823014991, 48.704656511264737, 0.0 ], [ -124.805093064880879, 48.700935053954112, 0.0 ], [ -124.810306733385488, 48.697722030881323, 0.0 ], [ -124.812346704450846, 48.698112270953665, 0.0 ], [ -124.815565796231454, 48.696576974611339, 0.0 ], [ -124.817082936431589, 48.694934859514177, 0.0 ], [ -124.820785203067217, 48.693571886109879, 0.0 ], [ -124.82380999773531, 48.690806077400566, 0.0 ], [ -124.82497422514021, 48.690635169719762, 0.0 ], [ -124.825908434954101, 48.691673417126403, 0.0 ], [ -124.827795097565783, 48.691652053481292, 0.0 ], [ -124.827717868201233, 48.692525092467108, 0.0 ], [ -124.829304213546052, 48.693507801185213, 0.0 ], [ -124.833261919276495, 48.691754597655361, 0.0 ], [ -124.832660346122879, 48.690531200309962, 0.0 ], [ -124.834036287330747, 48.689501497123217, 0.0 ], [ -124.836809506233266, 48.688755209587221, 0.0 ], [ -124.825508675116723, 48.685516562346436, 0.0 ], [ -124.821975048794542, 48.682846167945613, 0.0 ], [ -124.817449365374088, 48.684357255621876, 0.0 ], [ -124.816199377198984, 48.68282053139697, 0.0 ], [ -124.815367723187137, 48.682752166580833, 0.0 ], [ -124.810417439593365, 48.684872821004078, 0.0 ], [ -124.810316661773783, 48.683227856787262, 0.0 ], [ -124.808401526760548, 48.683591028255613, 0.0 ], [ -124.805909935692171, 48.684988175636349, 0.0 ], [ -124.805794394598024, 48.687096005732499, 0.0 ], [ -124.804169850688012, 48.688372096565772, 0.0 ], [ -124.802915334147599, 48.69130597267926, 0.0 ], [ -124.796124361386006, 48.693292746419019, 0.0 ], [ -124.795455469703739, 48.694788162526869, 0.0 ], [ -124.7915377306132, 48.69539772475499, 0.0 ], [ -124.7890904867579, 48.697289071560746, 0.0 ], [ -124.789182204860694, 48.698340142109046, 0.0 ], [ -124.790348335416795, 48.698663438451462, 0.0 ], [ -124.790017977319735, 48.699713083264186, 0.0 ], [ -124.78764222518997, 48.698652047572764, 0.0 ], [ -124.786476273766681, 48.699119185581822, 0.0 ], [ -124.787102207976275, 48.70101765384311, 0.0 ], [ -124.783497390407732, 48.701352340913012, 0.0 ], [ -124.783240527454396, 48.702507379706056, 0.0 ], [ -124.784414119807323, 48.703451628135703, 0.0 ], [ -124.783933525232399, 48.70442151479908, 0.0 ], [ -124.784696206756834, 48.705606458572674, 0.0 ], [ -124.782887386030652, 48.70714603034893, 0.0 ], [ -124.78172487047469, 48.70961987724241, 0.0 ], [ -124.779241455736368, 48.711751978636528, 0.0 ], [ -124.768774953656148, 48.71175858609179, 0.0 ], [ -124.768421010084154, 48.70253661240514, 0.0 ], [ -124.758734681544837, 48.702388489114497, 0.0 ], [ -124.75760237523788, 48.701066816748408, 0.0 ], [ -124.735868419006323, 48.700958630475775, 0.0 ], [ -124.735949829416597, 48.693643359200635, 0.0 ], [ -124.738651087199344, 48.693691235691524, 0.0 ], [ -124.741812405730855, 48.691643179949537, 0.0 ], [ -124.742779329122826, 48.690136698189924, 0.0 ], [ -124.742856446826991, 48.687694280517547, 0.0 ], [ -124.756845392130813, 48.677893566879817, 0.0 ], [ -124.756945064953143, 48.67147902915152, 0.0 ], [ -124.762695957500384, 48.668274414294331, 0.0 ], [ -124.773049379208516, 48.664670429997074, 0.0 ], [ -124.77313513990174, 48.650011984043999, 0.0 ], [ -124.774571194494698, 48.644617957511869, 0.0 ], [ -124.765248437289671, 48.633955013477745, 0.0 ], [ -124.743253180437719, 48.623659372785305, 0.0 ], [ -124.716745182867086, 48.623355641622354, 0.0 ], [ -124.718912347038795, 48.62004082602374, 0.0 ], [ -124.717004843042034, 48.618919105073061, 0.0 ], [ -124.71679117156053, 48.617877777864187, 0.0 ], [ -124.719827385881231, 48.616142085261849, 0.0 ], [ -124.718889224873962, 48.612987490290315, 0.0 ], [ -124.721392323427864, 48.610053935536236, 0.0 ], [ -124.713888662979841, 48.606151683914575, 0.0 ], [ -124.713842688733365, 48.601124705330754, 0.0 ], [ -124.702818603706504, 48.601168028498961, 0.0 ], [ -124.702786329408298, 48.597548891048639, 0.0 ], [ -124.679593178799635, 48.597767135763249, 0.0 ], [ -124.679526543244179, 48.589877392277074, 0.0 ], [ -124.658028556414862, 48.58995474363374, 0.0 ], [ -124.657991763820178, 48.585354807261346, 0.0 ], [ -124.636391950033499, 48.585428833299986, 0.0 ], [ -124.543093034071475, 48.563652108383103, 0.0 ], [ -124.477678600613174, 48.563660461144437, 0.0 ], [ -124.477675289413725, 48.571894405568877, 0.0 ], [ -124.462959240921151, 48.577560643697261, 0.0 ], [ -124.434516523328412, 48.577572392132595, 0.0 ], [ -124.434585862489755, 48.584937090707712, 0.0 ], [ -124.416927995150047, 48.58462401423408, 0.0 ], [ -124.41730350439073, 48.583967612872705, 0.0 ], [ -124.416806227281839, 48.582593625891548, 0.0 ], [ -124.417940925590841, 48.581595936491773, 0.0 ], [ -124.418182974916192, 48.580331625845545, 0.0 ], [ -124.415083002111928, 48.57798699377755, 0.0 ], [ -124.416525006453796, 48.576700997539632, 0.0 ], [ -124.416047997767265, 48.575699991474025, 0.0 ], [ -124.417408995122784, 48.574890994715773, 0.0 ], [ -124.42177700201988, 48.574467997529545, 0.0 ], [ -124.422720006045481, 48.573826989036974, 0.0 ], [ -124.422253006241775, 48.573103996883702, 0.0 ], [ -124.424451000402144, 48.572194990560448, 0.0 ], [ -124.436179995052385, 48.56991798944177, 0.0 ], [ -124.436632995431495, 48.569578990578712, 0.0 ], [ -124.436243996571818, 48.569250995371618, 0.0 ], [ -124.438687005836343, 48.567933991431957, 0.0 ], [ -124.443222998300485, 48.566769995573011, 0.0 ], [ -124.44407400474806, 48.565292992997371, 0.0 ], [ -124.445496000732803, 48.564798995117989, 0.0 ], [ -124.449462996685185, 48.564567997204371, 0.0 ], [ -124.457392998441648, 48.562246994765616, 0.0 ], [ -124.461156006451162, 48.562116996741388, 0.0 ], [ -124.469039995176104, 48.56001099673265, 0.0 ], [ -124.47257200508605, 48.558418993785367, 0.0 ], [ -124.47257400035555, 48.557167997156093, 0.0 ], [ -124.473877999902228, 48.555343994603, 0.0 ], [ -124.475892004969964, 48.553805989431758, 0.0 ], [ -124.482744004283134, 48.551270994412171, 0.0 ], [ -124.485152999071872, 48.54935099076355, 0.0 ], [ -124.487340001021138, 48.54906199715677, 0.0 ], [ -124.489891005503551, 48.547777996781747, 0.0 ], [ -124.492966997994586, 48.545029994334058, 0.0 ], [ -124.494234004324525, 48.544815993216204, 0.0 ], [ -124.494591155985191, 48.539142548984906, 0.0 ], [ -124.500472180262918, 48.539607957207508, 0.0 ], [ -124.504730603267802, 48.539180782685548, 0.0 ], [ -124.518348834598797, 48.541927237642227, 0.0 ], [ -124.523819675274353, 48.544231413886031, 0.0 ], [ -124.538429924090764, 48.546951277579502, 0.0 ], [ -124.542755380142552, 48.54923248555599, 0.0 ], [ -124.549583270969734, 48.550014530566791, 0.0 ], [ -124.563155676366705, 48.553005125851719, 0.0 ], [ -124.573035997097506, 48.552986256705623, 0.0 ], [ -124.591254542652834, 48.557548390847813, 0.0 ], [ -124.601363919838803, 48.558670180216112, 0.0 ], [ -124.60557497300131, 48.560726148632959, 0.0 ], [ -124.61339602811033, 48.562431479266564, 0.0 ], [ -124.618034853970869, 48.564399863550705, 0.0 ], [ -124.636230785349539, 48.56694027027347, 0.0 ], [ -124.642487296361864, 48.568912535890092, 0.0 ], [ -124.649352293140879, 48.56943511015163, 0.0 ], [ -124.664955610749715, 48.574382738153822, 0.0 ], [ -124.672698960845054, 48.574855676430126, 0.0 ], [ -124.684013105487054, 48.576690808225436, 0.0 ], [ -124.690064033009705, 48.58063898872782, 0.0 ], [ -124.692238126507434, 48.579815050668252, 0.0 ], [ -124.691711342744739, 48.576736579087246, 0.0 ], [ -124.693305826456083, 48.576561049142278, 0.0 ], [ -124.704672928707339, 48.580696117390325, 0.0 ], [ -124.712364389984742, 48.581508502233568, 0.0 ], [ -124.717094521768715, 48.583507601935608, 0.0 ], [ -124.725929917557437, 48.585010598376947, 0.0 ], [ -124.729767452171671, 48.587402219767874, 0.0 ], [ -124.732863732083231, 48.591835128724291, 0.0 ], [ -124.739173521285778, 48.595878608498346, 0.0 ], [ -124.744369162968624, 48.60056687831608, 0.0 ], [ -124.747969757179803, 48.602851891849376, 0.0 ], [ -124.767265367647127, 48.60957345417232, 0.0 ], [ -124.779396124595181, 48.615810405100326, 0.0 ], [ -124.780562662289128, 48.615074229837454, 0.0 ], [ -124.778953641478239, 48.613227762598058, 0.0 ], [ -124.779136735582213, 48.612235885451121, 0.0 ], [ -124.780944414270195, 48.611244060557254, 0.0 ], [ -124.783287597325312, 48.611137428743071, 0.0 ], [ -124.783615005799945, 48.61222074464159, 0.0 ], [ -124.782378492267313, 48.61370459503506, 0.0 ], [ -124.783127275869049, 48.615051223893857, 0.0 ], [ -124.782708035458626, 48.61732495036339, 0.0 ], [ -124.784919786784101, 48.619766161584295, 0.0 ], [ -124.78913163597997, 48.621780427437272, 0.0 ], [ -124.793907299202843, 48.623142307361, 0.0 ], [ -124.801956408198336, 48.630916486894257, 0.0 ], [ -124.808822166098281, 48.636108521673094, 0.0 ], [ -124.825950614945597, 48.645870326528616, 0.0 ], [ -124.838432737435696, 48.652076827055183, 0.0 ], [ -124.870345597185818, 48.661262417215063, 0.0 ], [ -124.872314620845785, 48.662300248760708, 0.0 ], [ -124.875762656116805, 48.665679827637312, 0.0 ], [ -124.882705859000751, 48.665664781377075, 0.0 ], [ -124.889281781521802, 48.667141021361871, 0.0 ], [ -124.902091983743063, 48.66873931371552, 0.0 ], [ -124.907852765553471, 48.670192756571524, 0.0 ], [ -124.910857881813101, 48.673515334999465, 0.0 ], [ -124.916527563105646, 48.674987907209278, 0.0 ], [ -124.919577794284038, 48.67778784578681, 0.0 ], [ -124.930656830205365, 48.68101120899523, 0.0 ], [ -124.942275900744391, 48.686061972932293, 0.0 ], [ -124.953064179013566, 48.688262855417406, 0.0 ], [ -124.958762334762241, 48.690883736940478, 0.0 ], [ -124.966590224976528, 48.693351828986614, 0.0 ], [ -124.978682884313201, 48.694240656375349, 0.0 ], [ -124.986275483732314, 48.69550711591279, 0.0 ], [ -124.997512057178611, 48.701286447191755, 0.0 ], [ -125.011345077980778, 48.704193169031257, 0.0 ], [ -125.023307264865053, 48.708267270701803, 0.0 ], [ -125.037949450235288, 48.709346898369546, 0.0 ], [ -125.044334168398592, 48.711666039335107, 0.0 ], [ -125.056862404321365, 48.712528142749029, 0.0 ], [ -125.070557149927225, 48.715225123870404, 0.0 ], [ -125.075240567586079, 48.714744487110551, 0.0 ], [ -125.079124108111884, 48.7158737544082, 0.0 ], [ -125.07989505416802, 48.714870339654894, 0.0 ], [ -125.079391273995157, 48.713230108707243, 0.0 ], [ -125.081047192676294, 48.71240998582433, 0.0 ], [ -125.086616638691311, 48.713001177535297, 0.0 ], [ -125.09140818709659, 48.714362985926869, 0.0 ], [ -125.103408978106458, 48.718948229930874, 0.0 ], [ -125.118965072248372, 48.726097033796528, 0.0 ], [ -125.124602694667445, 48.729877352635782, 0.0 ], [ -125.129401623668173, 48.735294474355989, 0.0 ], [ -125.133660145242956, 48.735847390944294, 0.0 ], [ -125.134498737588387, 48.737388664170268, 0.0 ], [ -125.131806220212752, 48.73894121359023, 0.0 ], [ -125.131537701883687, 48.740341185822516, 0.0 ], [ -125.134826455788343, 48.743823866861511, 0.0 ], [ -125.135749316052213, 48.748081103054119, 0.0 ], [ -125.13758050205621, 48.749465961434943, 0.0 ], [ -125.138832341456279, 48.74940879307308, 0.0 ], [ -125.140823275856732, 48.746707847716081, 0.0 ], [ -125.140616745307184, 48.745288846614038, 0.0 ], [ -125.139243933210352, 48.744174877642585, 0.0 ], [ -125.139260061455474, 48.743202151603406, 0.0 ], [ -125.143577062758354, 48.741989016971601, 0.0 ], [ -125.144974564723995, 48.740909697530356, 0.0 ], [ -125.144951092409755, 48.740055157902546, 0.0 ], [ -125.143105235300752, 48.738273654655245, 0.0 ], [ -125.143745932976501, 48.737937909779575, 0.0 ], [ -125.155517091823569, 48.739768875109547, 0.0 ], [ -125.157310544839703, 48.741001103800627, 0.0 ], [ -125.157935425074882, 48.743247884768444, 0.0 ], [ -125.159081016268345, 48.744090998352156, 0.0 ], [ -125.1622396502013, 48.741962393153891, 0.0 ], [ -125.164122690686924, 48.742465843548437, 0.0 ], [ -125.165031360987967, 48.744232318126528, 0.0 ], [ -125.165665340862546, 48.748664914110662, 0.0 ], [ -125.16247564997964, 48.75289920223809, 0.0 ], [ -125.157776434559395, 48.756278958519658, 0.0 ], [ -125.152916768892382, 48.75458898810286, 0.0 ], [ -125.150360652620719, 48.755336855883691, 0.0 ], [ -125.148055625178799, 48.757396732300215, 0.0 ], [ -125.147736386643729, 48.758525776286248, 0.0 ], [ -125.14870472777622, 48.761478447251548, 0.0 ], [ -125.151130897539616, 48.765121367424307, 0.0 ], [ -125.156227553952704, 48.766151487826612, 0.0 ], [ -125.173529824098821, 48.765728114929665, 0.0 ], [ -125.174751071438237, 48.767143308128617, 0.0 ], [ -125.172043511653968, 48.767795653410566, 0.0 ], [ -125.172027483613846, 48.768608169502052, 0.0 ], [ -125.181984354155887, 48.774112777640248, 0.0 ], [ -125.187583285655009, 48.775943779707461, 0.0 ], [ -125.190482650164867, 48.778362329244892, 0.0 ], [ -125.19175023461527, 48.778022898013674, 0.0 ], [ -125.193207486388062, 48.776527439490302, 0.0 ], [ -125.192725874359297, 48.772441754332341, 0.0 ], [ -125.193878708560732, 48.771358602842049, 0.0 ], [ -125.200829210328166, 48.772998699935236, 0.0 ], [ -125.205146353110891, 48.772243629691047, 0.0 ], [ -125.207496099542269, 48.77245701059374, 0.0 ], [ -125.209694408558207, 48.773799925426729, 0.0 ], [ -125.211128842062521, 48.776348079958765, 0.0 ], [ -125.213776156324897, 48.776855409518149, 0.0 ], [ -125.218482536282963, 48.776187950828003, 0.0 ], [ -125.215317319716462, 48.775070061865669, 0.0 ], [ -125.214767710178876, 48.7743262911209, 0.0 ], [ -125.216423233195187, 48.772701364170835, 0.0 ], [ -125.21872704631302, 48.772720222008665, 0.0 ], [ -125.220246101762967, 48.774086091462117, 0.0 ], [ -125.221413004552815, 48.777851234380847, 0.0 ], [ -125.224937863619402, 48.781993763016835, 0.0 ], [ -125.228707168647972, 48.785148532759884, 0.0 ], [ -125.228500646010218, 48.786243386275068, 0.0 ], [ -125.226020093542516, 48.787837998583811, 0.0 ], [ -125.228325002843704, 48.788764959010066, 0.0 ], [ -125.229438195087269, 48.789966441609153, 0.0 ], [ -125.22851589873072, 48.790687675123394, 0.0 ], [ -125.226379874833043, 48.790431841681084, 0.0 ], [ -125.225464700912198, 48.790923977430552, 0.0 ], [ -125.227484969837249, 48.79284670899537, 0.0 ], [ -125.227356787576483, 48.794235122524043, 0.0 ], [ -125.226531397199039, 48.794944651042357, 0.0 ], [ -125.214050695580397, 48.797981238260562, 0.0 ], [ -125.209777379984772, 48.799835265929055, 0.0 ], [ -125.197897922681335, 48.807089017084074, 0.0 ], [ -125.12828007325534, 48.806880839577211, 0.0 ], [ -125.128214666047526, 48.797649190312406, 0.0 ], [ -125.125842004718336, 48.797538988709263, 0.0 ], [ -125.117255002928573, 48.793206318501547, 0.0 ], [ -125.117221798783262, 48.799500388562876, 0.0 ], [ -125.114911208633359, 48.799525475238106, 0.0 ], [ -125.110373711298564, 48.796422367171544, 0.0 ], [ -125.109346916718522, 48.796939884700592, 0.0 ], [ -125.10871451807914, 48.798734740790678, 0.0 ], [ -125.106257613678196, 48.799619018209995, 0.0 ], [ -125.106508534415696, 48.785556334301056, 0.0 ], [ -125.116674701265552, 48.778900468933493, 0.0 ], [ -125.121072373943761, 48.772426211828744, 0.0 ], [ -125.120762821584336, 48.765189613473154, 0.0 ], [ -125.109913654183828, 48.765226284137505, 0.0 ], [ -125.109113600245465, 48.750806004264689, 0.0 ], [ -125.08655436449861, 48.736485469674946, 0.0 ], [ -125.05341486873013, 48.736715030482813, 0.0 ], [ -125.031473606515448, 48.729064383726026, 0.0 ], [ -125.025497336418383, 48.726005160039662, 0.0 ], [ -125.019960838141458, 48.726049324362045, 0.0 ], [ -124.969696694796482, 48.71126609010534, 0.0 ], [ -124.912528928716029, 48.711499258675289, 0.0 ], [ -124.911846880836308, 48.712155345803872, 0.0 ], [ -124.911923537136076, 48.713101725941868, 0.0 ], [ -124.905167858243104, 48.716488473117906, 0.0 ], [ -124.904891117637163, 48.717320749291297, 0.0 ], [ -124.906744178076551, 48.718864509570864, 0.0 ], [ -124.900787808576609, 48.720559368582933, 0.0 ], [ -124.896312396408248, 48.723840947959992, 0.0 ], [ -124.894729528646067, 48.72405593066339, 0.0 ], [ -124.895097080271157, 48.727684547205712, 0.0 ], [ -124.89803255869613, 48.730524143943697, 0.0 ], [ -124.893391718191609, 48.730394598118878, 0.0 ], [ -124.887802366515317, 48.733706135842127, 0.0 ], [ -124.884266365721061, 48.733710057114337, 0.0 ], [ -124.87928394165958, 48.741245671464995, 0.0 ], [ -124.877410702997523, 48.742080918939465, 0.0 ], [ -124.877402019419137, 48.743673468720402, 0.0 ], [ -124.875172467851314, 48.744644428749886, 0.0 ], [ -124.874571797963711, 48.746781410192426, 0.0 ], [ -124.862862129621206, 48.749408449186738, 0.0 ], [ -124.860494337806315, 48.754386851766412, 0.0 ], [ -124.854334295079525, 48.756453426867637, 0.0 ], [ -124.850387316415933, 48.758523132597794, 0.0 ], [ -124.843397391235413, 48.765328658436083, 0.0 ], [ -124.842352677656905, 48.764547675285364, 0.0 ], [ -124.838712654853168, 48.764494862118575, 0.0 ], [ -124.834229425165049, 48.765328040243332, 0.0 ], [ -124.830972560290405, 48.764960006451567, 0.0 ], [ -124.826696135806102, 48.765621654983576, 0.0 ], [ -124.821741415041657, 48.767850292781162, 0.0 ], [ -124.821733731203523, 48.768390210673971, 0.0 ], [ -124.818946360336895, 48.769216944488427, 0.0 ], [ -124.817125941854755, 48.773833919663772, 0.0 ], [ -124.811334014478376, 48.7747707965204, 0.0 ], [ -124.806353439286383, 48.774426153317414, 0.0 ], [ -124.800044846024818, 48.776908968597326, 0.0 ], [ -124.799232222527039, 48.777785333590337, 0.0 ], [ -124.79797290972725, 48.781781457740401, 0.0 ], [ -124.792840943926933, 48.782554159799645, 0.0 ], [ -124.792488859275466, 48.783328343599976, 0.0 ], [ -124.787744213809617, 48.785089402687838, 0.0 ], [ -124.787697164399461, 48.789129573299512, 0.0 ], [ -124.788682611219201, 48.790805624077016, 0.0 ], [ -124.785627653488604, 48.791815628041235, 0.0 ], [ -124.784604565506598, 48.793297909816658, 0.0 ], [ -124.781517637476554, 48.795333911784574, 0.0 ], [ -124.776548805627982, 48.797686740769372, 0.0 ], [ -124.773410867696455, 48.798292855409748, 0.0 ], [ -124.769839390920239, 48.800770823970986, 0.0 ], [ -124.765948092316833, 48.802123019469605, 0.0 ], [ -124.76387042303169, 48.803891155610202, 0.0 ], [ -124.753217608983547, 48.801867581629637, 0.0 ], [ -124.745728837881387, 48.793309268247874, 0.0 ], [ -124.745526234698389, 48.785088942016358, 0.0 ], [ -124.748799183983394, 48.783680836498284, 0.0 ], [ -124.748807185029676, 48.782736089497256, 0.0 ], [ -124.750268911931016, 48.782360032141916, 0.0 ] ], [ [ -124.811299453820084, 48.662838953910878, 0.0 ], [ -124.815545001378311, 48.66197699523417, 0.0 ], [ -124.811404538867919, 48.658945852089367, 0.0 ], [ -124.811299453820084, 48.662838953910878, 0.0 ] ], [ [ -124.784090715519653, 48.671978881448069, 0.0 ], [ -124.783983842479415, 48.668952224065819, 0.0 ], [ -124.780692653134224, 48.669703219651254, 0.0 ], [ -124.777838174806433, 48.672075569048729, 0.0 ], [ -124.784090715519653, 48.671978881448069, 0.0 ] ], [ [ -125.121384943499237, 48.744532969221645, 0.0 ], [ -125.121332736820207, 48.75172512367763, 0.0 ], [ -125.128495000628661, 48.751748993979355, 0.0 ], [ -125.127529996358376, 48.751469990085056, 0.0 ], [ -125.127222000224634, 48.750639993155616, 0.0 ], [ -125.129592001711799, 48.747779990080481, 0.0 ], [ -125.126968999795054, 48.746873992828228, 0.0 ], [ -125.124488997298741, 48.744536995168552, 0.0 ], [ -125.121384943499237, 48.744532969221645, 0.0 ] ], [ [ -124.701351365588863, 48.590720805986869, 0.0 ], [ -124.698213993655216, 48.589857992582317, 0.0 ], [ -124.693203680558952, 48.5906589474518, 0.0 ], [ -124.693248683518931, 48.59581701167162, 0.0 ], [ -124.701397805623344, 48.595710250722327, 0.0 ], [ -124.701351365588863, 48.590720805986869, 0.0 ] ], [ [ -125.153022997605447, 48.776493995429689, 0.0 ], [ -125.148932086351778, 48.776624893475066, 0.0 ], [ -125.149033802015126, 48.778446130552481, 0.0 ], [ -125.164921250763499, 48.778530844736949, 0.0 ], [ -125.165933006800358, 48.777619991097687, 0.0 ], [ -125.164038001329232, 48.776907997442379, 0.0 ], [ -125.160007006631147, 48.77685799235627, 0.0 ], [ -125.158578005653354, 48.774663996226195, 0.0 ], [ -125.15926400322968, 48.773498990326317, 0.0 ], [ -125.160718997273946, 48.772822989357614, 0.0 ], [ -125.160523998775375, 48.771458993772455, 0.0 ], [ -125.159879001162835, 48.771002995450829, 0.0 ], [ -125.159164998072541, 48.771538994445898, 0.0 ], [ -125.157749997596397, 48.770871994690928, 0.0 ], [ -125.156113996821745, 48.771163996028505, 0.0 ], [ -125.155254998403052, 48.770172996445673, 0.0 ], [ -125.155239998686284, 48.772691995673298, 0.0 ], [ -125.156376993305898, 48.773795988969098, 0.0 ], [ -125.156272996317909, 48.774543992980149, 0.0 ], [ -125.153022997605447, 48.776493995429689, 0.0 ] ], [ [ -124.852271792314554, 48.675139445555487, 0.0 ], [ -124.852332316557693, 48.673969390298247, 0.0 ], [ -124.851360566313232, 48.673610509412242, 0.0 ], [ -124.852075592952545, 48.672987086215272, 0.0 ], [ -124.850268675521406, 48.672984092101473, 0.0 ], [ -124.850643908266619, 48.671932301273806, 0.0 ], [ -124.851495658484481, 48.6720282422826, 0.0 ], [ -124.851779512696154, 48.671306704467661, 0.0 ], [ -124.850331001795155, 48.670634995623892, 0.0 ], [ -124.850074994421092, 48.669596991465468, 0.0 ], [ -124.849386994835626, 48.669337995954869, 0.0 ], [ -124.849818571385512, 48.668040272974963, 0.0 ], [ -124.841242166444303, 48.668034789810648, 0.0 ], [ -124.841234138764491, 48.675272226885305, 0.0 ], [ -124.852271792314554, 48.675139445555487, 0.0 ] ], [ [ -124.885163174027795, 48.712557550944872, 0.0 ], [ -124.887494980362959, 48.710783547959515, 0.0 ], [ -124.885760242489908, 48.710953642397861, 0.0 ], [ -124.886463394446181, 48.71000332976682, 0.0 ], [ -124.891780402172671, 48.70718462841279, 0.0 ], [ -124.889904504154188, 48.70504297571955, 0.0 ], [ -124.890614443247472, 48.704074780230279, 0.0 ], [ -124.879790474717026, 48.704068250224978, 0.0 ], [ -124.879786662345595, 48.706266241879305, 0.0 ], [ -124.883311698616126, 48.705199789388509, 0.0 ], [ -124.883630682272411, 48.705549849121248, 0.0 ], [ -124.882491203043045, 48.707676510500271, 0.0 ], [ -124.878795611270888, 48.709070640399972, 0.0 ], [ -124.87764112984317, 48.711247460719349, 0.0 ], [ -124.880553345503245, 48.712402685428174, 0.0 ], [ -124.884478558230896, 48.711948373301844, 0.0 ], [ -124.885163174027795, 48.712557550944872, 0.0 ] ], [ [ -124.746957749535753, 48.619821433017968, 0.0 ], [ -124.746793996128162, 48.612757996871977, 0.0 ], [ -124.745125003561498, 48.61351099522323, 0.0 ], [ -124.741757003784684, 48.613480989902591, 0.0 ], [ -124.735782003856471, 48.611190329943433, 0.0 ], [ -124.736041363549859, 48.619945180253346, 0.0 ], [ -124.746957749535753, 48.619821433017968, 0.0 ] ], [ [ -124.857970343983482, 48.693900073751756, 0.0 ], [ -124.85800021969898, 48.684910542086378, 0.0 ], [ -124.855273287609876, 48.684910258625173, 0.0 ], [ -124.85153483183683, 48.690028678322044, 0.0 ], [ -124.849240988966073, 48.690421209154053, 0.0 ], [ -124.847740483000877, 48.689502932950582, 0.0 ], [ -124.844325175624022, 48.690272324681381, 0.0 ], [ -124.841747198160874, 48.692198155532374, 0.0 ], [ -124.841726981975441, 48.693849738584262, 0.0 ], [ -124.857970343983482, 48.693900073751756, 0.0 ] ], [ [ -124.885291503278168, 48.675789148930363, 0.0 ], [ -124.882419005304115, 48.675143995187064, 0.0 ], [ -124.881806002160758, 48.676522997217759, 0.0 ], [ -124.879740996524148, 48.676879989641058, 0.0 ], [ -124.876351003181483, 48.675953992432255, 0.0 ], [ -124.870901005119521, 48.676267996367919, 0.0 ], [ -124.869013823800842, 48.675243137048703, 0.0 ], [ -124.869015307643011, 48.683363250368501, 0.0 ], [ -124.885310289499401, 48.683365832467473, 0.0 ], [ -124.885291503278168, 48.675789148930363, 0.0 ] ], [ [ -124.816993791876527, 48.672153955134625, 0.0 ], [ -124.827523816958958, 48.672305383513844, 0.0 ], [ -124.828125563430561, 48.671608973126908, 0.0 ], [ -124.828105960387447, 48.659103204086755, 0.0 ], [ -124.825391997197727, 48.659381989546191, 0.0 ], [ -124.825552000553458, 48.661152994971943, 0.0 ], [ -124.823702994952754, 48.661847991399512, 0.0 ], [ -124.822056995993833, 48.66065999050803, 0.0 ], [ -124.81975200238108, 48.660749996919819, 0.0 ], [ -124.819246999589879, 48.661422992707521, 0.0 ], [ -124.819438001358904, 48.6630039906699, 0.0 ], [ -124.817058644643467, 48.663165625363945, 0.0 ], [ -124.816993791876527, 48.672153955134625, 0.0 ] ], [ [ -125.183844534554026, 48.786515258404123, 0.0 ], [ -125.178472422746623, 48.787874203627567, 0.0 ], [ -125.178459197628072, 48.788544986572717, 0.0 ], [ -125.183887433785671, 48.788572979564115, 0.0 ], [ -125.183844534554026, 48.786515258404123, 0.0 ] ] ], [ [ [ -125.8108746612305, 49.122703493565794, 0.0 ], [ -125.805378996755636, 49.11915399742103, 0.0 ], [ -125.804410995717774, 49.117531989723787, 0.0 ], [ -125.781289000694983, 49.117532992294038, 0.0 ], [ -125.781617003003689, 49.119018991377239, 0.0 ], [ -125.780955999273004, 49.119691992871097, 0.0 ], [ -125.77475800601448, 49.122342994857867, 0.0 ], [ -125.772154999063147, 49.122350991229695, 0.0 ], [ -125.770404993390159, 49.121448997643711, 0.0 ], [ -125.768208996949753, 49.121905989711692, 0.0 ], [ -125.767630001200047, 49.121361997196942, 0.0 ], [ -125.768175997486296, 49.120331994344951, 0.0 ], [ -125.765482004917075, 49.119964990166196, 0.0 ], [ -125.763444002741636, 49.121245997267032, 0.0 ], [ -125.761889997808908, 49.121176991041146, 0.0 ], [ -125.753997004610341, 49.118502995269196, 0.0 ], [ -125.752647998323766, 49.117383990440331, 0.0 ], [ -125.753804005994425, 49.11599799350568, 0.0 ], [ -125.753306553963014, 49.115456769567352, 0.0 ], [ -125.764251395624512, 49.115403420339781, 0.0 ], [ -125.764239633145593, 49.111477678074024, 0.0 ], [ -125.76330919863517, 49.109471691419863, 0.0 ], [ -125.76268035902595, 49.110879312237195, 0.0 ], [ -125.757133388049908, 49.1122022464656, 0.0 ], [ -125.754624796901496, 49.112083641833074, 0.0 ], [ -125.75209705216156, 49.11358413361188, 0.0 ], [ -125.756560923654433, 49.109100330491671, 0.0 ], [ -125.75165573896841, 49.107921662644856, 0.0 ], [ -125.747955593027413, 49.108627312509093, 0.0 ], [ -125.737808219786558, 49.106735119235921, 0.0 ], [ -125.735740332284749, 49.107719457366244, 0.0 ], [ -125.733794856118607, 49.107765297984244, 0.0 ], [ -125.730277797176072, 49.106044717114209, 0.0 ], [ -125.724784861735031, 49.107120632255764, 0.0 ], [ -125.721862726452628, 49.104343547264882, 0.0 ], [ -125.719337636204415, 49.104259624100955, 0.0 ], [ -125.716606110739647, 49.102271978532741, 0.0 ], [ -125.714905004675416, 49.101818218705006, 0.0 ], [ -125.71420273344134, 49.099510089622513, 0.0 ], [ -125.713294858644943, 49.098811969864457, 0.0 ], [ -125.708999565674603, 49.099288807652137, 0.0 ], [ -125.705075065263102, 49.098577922182933, 0.0 ], [ -125.705360112932098, 49.064342279854863, 0.0 ], [ -125.69824361784147, 49.064327531032191, 0.0 ], [ -125.698241569039027, 49.057118979503905, 0.0 ], [ -125.687183331027626, 49.057114014414871, 0.0 ], [ -125.687143876082004, 49.049807108633409, 0.0 ], [ -125.665088113444213, 49.049859890848822, 0.0 ], [ -125.664953926851737, 49.042609884086232, 0.0 ], [ -125.64280105713236, 49.042646388909532, 0.0 ], [ -125.642768847854157, 49.035393323594292, 0.0 ], [ -125.637138245860314, 49.035319276545863, 0.0 ], [ -125.637308035828511, 49.028033187725292, 0.0 ], [ -125.626168759354996, 49.028039319316633, 0.0 ], [ -125.626155424950738, 49.020807847651064, 0.0 ], [ -125.609607553024972, 49.020820963069468, 0.0 ], [ -125.60965736670957, 49.013817795411597, 0.0 ], [ -125.598772553963087, 49.013720311872703, 0.0 ], [ -125.598433428397954, 48.973836712974531, 0.0 ], [ -125.650161452144602, 48.974586477805239, 0.0 ], [ -125.656349082170323, 48.978141684466465, 0.0 ], [ -125.661674220292625, 48.982467574505364, 0.0 ], [ -125.679329140786393, 48.993202321547791, 0.0 ], [ -125.685966265334969, 48.996063199402897, 0.0 ], [ -125.695877046331603, 48.999099825994342, 0.0 ], [ -125.702957567420427, 49.002956335116579, 0.0 ], [ -125.707489365668849, 49.007854348474723, 0.0 ], [ -125.711959649291515, 49.009876186956745, 0.0 ], [ -125.715759265520688, 49.013080591020085, 0.0 ], [ -125.729942382164367, 49.022457102002747, 0.0 ], [ -125.74281302845057, 49.029071778615553, 0.0 ], [ -125.748908640178172, 49.034129961293942, 0.0 ], [ -125.761215044967003, 49.03603348818752, 0.0 ], [ -125.762939621824074, 49.03753267088269, 0.0 ], [ -125.763824622442939, 49.040973794847147, 0.0 ], [ -125.76496087157031, 49.042701773214006, 0.0 ], [ -125.773925716199528, 49.042984073509707, 0.0 ], [ -125.779495562735136, 49.045108826316969, 0.0 ], [ -125.781898703098747, 49.04504395896268, 0.0 ], [ -125.785514577961578, 49.042888547675766, 0.0 ], [ -125.787444872166162, 49.042942180143314, 0.0 ], [ -125.797561304480411, 49.046668987329895, 0.0 ], [ -125.80339835881999, 49.046741435043906, 0.0 ], [ -125.810813665131377, 49.049713058101275, 0.0 ], [ -125.813507140764443, 49.049056899369013, 0.0 ], [ -125.816513024333773, 49.049503217784022, 0.0 ], [ -125.819579711074198, 49.05301278432048, 0.0 ], [ -125.821647240004737, 49.053924678029553, 0.0 ], [ -125.827911722247777, 49.055301641088477, 0.0 ], [ -125.845169477412014, 49.061100080117974, 0.0 ], [ -125.848793396016916, 49.062000165648996, 0.0 ], [ -125.857399329703398, 49.062301708983412, 0.0 ], [ -125.862777486997601, 49.06545627808265, 0.0 ], [ -125.865425382334408, 49.067928316395552, 0.0 ], [ -125.867462005641286, 49.071243251086472, 0.0 ], [ -125.86960636036352, 49.072807254168389, 0.0 ], [ -125.878013214220772, 49.07424937583, 0.0 ], [ -125.883956724196523, 49.076576357988117, 0.0 ], [ -125.887443751464843, 49.078712532022259, 0.0 ], [ -125.905647353399942, 49.091270380290965, 0.0 ], [ -125.907478431502454, 49.09458931163519, 0.0 ], [ -125.907791091370257, 49.097278719907436, 0.0 ], [ -125.858572727378743, 49.09727842164267, 0.0 ], [ -125.85855545481931, 49.095457506228513, 0.0 ], [ -125.855787103183488, 49.095460122448827, 0.0 ], [ -125.855823460225196, 49.088227447842847, 0.0 ], [ -125.839194036677625, 49.088278990833857, 0.0 ], [ -125.839177958106305, 49.099262681112833, 0.0 ], [ -125.838121002844218, 49.098659990865052, 0.0 ], [ -125.837895004396188, 49.097558993530285, 0.0 ], [ -125.837106005404493, 49.098629993483442, 0.0 ], [ -125.835797000946485, 49.09804199446333, 0.0 ], [ -125.834380999180027, 49.098670996211304, 0.0 ], [ -125.832757999497801, 49.097351990177636, 0.0 ], [ -125.832619999774167, 49.099036991990552, 0.0 ], [ -125.831633003298236, 49.098512989888405, 0.0 ], [ -125.830082006691072, 49.099701993746187, 0.0 ], [ -125.827615000385407, 49.099438993774072, 0.0 ], [ -125.82816000556069, 49.100361997448076, 0.0 ], [ -125.82773199790816, 49.101252997742606, 0.0 ], [ -125.825397993176551, 49.100221994419712, 0.0 ], [ -125.825006003165271, 49.101014990778935, 0.0 ], [ -125.826276997902283, 49.102152991014769, 0.0 ], [ -125.824918996425126, 49.102644990327981, 0.0 ], [ -125.822856998108492, 49.101768988913079, 0.0 ], [ -125.823560006730446, 49.099456994604921, 0.0 ], [ -125.823188001823624, 49.098422992208398, 0.0 ], [ -125.822362005519011, 49.100799996630627, 0.0 ], [ -125.820303998156291, 49.102181996179574, 0.0 ], [ -125.820194005920072, 49.103138994735033, 0.0 ], [ -125.818419994534807, 49.102299992654942, 0.0 ], [ -125.817706002649913, 49.102776989262225, 0.0 ], [ -125.816174006654933, 49.102355997341938, 0.0 ], [ -125.81830299390883, 49.103156990352076, 0.0 ], [ -125.81827400333411, 49.103869993093156, 0.0 ], [ -125.820199001425351, 49.105909996969444, 0.0 ], [ -125.821163994190201, 49.10624699741895, 0.0 ], [ -125.821503996142013, 49.105697991670915, 0.0 ], [ -125.823821002525079, 49.10669399739939, 0.0 ], [ -125.823996999866992, 49.10932599271429, 0.0 ], [ -125.821302995208384, 49.108932995190735, 0.0 ], [ -125.821649003373764, 49.109238991800602, 0.0 ], [ -125.824135996611261, 49.110554992734762, 0.0 ], [ -125.827460999035722, 49.110958996192664, 0.0 ], [ -125.831208003613725, 49.112954992454625, 0.0 ], [ -125.831964999256229, 49.114006991234362, 0.0 ], [ -125.834529993809042, 49.114275994342684, 0.0 ], [ -125.834708998813099, 49.115494995151408, 0.0 ], [ -125.833688003692643, 49.116095996429614, 0.0 ], [ -125.835589999613092, 49.116283990926689, 0.0 ], [ -125.837329999538227, 49.11770699198501, 0.0 ], [ -125.83517999835243, 49.119172990383987, 0.0 ], [ -125.836339005743383, 49.120754992514364, 0.0 ], [ -125.835438993227086, 49.121298991506229, 0.0 ], [ -125.835537993453755, 49.122106991086852, 0.0 ], [ -125.831183995367951, 49.122662993309483, 0.0 ], [ -125.827927999461991, 49.121573990586008, 0.0 ], [ -125.825752516137115, 49.122993608242197, 0.0 ], [ -125.8108746612305, 49.122703493565794, 0.0 ] ], [ [ -125.675253671792106, 49.01167341543843, 0.0 ], [ -125.676731885138622, 49.010722388466036, 0.0 ], [ -125.675650630834014, 49.009887227953307, 0.0 ], [ -125.672578713492797, 49.009833892314688, 0.0 ], [ -125.672492421835599, 49.011641518230398, 0.0 ], [ -125.675253671792106, 49.01167341543843, 0.0 ] ], [ [ -125.726293192915904, 49.09061077508342, 0.0 ], [ -125.724356584764564, 49.091384947610265, 0.0 ], [ -125.720492424466045, 49.090718611083865, 0.0 ], [ -125.720531255569995, 49.093210033168539, 0.0 ], [ -125.725510963424952, 49.093176451063435, 0.0 ], [ -125.726293192915904, 49.09061077508342, 0.0 ] ], [ [ -125.666854421189527, 48.99478886348335, 0.0 ], [ -125.664871424177392, 48.995847390241551, 0.0 ], [ -125.665737816464656, 48.99691731353257, 0.0 ], [ -125.664302041750162, 48.997750879390431, 0.0 ], [ -125.663367976549139, 48.996934071357146, 0.0 ], [ -125.661897831172595, 48.996768741878221, 0.0 ], [ -125.66071947633327, 48.997606906527203, 0.0 ], [ -125.660403078360233, 48.9963063892801, 0.0 ], [ -125.65950204760388, 48.997413153103906, 0.0 ], [ -125.658440987182857, 48.997243149219813, 0.0 ], [ -125.657704284561945, 48.9978999098673, 0.0 ], [ -125.658846618353124, 48.999237914170827, 0.0 ], [ -125.667045175939549, 48.999365613158275, 0.0 ], [ -125.666854421189527, 48.99478886348335, 0.0 ] ], [ [ -125.781656353443111, 49.071021398377049, 0.0 ], [ -125.778212520925763, 49.072510870187813, 0.0 ], [ -125.781525510686336, 49.072554853344357, 0.0 ], [ -125.78626528673739, 49.07519509791598, 0.0 ], [ -125.785855469655161, 49.075433507366412, 0.0 ], [ -125.788990345840432, 49.078144779994368, 0.0 ], [ -125.78931673266942, 49.080731442559291, 0.0 ], [ -125.790207468452294, 49.081656748357297, 0.0 ], [ -125.797335247877811, 49.0819322387513, 0.0 ], [ -125.797336019275491, 49.071141680326463, 0.0 ], [ -125.788764432601781, 49.068975835286885, 0.0 ], [ -125.788762715026792, 49.073741698848572, 0.0 ], [ -125.786521658346643, 49.07504597573601, 0.0 ], [ -125.783715958999778, 49.073424270086598, 0.0 ], [ -125.783840331134854, 49.068931430319594, 0.0 ], [ -125.781656353443111, 49.071021398377049, 0.0 ] ], [ [ -125.787733097425146, 49.093858406524099, 0.0 ], [ -125.788260400114794, 49.078579273700988, 0.0 ], [ -125.781307343412948, 49.072791772235831, 0.0 ], [ -125.768736961263954, 49.073131896533852, 0.0 ], [ -125.756018808592415, 49.072271707822637, 0.0 ], [ -125.756045767532427, 49.082995306466856, 0.0 ], [ -125.772651138675783, 49.082985391429212, 0.0 ], [ -125.772593399528546, 49.093861002351311, 0.0 ], [ -125.787733097425146, 49.093858406524099, 0.0 ] ], [ [ -125.720489659553067, 49.090541176084407, 0.0 ], [ -125.724725355486342, 49.091169133263193, 0.0 ], [ -125.725983001373422, 49.089555302301193, 0.0 ], [ -125.720474877999408, 49.089592448530382, 0.0 ], [ -125.720489659553067, 49.090541176084407, 0.0 ] ] ], [ [ [ -125.328147090816003, 48.962535774937145, 0.0 ], [ -125.213250027758505, 48.92624669650926, 0.0 ], [ -125.314423168874981, 48.83700950414196, 0.0 ], [ -125.394973688283798, 48.86261354888159, 0.0 ], [ -125.39532433787187, 48.905296247402156, 0.0 ], [ -125.328147090816003, 48.962535774937145, 0.0 ] ], [ [ -125.298861501338124, 48.873724557205279, 0.0 ], [ -125.29879214927476, 48.870108436517413, 0.0 ], [ -125.292606169599807, 48.870159882432887, 0.0 ], [ -125.293770320224368, 48.871793473587687, 0.0 ], [ -125.296055639504402, 48.872842953245737, 0.0 ], [ -125.296120508720307, 48.873747402971794, 0.0 ], [ -125.298861501338124, 48.873724557205279, 0.0 ] ], [ [ -125.243854161410397, 48.931770619241249, 0.0 ], [ -125.244171423881099, 48.927763531879862, 0.0 ], [ -125.248745581624647, 48.927965550016445, 0.0 ], [ -125.248169990922051, 48.927744939430596, 0.0 ], [ -125.252519103582856, 48.927148354889582, 0.0 ], [ -125.254827643492334, 48.925818477811518, 0.0 ], [ -125.253704051969251, 48.924646616171621, 0.0 ], [ -125.250393887966951, 48.924587718399039, 0.0 ], [ -125.248983545762002, 48.925958509205863, 0.0 ], [ -125.2454864405764, 48.925562348073761, 0.0 ], [ -125.243484806799245, 48.927600501729614, 0.0 ], [ -125.240393862248681, 48.927591066847071, 0.0 ], [ -125.238472969721187, 48.928559492290773, 0.0 ], [ -125.240756854909094, 48.931046311608043, 0.0 ], [ -125.243854161410397, 48.931770619241249, 0.0 ] ], [ [ -125.290829780948883, 48.910504197300611, 0.0 ], [ -125.289357797916708, 48.91021922854295, 0.0 ], [ -125.28498727242318, 48.912257870782675, 0.0 ], [ -125.289047878294312, 48.912919982582011, 0.0 ], [ -125.291046990576504, 48.911147343827629, 0.0 ], [ -125.290829780948883, 48.910504197300611, 0.0 ] ] ], [ [ [ -125.539019858857998, 49.031501557763569, 0.0 ], [ -125.53954417278689, 49.029050756879215, 0.0 ], [ -125.540847215386364, 49.026951762074496, 0.0 ], [ -125.555141372897438, 49.027010742604347, 0.0 ], [ -125.555138680862171, 49.030632787553458, 0.0 ], [ -125.577190720613146, 49.030664026696599, 0.0 ], [ -125.577133377316542, 49.044273277928184, 0.0 ], [ -125.538315043660504, 49.04262540813216, 0.0 ], [ -125.53839494491703, 49.036641992969102, 0.0 ], [ -125.541886069620716, 49.035288138890188, 0.0 ], [ -125.539019858857998, 49.031501557763569, 0.0 ] ] ], [ [ [ -124.395337624156326, 48.579615448069973, 0.0 ], [ -124.390408338268188, 48.578438640459865, 0.0 ], [ -124.389751277899393, 48.574805701257198, 0.0 ], [ -124.387027483607568, 48.573508714100917, 0.0 ], [ -124.387003283906367, 48.570009183419266, 0.0 ], [ -124.389319286204682, 48.568183331658538, 0.0 ], [ -124.393400677003712, 48.566683803717808, 0.0 ], [ -124.400370309825988, 48.566524881640618, 0.0 ], [ -124.402070015461959, 48.570567130373945, 0.0 ], [ -124.395337624156326, 48.579615448069973, 0.0 ] ] ], [ [ [ -124.3961603104771, 48.578905284842506, 0.0 ], [ -124.401418318271396, 48.571888623052352, 0.0 ], [ -124.401618444335512, 48.577666803279492, 0.0 ], [ -124.399554931018884, 48.577660014152755, 0.0 ], [ -124.399565245381481, 48.57967579447309, 0.0 ], [ -124.3961603104771, 48.578905284842506, 0.0 ] ] ], [ [ [ -125.144584906243779, 48.812311759542411, 0.0 ], [ -125.150010639519877, 48.812254388649649, 0.0 ], [ -125.150017415547808, 48.814035601993815, 0.0 ], [ -125.144608483332405, 48.814115401270996, 0.0 ], [ -125.144584906243779, 48.812311759542411, 0.0 ] ] ], [ [ [ -124.39556446018004, 48.580807509889809, 0.0 ], [ -124.390528088051084, 48.580527466501991, 0.0 ], [ -124.389477637342281, 48.579437969026934, 0.0 ], [ -124.390547612487353, 48.578743626296777, 0.0 ], [ -124.395673011903, 48.580084116122244, 0.0 ], [ -124.39556446018004, 48.580807509889809, 0.0 ] ] ], [ [ [ -125.149853209755037, 48.815628314482602, 0.0 ], [ -125.147443361899718, 48.815327470089947, 0.0 ], [ -125.147460743031573, 48.81425325013597, 0.0 ], [ -125.150118921736734, 48.814214142254784, 0.0 ], [ -125.149853209755037, 48.815628314482602, 0.0 ] ] ], [ [ [ -124.401597354898357, 48.566539421023741, 0.0 ], [ -124.402573704822387, 48.56765612332913, 0.0 ], [ -124.401259964096852, 48.56804968656899, 0.0 ], [ -124.400654985821845, 48.566537567019168, 0.0 ], [ -124.401597354898357, 48.566539421023741, 0.0 ] ] ], [ [ [ -124.398007510546606, 48.580203460548773, 0.0 ], [ -124.396993637051679, 48.579958996965473, 0.0 ], [ -124.395667517056225, 48.579754951076637, 0.0 ], [ -124.398052812231668, 48.579666298863941, 0.0 ], [ -124.398007510546606, 48.580203460548773, 0.0 ] ] ], [ [ [ -124.401549666432572, 48.568556058711927, 0.0 ], [ -124.402870056910203, 48.568160609338406, 0.0 ], [ -124.403318254644589, 48.56869685486636, 0.0 ], [ -124.401938978135576, 48.569146271797884, 0.0 ], [ -124.401549666432572, 48.568556058711927, 0.0 ] ] ], [ [ [ -124.39606666266701, 48.580136235667716, 0.0 ], [ -124.396819592613738, 48.580252181082521, 0.0 ], [ -124.397087968721905, 48.580363048506825, 0.0 ], [ -124.396092275261708, 48.580946376277602, 0.0 ], [ -124.39606666266701, 48.580136235667716, 0.0 ] ] ] ] } },
{ "type": "Feature", "properties": { "name": "Southern Gulf Islands National Park Reserve Of Canada", "kind": "National" }, "geometry": { "type": "MultiPolygon", "coordinates": [ [ [ [ -123.358249995708903, 48.725413991501043, 0.0 ], [ -123.356420996707897, 48.724384995441802, 0.0 ], [ -123.358833002596455, 48.725096992280079, 0.0 ], [ -123.358249995708903, 48.725413991501043, 0.0 ] ] ], [ [ [ -123.359211997806895, 48.725086993743716, 0.0 ], [ -123.359718004948249, 48.725220989681205, 0.0 ], [ -123.359883002801794, 48.725497996293342, 0.0 ], [ -123.358972996760187, 48.725771989166432, 0.0 ], [ -123.359211997806895, 48.725086993743716, 0.0 ] ] ], [ [ [ -123.359724997591499, 48.72451899643967, 0.0 ], [ -123.360569005249289, 48.724696991918883, 0.0 ], [ -123.360612000636181, 48.724794991009304, 0.0 ], [ -123.360205000990689, 48.724931990458799, 0.0 ], [ -123.359724997591499, 48.72451899643967, 0.0 ] ] ], [ [ [ -123.35764400551389, 48.724281997146377, 0.0 ], [ -123.357929003483022, 48.724181995629806, 0.0 ], [ -123.357997002241717, 48.724280994345705, 0.0 ], [ -123.35764400551389, 48.724281997146377, 0.0 ] ] ] ] } },
{ "type": "Feature", "properties": { "name": "Discovery Island Marine Park", "kind": "Provincial" }, "geometry": { "type": "Polygon", "coordinates": [ [ [ -123.242684343043891, 48.422207429246626 ], [ -123.242849511353967, 48.422845868345057 ], [ -123.244551042992313, 48.422473339157087 ], [ -123.245329541106159, 48.423875175931954 ], [ -123.246207976812158, 48.42390931418705 ], [ -123.246488180517801, 48.423296835831238 ], [ -123.247969310142636, 48.424049357539822 ], [ -123.235860113903428, 48.427682473124023 ], [ -123.229000016829602, 48.426266894119628 ], [ -123.227199667555055, 48.424143504026702 ], [ -123.226324856873021, 48.424133374460894 ], [ -123.226324856454966, 48.423473538212512 ], [ -123.225069288258055, 48.42347352365347 ], [ -123.225305398660069, 48.422620538021739 ], [ -123.226927447346654, 48.422599343064796 ], [ -123.227694737581174, 48.42196810886086 ], [ -123.229061961479616, 48.422640016475832 ], [ -123.229654960207782, 48.422306062054808 ], [ -123.230998189792118, 48.423446030018582 ], [ -123.235228462307447, 48.423239524696619 ], [ -123.236718330606749, 48.423893120563783 ], [ -123.237298100237652, 48.423496206515246 ], [ -123.236793482949679, 48.422462490210826 ], [ -123.239169151574075, 48.421809999647344 ], [ -123.237158626485126, 48.419762954768856 ], [ -123.238886747467333, 48.419309462501388 ], [ -123.241120919860904, 48.420096568759767 ], [ -123.242294290108475, 48.419554163468554 ], [ -123.242327553345788, 48.420921669499172 ], [ -123.244399258010802, 48.421546925947418 ], [ -123.242684343043891, 48.422207429246626 ] ] ] } },
{ "type": "Feature", "properties": { "name": "Main Lake Park", "kind": "Provincial" }, "geometry": { "type": "Polygon", "coordinates": [ [ [ -125.209127204703663, 50.235267133443472 ], [ -125.184593859842337, 50.235268491010586 ], [ -125.180924045773281, 50.23190089700924 ], [ -125.179930398376001, 50.232618922734311 ], [ -125.179174405714619, 50.235110656059071 ], [ -125.178193247313601, 50.234228556171715 ], [ -125.175512857611977, 50.23422395412085 ], [ -125.175265056694997, 50.220805339558325 ], [ -125.163988655341626, 50.220812206097037 ], [ -125.164379268853978, 50.206268569090504 ], [ -125.170577542723279, 50.200857654945686 ], [ -125.171998376436036, 50.198420569658346 ], [ -125.172382797533402, 50.196358852381181 ], [ -125.173941301015645, 50.195988655308035 ], [ -125.174676378983406, 50.194088974081083 ], [ -125.177405809950841, 50.193245090722129 ], [ -125.178244963687845, 50.191784026903044 ], [ -125.179926047984097, 50.190894908228429 ], [ -125.181670531079803, 50.186778944027864 ], [ -125.186478328997282, 50.184197974119499 ], [ -125.185159268737976, 50.180820562951972 ], [ -125.185090517019134, 50.177942658573144 ], [ -125.188445613636105, 50.177924451264964 ], [ -125.188593725455632, 50.179149481347878 ], [ -125.187606364820283, 50.180750435075517 ], [ -125.188890986591019, 50.181070492636252 ], [ -125.189352062321774, 50.181954478622828 ], [ -125.187006074902797, 50.18287611610053 ], [ -125.192426518380088, 50.184289076381319 ], [ -125.191614934210662, 50.18740718050902 ], [ -125.192858936711218, 50.188444987120306 ], [ -125.193219469398471, 50.189933866750692 ], [ -125.196035937417776, 50.189161269099884 ], [ -125.201592611539169, 50.191218392480224 ], [ -125.204721808338718, 50.191209832315231 ], [ -125.201180050072708, 50.184856340501426 ], [ -125.207470708775844, 50.181060457495917 ], [ -125.247681713070961, 50.180681121510126 ], [ -125.247677961145783, 50.184298508528784 ], [ -125.257584859653306, 50.184302780147284 ], [ -125.259548501129174, 50.186112254521127 ], [ -125.250907349075874, 50.186108504794745 ], [ -125.249906951898339, 50.187916792160102 ], [ -125.252484886699577, 50.188667205428196 ], [ -125.252786596429814, 50.187918116645555 ], [ -125.261891292458685, 50.187921835381701 ], [ -125.266502342288291, 50.191501747422798 ], [ -125.253304911765468, 50.191535622246029 ], [ -125.253295025068695, 50.202387462668987 ], [ -125.255687008427969, 50.202388451144103 ], [ -125.256111645982983, 50.203371272320808 ], [ -125.256069954436015, 50.20962067575951 ], [ -125.258924196195125, 50.209624445906798 ], [ -125.258884418969842, 50.232049146547517 ], [ -125.256777016399326, 50.230503966277702 ], [ -125.254599681196666, 50.231904212973809 ], [ -125.253115119934904, 50.234694883025092 ], [ -125.251793794880214, 50.235005970908809 ], [ -125.248426188301508, 50.233727596319376 ], [ -125.245479931028768, 50.234273283404008 ], [ -125.239742541328056, 50.237510301510177 ], [ -125.209127233895728, 50.237514870352356 ], [ -125.209127204703663, 50.235267133443472 ] ], [ [ -125.200196550705371, 50.214951436323041 ], [ -125.202587752563872, 50.214907984818652 ], [ -125.203465577634645, 50.214159569949778 ], [ -125.202481016980414, 50.213364151816982 ], [ -125.200867897051012, 50.213578867928561 ], [ -125.200196550705371, 50.214951436323041 ] ], [ [ -125.205348235041839, 50.212184644146873 ], [ -125.204007357387908, 50.212008864944877 ], [ -125.203445810293616, 50.212659823603765 ], [ -125.204895977434646, 50.212732912202959 ], [ -125.205348235041839, 50.212184644146873 ] ], [ [ -125.237809075235518, 50.225521638872181 ], [ -125.236775326294364, 50.224759479428634 ], [ -125.238076775588354, 50.224084449495848 ], [ -125.227900551456599, 50.224078697283574 ], [ -125.227912256284242, 50.216257965650115 ], [ -125.226221871005507, 50.215979864289473 ], [ -125.225031203066678, 50.216739032456118 ], [ -125.226045895213502, 50.21740561403211 ], [ -125.225109691140332, 50.219038018060274 ], [ -125.225078481518722, 50.225885639297033 ], [ -125.237809075235518, 50.225521638872181 ] ] ] } },
{ "type": "Feature", "properties": { "name": "Porteau Cove Park", "kind": "Provincial" }, "geometry": { "type": "MultiPolygon", "coordinates": [ [ [ [ -123.233249351434495, 49.560939998568614 ], [ -123.236306854812284, 49.556405608876531 ], [ -123.235628405950209, 49.553192234465563 ], [ -123.23708581850623, 49.550333611753551 ], [ -123.242284355011094, 49.550404377309022 ], [ -123.242929264895949, 49.55168522551638 ], [ -123.239886451077695, 49.561089519786911 ], [ -123.238034018467758, 49.562315491396994 ], [ -123.233601712669213, 49.562324269697427 ], [ -123.233249351434495, 49.560939998568614 ] ] ], [ [ [ -123.23326186488805, 49.559740444321164 ], [ -123.233313094991303, 49.558792639874582 ], [ -123.23393816983986, 49.558911043310871 ], [ -123.23326186488805, 49.559740444321164 ] ] ] ] } },
{ "type": "Feature", "properties": { "name": "Cowichan River Park", "kind": "Provincial" }, "geometry": { "type": "MultiPolygon", "coordinates": [ [ [ [ -124.029214159535883, 48.82892719078265 ], [ -124.029228548074954, 48.826674776493697 ], [ -124.036889659428098, 48.826842240399493 ], [ -124.036909288644438, 48.824952176434337 ], [ -124.03988847083329, 48.824951105141686 ], [ -124.039980295450363, 48.825679750175183 ], [ -124.042073729566752, 48.826282969314256 ], [ -124.043428524603172, 48.825912644456444 ], [ -124.043451414998671, 48.826796255837706 ], [ -124.040137880275324, 48.826931611131144 ], [ -124.038260207870778, 48.827716924188927 ], [ -124.033529879518738, 48.831379391383116 ], [ -124.031170084890292, 48.831177477844648 ], [ -124.029214159535883, 48.82892719078265 ] ] ], [ [ [ -124.012638301381998, 48.826426973408161 ], [ -124.009225563018191, 48.825163836114491 ], [ -124.00711344778162, 48.823971581970959 ], [ -124.007061453949447, 48.823335268468092 ], [ -124.006462637784338, 48.82333247722412 ], [ -124.006428389031853, 48.82391676411023 ], [ -124.00133312852914, 48.822459756868909 ], [ -124.001196558089688, 48.816703775156697 ], [ -123.994762612370565, 48.816820564074455 ], [ -123.994475951466555, 48.810749135250994 ], [ -123.991351463707005, 48.810801981039106 ], [ -123.991161642434292, 48.80661833902797 ], [ -123.992302466614916, 48.803709118401812 ], [ -123.997561407906318, 48.80570991394179 ], [ -123.998883848224835, 48.803589315649106 ], [ -124.002659208339381, 48.804393386872313 ], [ -124.0080765944966, 48.804462373125624 ], [ -124.008041452672856, 48.807375265167131 ], [ -124.005028252488316, 48.807381748286993 ], [ -124.004874951137865, 48.808896882102687 ], [ -123.999929205643468, 48.811746165566987 ], [ -123.999526997759247, 48.812820700520696 ], [ -124.000565235343274, 48.813999181462925 ], [ -124.000288324620584, 48.814901197844613 ], [ -124.000995317522552, 48.815776496741584 ], [ -124.003998120095048, 48.815034462226343 ], [ -124.006466624031205, 48.815181850602201 ], [ -124.010962698184613, 48.817803764915986 ], [ -124.011022089930307, 48.818981730569242 ], [ -124.009187641447767, 48.821156863705809 ], [ -124.009485677791972, 48.823358300533776 ], [ -124.011717660795185, 48.82375346622409 ], [ -124.015863481283972, 48.825970817175801 ], [ -124.015899867614365, 48.827481031930105 ], [ -124.013394382530663, 48.826678966593242 ], [ -124.013402585477891, 48.826022264712371 ], [ -124.012638301381998, 48.826426973408161 ] ] ], [ [ [ -123.950279626398654, 48.782746922718687 ], [ -123.943587382134368, 48.779648882722441 ], [ -123.935450877592686, 48.776656669194217 ], [ -123.932222024788004, 48.775972838870402 ], [ -123.929412963647636, 48.776195225259038 ], [ -123.92932997833401, 48.775816582995361 ], [ -123.925378647354606, 48.776416436976213 ], [ -123.91742221197039, 48.773536880198712 ], [ -123.952715608470342, 48.773294227977388 ], [ -123.953462287982759, 48.774842041240667 ], [ -123.955530852992609, 48.775533174823117 ], [ -123.955578321679738, 48.776390302349718 ], [ -123.956529387844668, 48.775738058126812 ], [ -123.959181781991035, 48.775732823053417 ], [ -123.969153666791158, 48.779502702102334 ], [ -123.972441784640182, 48.779499360023131 ], [ -123.978075286092917, 48.781625310652053 ], [ -123.97809688225523, 48.783205093649826 ], [ -123.983795542133862, 48.783205234748678 ], [ -123.993366900390754, 48.787248655409527 ], [ -123.997483805589994, 48.790876612635934 ], [ -123.999088043044594, 48.790870592814855 ], [ -124.008148505527487, 48.79833380556947 ], [ -124.008082819145358, 48.804198660011679 ], [ -123.998193654977428, 48.80299553449786 ], [ -123.986912134793968, 48.796887704116394 ], [ -123.986536241523197, 48.795999894564993 ], [ -123.987427622248987, 48.794662967952902 ], [ -123.98603647165092, 48.795555072794578 ], [ -123.984571145577334, 48.79552869718411 ], [ -123.973460042173102, 48.789302820206764 ], [ -123.972148859452844, 48.789306190521486 ], [ -123.972140025214159, 48.788564033678213 ], [ -123.970529421835906, 48.787812362502869 ], [ -123.9595819839097, 48.783759313062269 ], [ -123.955857368530516, 48.783877999388253 ], [ -123.956418401410588, 48.782077956910932 ], [ -123.955872456661183, 48.780488194279108 ], [ -123.950224387811289, 48.780553719291198 ], [ -123.950279626398654, 48.782746922718687 ] ], [ [ -123.949587991239028, 48.775716480125432 ], [ -123.944835309547088, 48.775758764346776 ], [ -123.944886027077189, 48.778460479183771 ], [ -123.948160967755243, 48.778460479829299 ], [ -123.949709722952335, 48.776969656009392 ], [ -123.949587991239028, 48.775716480125432 ] ] ], [ [ [ -123.884139191519139, 48.76536728220421 ], [ -123.875429501825579, 48.766188473075914 ], [ -123.874219561944855, 48.767576794519726 ], [ -123.873938741366075, 48.769409670794296 ], [ -123.872994904255165, 48.770173923619275 ], [ -123.869234233078174, 48.769980392132688 ], [ -123.869264173882669, 48.77095893953198 ], [ -123.863909488520235, 48.771345075743021 ], [ -123.862087643457656, 48.770388583783777 ], [ -123.865378704613036, 48.769817846377016 ], [ -123.865350460571349, 48.76678129577779 ], [ -123.862910867107274, 48.766761788162043 ], [ -123.860766586797453, 48.765828432929631 ], [ -123.85954561850869, 48.764633032773773 ], [ -123.859239854644002, 48.763043074160215 ], [ -123.855588867393578, 48.762859772187149 ], [ -123.857011243918976, 48.762064417286922 ], [ -123.856435776486251, 48.761252966879255 ], [ -123.852302677246016, 48.762119446815987 ], [ -123.849017748499634, 48.761025255367784 ], [ -123.849033472430818, 48.762918761706509 ], [ -123.844252326844767, 48.763007776130692 ], [ -123.844273053024537, 48.759796132523533 ], [ -123.846145042407713, 48.759019389749668 ], [ -123.846048433219508, 48.758335281520452 ], [ -123.848995146482082, 48.758315360891075 ], [ -123.848987027432003, 48.757349041821705 ], [ -123.853331486071497, 48.758960175637071 ], [ -123.866027658467715, 48.761033240614296 ], [ -123.869385745102477, 48.763893556043328 ], [ -123.882720164225645, 48.764722370119884 ], [ -123.890553357322645, 48.76641093663418 ], [ -123.902934474362908, 48.767885687795655 ], [ -123.924974161691949, 48.776631272579323 ], [ -123.927512819922327, 48.777008420260863 ], [ -123.93214179114463, 48.776190269891401 ], [ -123.935137048359096, 48.776805554049055 ], [ -123.936744094247445, 48.777432060005971 ], [ -123.933374651467886, 48.77692012978153 ], [ -123.928265643215894, 48.778003922610651 ], [ -123.924527137038055, 48.777558913557641 ], [ -123.921757748046616, 48.778628953210479 ], [ -123.91824601930675, 48.777421314422106 ], [ -123.915187056573401, 48.778387286372194 ], [ -123.912184303593619, 48.778210474896795 ], [ -123.912286967014552, 48.775577115912256 ], [ -123.905595353704641, 48.777970786859839 ], [ -123.905586209938591, 48.780419928366825 ], [ -123.904202543060322, 48.780916966821785 ], [ -123.904265446595417, 48.78158752277681 ], [ -123.889730364733907, 48.781121850497371 ], [ -123.887026325010041, 48.77917723958322 ], [ -123.887023239750349, 48.775704107530466 ], [ -123.888725091522645, 48.775554703531142 ], [ -123.889368393669997, 48.774749047131422 ], [ -123.889007225021359, 48.773804760927135 ], [ -123.887029788654061, 48.773816956637972 ], [ -123.886881479234816, 48.770393146163741 ], [ -123.892391298895546, 48.770614673332375 ], [ -123.892351283021057, 48.766815585875214 ], [ -123.889864879147012, 48.766795562736412 ], [ -123.884139191519139, 48.76536728220421 ] ] ], [ [ [ -123.94555029832803, 48.780884159989562 ], [ -123.943459006794825, 48.780560491978832 ], [ -123.939256259990429, 48.778585503263407 ], [ -123.942811951406796, 48.77966175699288 ], [ -123.94555029832803, 48.780884159989562 ] ] ], [ [ [ -123.904967104168023, 48.768208390297232 ], [ -123.90915117470368, 48.767827697803412 ], [ -123.909114453763536, 48.766033287088867 ], [ -123.910541745145693, 48.765991553825494 ], [ -123.910557636842839, 48.767907742177272 ], [ -123.913587833312036, 48.770419526217943 ], [ -123.913540680107474, 48.771798325172462 ], [ -123.904967104168023, 48.768208390297232 ] ] ], [ [ [ -123.888131764395808, 48.766800511444956 ], [ -123.886586524771459, 48.767276027630388 ], [ -123.887213850256799, 48.7663400486407 ], [ -123.888131764395808, 48.766800511444956 ] ] ], [ [ [ -123.832502038958339, 48.757229778092174 ], [ -123.827296980410566, 48.758986510387921 ], [ -123.827289099101534, 48.760468803114513 ], [ -123.819108416372359, 48.761736026867418 ], [ -123.817985383041503, 48.76168150870091 ], [ -123.817905337063777, 48.759371177594744 ], [ -123.810368956184874, 48.75936111803297 ], [ -123.81041574609965, 48.76294146333548 ], [ -123.787974651684394, 48.762883298056401 ], [ -123.786954624521044, 48.761588241899972 ], [ -123.785495346118651, 48.761234742860893 ], [ -123.783044880138391, 48.762034685290665 ], [ -123.783226720998513, 48.755608688818377 ], [ -123.785833344801034, 48.755610193823657 ], [ -123.785554765081017, 48.756299675117276 ], [ -123.786771969090623, 48.756490150393169 ], [ -123.786437421123523, 48.757254970092113 ], [ -123.788248321459704, 48.758242362387271 ], [ -123.793896685727248, 48.758900660982547 ], [ -123.793435059450303, 48.760559458989263 ], [ -123.794167079412446, 48.758128674426665 ], [ -123.796988004753743, 48.758593853499995 ], [ -123.797489164108512, 48.757299356923149 ], [ -123.794200900525709, 48.756676000382072 ], [ -123.801434028218949, 48.757264459627166 ], [ -123.805289523762582, 48.756921145675712 ], [ -123.81072727423242, 48.755575685096282 ], [ -123.812042596616763, 48.753413762450243 ], [ -123.813456959214164, 48.752852360516144 ], [ -123.832511460389554, 48.755636105026021 ], [ -123.832502038958339, 48.757229778092174 ] ] ] ] } },
{ "type": "Feature", "properties": { "name": "Bridge River Delta Park", "kind": "Provincial" }, "geometry": { "type": "Polygon", "coordinates": [ [ [ -123.247316547361947, 50.844679191407685 ], [ -123.235175102494338, 50.841799642615022 ], [ -123.216725064265731, 50.833377657360977 ], [ -123.197131940369772, 50.831245146252911 ], [ -123.184951746546005, 50.831939549237099 ], [ -123.167083510233425, 50.828140078934105 ], [ -123.161406945503472, 50.828871988318262 ], [ -123.149552654234668, 50.826967816612047 ], [ -123.149999049236939, 50.82462013659412 ], [ -123.149525467894435, 50.824009225706391 ], [ -123.150418744813535, 50.822542251548178 ], [ -123.170674228252494, 50.817240117928002 ], [ -123.174479017475647, 50.817706608542025 ], [ -123.182815373461963, 50.81553557800428 ], [ -123.186010889384207, 50.815395645316542 ], [ -123.190193055615168, 50.816917670923992 ], [ -123.196889390919239, 50.81672669735088 ], [ -123.204347510888709, 50.817999847428986 ], [ -123.205781900140281, 50.814912808639718 ], [ -123.210774214046168, 50.817907490689862 ], [ -123.212387432850917, 50.819523266465623 ], [ -123.221543371954326, 50.822865046269143 ], [ -123.220860796008495, 50.823851045872608 ], [ -123.225788019327751, 50.825739104205255 ], [ -123.227656093421913, 50.828230967504538 ], [ -123.24121697659892, 50.832556224918626 ], [ -123.245909364730025, 50.832155256535337 ], [ -123.254095307082963, 50.835195257404159 ], [ -123.25597857846958, 50.837034654867679 ], [ -123.252452697369122, 50.838121466859036 ], [ -123.250857573921095, 50.840256197380164 ], [ -123.255043831428708, 50.842063659581861 ], [ -123.257162041472313, 50.842337788243327 ], [ -123.258014806600599, 50.842843997685335 ], [ -123.257545099395443, 50.843874702448815 ], [ -123.248953357060003, 50.847229658021661 ], [ -123.247316547361947, 50.844679191407685 ] ] ] } },
{ "type": "Feature", "properties": { "name": "Allison Harbour Marine Park", "kind": "Provincial" }, "geometry": { "type": "Polygon", "coordinates": [ [ [ -127.497894729119693, 51.058571311483391 ], [ -127.497896233136018, 51.047719165587381 ], [ -127.503635208350275, 51.047719212472529 ], [ -127.503634968121915, 51.045005981966604 ], [ -127.515739010557667, 51.044994044684429 ], [ -127.506470044479613, 51.059249461972669 ], [ -127.497894729119693, 51.058571311483391 ] ] ] } },
{ "type": "Feature", "properties": { "name": "Duke Of Edinburgh Ecological Reserve", "kind": "Provincial" }, "geometry": { "type": "MultiPolygon", "coordinates": [ [ [ [ -127.704010132277418, 51.017944330274723 ], [ -127.710327269728609, 51.018451685558141 ], [ -127.722671640484677, 51.021827697686419 ], [ -127.729644916004105, 51.022724148187784 ], [ -127.735733166726632, 51.02544402838673 ], [ -127.737396368172739, 51.025165554045394 ], [ -127.737754959238188, 51.026065816923918 ], [ -127.744674825557681, 51.029521938002091 ], [ -127.746009952984167, 51.02894973573553 ], [ -127.748108043222615, 51.029621119178053 ], [ -127.748367447957762, 51.030170432413591 ], [ -127.747299333110973, 51.031440732449653 ], [ -127.748970169157417, 51.033271786781675 ], [ -127.749092235168959, 51.034423818653543 ], [ -127.747764712898388, 51.035148615558057 ], [ -127.743377816459855, 51.035266866155894 ], [ -127.740699892877785, 51.03601074442755 ], [ -127.738365300505976, 51.035495758052782 ], [ -127.733917370599357, 51.035755146326473 ], [ -127.730850336486171, 51.033203119527222 ], [ -127.724350101501571, 51.030288686044301 ], [ -127.718200801925747, 51.028121938993166 ], [ -127.705558899804842, 51.025150294968043 ], [ -127.694641241149014, 51.021350849837916 ], [ -127.695121888912993, 51.019283301901659 ], [ -127.697174191975606, 51.018749241008067 ], [ -127.701446651516491, 51.019889832500994 ], [ -127.704010132277418, 51.017944330274723 ] ], [ [ -127.71830511424541, 51.024751921582016 ], [ -127.720399736265307, 51.024112460363618 ], [ -127.720739547474565, 51.023326597340329 ], [ -127.719089718276265, 51.023238881100497 ], [ -127.719166245055561, 51.022781443365531 ], [ -127.71763447280253, 51.022323700239866 ], [ -127.716481922107988, 51.022876757416221 ], [ -127.716041247960561, 51.022116326580779 ], [ -127.714234896363735, 51.02209786958894 ], [ -127.713357690283104, 51.02222502770887 ], [ -127.712568890302947, 51.023316116948635 ], [ -127.71256244569787, 51.023853048512258 ], [ -127.713648438716717, 51.024281016194543 ], [ -127.71622831099539, 51.024114028734004 ], [ -127.715932139884174, 51.024447371747399 ], [ -127.71830511424541, 51.024751921582016 ] ], [ [ -127.7242127707854, 51.023960100972907 ], [ -127.722557187349082, 51.024860371658477 ], [ -127.722473272913575, 51.024322504859214 ], [ -127.721206792859817, 51.024341579546011 ], [ -127.720688004915502, 51.024967197389593 ], [ -127.722030761660491, 51.024936667830168 ], [ -127.722213886280514, 51.026115421545811 ], [ -127.723594784142207, 51.026561726967365 ], [ -127.723045483629349, 51.027050014063697 ], [ -127.723358284912806, 51.027496332709219 ], [ -127.724502684805316, 51.027256016996262 ], [ -127.725715763962512, 51.02883530067794 ], [ -127.729034548341005, 51.02655028743569 ], [ -127.729004024706427, 51.026046750386506 ], [ -127.727874882099854, 51.0260505668479 ], [ -127.728126657673783, 51.025058742035633 ], [ -127.727058537480602, 51.025226600352305 ], [ -127.726875433631633, 51.024513236246932 ], [ -127.725517395979978, 51.025161747843889 ], [ -127.725433476828783, 51.024173731323032 ], [ -127.7242127707854, 51.023960100972907 ] ] ], [ [ [ -127.686332823817651, 51.021812436899268 ], [ -127.6913376970776, 51.023395535465177 ], [ -127.693245059904939, 51.02331543300776 ], [ -127.694801452432301, 51.024246210965899 ], [ -127.692894107378294, 51.026634211092002 ], [ -127.690818908492957, 51.026664734402651 ], [ -127.687591675693895, 51.027771002663791 ], [ -127.686538825597637, 51.027435296001968 ], [ -127.686454892727852, 51.025226598959343 ], [ -127.684547552656042, 51.023296360597975 ], [ -127.686332823817651, 51.021812436899268 ] ] ], [ [ [ -127.711151255308991, 50.980510701541149 ], [ -127.713249332429712, 50.98128509002516 ], [ -127.716293469144077, 50.983798968618615 ], [ -127.716430791007383, 50.985202792687993 ], [ -127.712936522681005, 50.985656728912396 ], [ -127.710052617103884, 50.987255090000865 ], [ -127.706482059059951, 50.985553735268844 ], [ -127.706413384139921, 50.983848569634745 ], [ -127.70517743992383, 50.982810974162263 ], [ -127.711151255308991, 50.980510701541149 ] ] ], [ [ [ -127.714065670662407, 50.973438249889185 ], [ -127.717773573779212, 50.974639899019628 ], [ -127.722320682892303, 50.974670402500664 ], [ -127.723587158181175, 50.97650908722229 ], [ -127.725929387661864, 50.977325432316718 ], [ -127.731201296178256, 50.97774506381473 ], [ -127.732925553388156, 50.978973391155805 ], [ -127.733139158963979, 50.98047637479231 ], [ -127.731384409066635, 50.982513421572932 ], [ -127.724800233085446, 50.983165729960149 ], [ -127.717102179103506, 50.979969011039429 ], [ -127.71607220171191, 50.977928160550654 ], [ -127.714294569831537, 50.977302549049874 ], [ -127.714462405310499, 50.975440970207508 ], [ -127.713386661683785, 50.974403373287544 ], [ -127.714065670662407, 50.973438249889185 ] ] ], [ [ [ -127.637687790709748, 50.936740863369252 ], [ -127.648597831617622, 50.93649290977438 ], [ -127.652389637382726, 50.938667294739822 ], [ -127.653709521180076, 50.939060206023299 ], [ -127.655395631044442, 50.938648225058436 ], [ -127.658088805500554, 50.940277086226082 ], [ -127.660354737248483, 50.940242756625523 ], [ -127.660827753420008, 50.940803523422005 ], [ -127.659004326042577, 50.942787163975723 ], [ -127.663162336616153, 50.943836209471137 ], [ -127.66367352860091, 50.944515226306457 ], [ -127.661705132985503, 50.944843280017217 ], [ -127.658355841567982, 50.943241116559761 ], [ -127.655593980659788, 50.943180076331835 ], [ -127.653564566155268, 50.941925041847107 ], [ -127.65264904041932, 50.943199146158008 ], [ -127.65145123056908, 50.942981712911028 ], [ -127.649932976180665, 50.940643311122756 ], [ -127.648201108163931, 50.939968105466015 ], [ -127.641914480128762, 50.941772458972082 ], [ -127.641868699072447, 50.940505988059407 ], [ -127.639877433542324, 50.938423148093364 ], [ -127.6375962318658, 50.937416071280936 ], [ -127.637687790709748, 50.936740863369252 ] ] ], [ [ [ -127.630622967627872, 50.939571376869473 ], [ -127.634170637926886, 50.938705446947473 ], [ -127.63386546716373, 50.939411164534086 ], [ -127.634849654665743, 50.941249850521224 ], [ -127.6364365799257, 50.941970819838772 ], [ -127.636489978728591, 50.942680359709122 ], [ -127.630935769939626, 50.942123399499778 ], [ -127.631912347367816, 50.940773014056838 ], [ -127.630622967627872, 50.939571376869473 ] ] ] ] } },
{ "type": "Feature", "properties": { "name": "John Dean Park", "kind": "Provincial" }, "geometry": { "type": "Polygon", "coordinates": [ [ [ -123.45566467324501, 48.612212104826511 ], [ -123.46620923507821, 48.612303057063109 ], [ -123.467101181423942, 48.614591777641039 ], [ -123.466655527591868, 48.615924718247108 ], [ -123.444349140354959, 48.615802047450387 ], [ -123.444219394704902, 48.622948403649929 ], [ -123.436177073199815, 48.622862657801662 ], [ -123.436262293954584, 48.615769775642974 ], [ -123.437626627851344, 48.615775689906023 ], [ -123.437667563561376, 48.612184987440806 ], [ -123.439019176924077, 48.612192491008578 ], [ -123.444355406640284, 48.608625594057287 ], [ -123.455663870489275, 48.608660967292977 ], [ -123.45566467324501, 48.612212104826511 ] ] ] } },
{ "type": "Feature", "properties": { "name": "Galiano Island Ecological Reserve", "kind": "Provincial" }, "geometry": { "type": "Polygon", "coordinates": [ [ [ -123.557928984108472, 48.985260152736991 ], [ -123.554879728223341, 48.985261644176113 ], [ -123.550500859403698, 48.980937582103564 ], [ -123.550498301052102, 48.978476852411319 ], [ -123.551520606451405, 48.978471967492432 ], [ -123.554648766589253, 48.981041779757092 ], [ -123.557921933927062, 48.9793752272492 ], [ -123.557928984108472, 48.985260152736991 ] ] ] } },
{ "type": "Feature", "properties": { "name": "Satellite Channel Ecological Reserve", "kind": "Provincial" }, "geometry": { "type": "Polygon", "coordinates": [ [ [ -123.4800050736049, 48.713591108343863 ], [ -123.471422087361773, 48.698045268312462 ], [ -123.494988078509664, 48.692328340588261 ], [ -123.503594275124769, 48.707867855366082 ], [ -123.4800050736049, 48.713591108343863 ] ] ] } },
{ "type": "Feature", "properties": { "name": "Oak Bay Islands Ecological Reserve", "kind": "Provincial" }, "geometry": { "type": "MultiPolygon", "coordinates": [ [ [ [ -123.273128764742097, 48.447160511036543 ], [ -123.271306242918158, 48.44704391432704 ], [ -123.27008794667185, 48.446178777931451 ], [ -123.270000066254966, 48.444304433365176 ], [ -123.27118587928382, 48.442903091555969 ], [ -123.273818404693628, 48.442696342922709 ], [ -123.275538281239378, 48.443992296019076 ], [ -123.275425284467204, 48.445995495101165 ], [ -123.273128764742097, 48.447160511036543 ] ] ], [ [ [ -123.239594777577949, 48.435490494644597 ], [ -123.236911188009657, 48.436645638483576 ], [ -123.22928454818576, 48.436257837799722 ], [ -123.226793672222996, 48.43491072713654 ], [ -123.226315371880688, 48.434044235675607 ], [ -123.227606482193053, 48.432301416527324 ], [ -123.229129911052922, 48.431630090679732 ], [ -123.231004969311286, 48.431936922559913 ], [ -123.231951368922097, 48.433069494244904 ], [ -123.23816097187489, 48.432153505631646 ], [ -123.239594777577949, 48.435490494644597 ] ] ], [ [ [ -123.268621049821917, 48.429902643385915 ], [ -123.264050488046493, 48.428952339008461 ], [ -123.258808854408343, 48.418758181916829 ], [ -123.265117557808125, 48.416536385287998 ], [ -123.277842312588788, 48.417778878288011 ], [ -123.281517525503034, 48.426287996041275 ], [ -123.268621049821917, 48.429902643385915 ] ] ] ] } },
{ "type": "Feature", "properties": { "name": "Tetrahedron Park", "kind": "Provincial" }, "geometry": { "type": "Polygon", "coordinates": [ [ [ -123.626934306417311, 49.619084959423056 ], [ -123.622118075444618, 49.621703972652874 ], [ -123.617146666231463, 49.622816136824831 ], [ -123.604377810972764, 49.621411151277634 ], [ -123.603582266297423, 49.622060794532267 ], [ -123.595733353352898, 49.617631070311575 ], [ -123.59523636025618, 49.616608223408818 ], [ -123.593012651814632, 49.615891078609593 ], [ -123.592727775338645, 49.611690720734771 ], [ -123.579078015343086, 49.61810289739762 ], [ -123.577518070472493, 49.615582625730042 ], [ -123.575942627229992, 49.614637044271873 ], [ -123.574185601609301, 49.616462429739897 ], [ -123.571718045176951, 49.616237145035306 ], [ -123.569702173065451, 49.615285521208826 ], [ -123.567763329181361, 49.615623030739314 ], [ -123.567141040645907, 49.616623779727057 ], [ -123.563063247450515, 49.61774834487165 ], [ -123.565381976867457, 49.620357850882336 ], [ -123.568742458946318, 49.621195927730277 ], [ -123.573992647169092, 49.624057578971325 ], [ -123.573992582614039, 49.625946415386558 ], [ -123.576157446782489, 49.627882013813007 ], [ -123.577214752166938, 49.630444951021637 ], [ -123.575172645121356, 49.632411565067649 ], [ -123.565432924298705, 49.631947973916994 ], [ -123.560617626369577, 49.632786116346914 ], [ -123.560617617146761, 49.634360146116769 ], [ -123.563909629078665, 49.637197580927861 ], [ -123.557381703726122, 49.639656062178638 ], [ -123.554969332687122, 49.643534003822182 ], [ -123.550742280022931, 49.642950532900798 ], [ -123.548338616194684, 49.641090133593224 ], [ -123.544680454403974, 49.639718286040392 ], [ -123.541469776346617, 49.64016161235282 ], [ -123.538906069679214, 49.643732119606476 ], [ -123.538906129969476, 49.647015481058226 ], [ -123.531800037987338, 49.647023912473401 ], [ -123.528041009750368, 49.648549257710556 ], [ -123.526248393732615, 49.652893252745805 ], [ -123.518047245723182, 49.650954907004632 ], [ -123.514445427519959, 49.650954594915795 ], [ -123.507353433716034, 49.652188608603133 ], [ -123.507353447532452, 49.648096138450036 ], [ -123.508507314972832, 49.646560180556726 ], [ -123.511690657630027, 49.644825760435914 ], [ -123.511690635499505, 49.641857596380781 ], [ -123.508836984726855, 49.638058058637711 ], [ -123.509942298694895, 49.636707981881749 ], [ -123.51277963920856, 49.635268160982768 ], [ -123.513153582140845, 49.632490476648741 ], [ -123.512206489360949, 49.630800031300929 ], [ -123.52412847438832, 49.627188727434529 ], [ -123.525696613924353, 49.627368398824466 ], [ -123.529101905648787, 49.631199780451034 ], [ -123.53379970596643, 49.633337745734437 ], [ -123.533799373542777, 49.634371534036632 ], [ -123.537923300038699, 49.635140344299494 ], [ -123.538785883110705, 49.633187822664368 ], [ -123.547385131593785, 49.629430671387354 ], [ -123.55132163018277, 49.629364297487577 ], [ -123.552956860639654, 49.628264773809569 ], [ -123.552401094400778, 49.627380193441454 ], [ -123.54931663205916, 49.626439346470939 ], [ -123.546904817466668, 49.62706339010861 ], [ -123.545445579566447, 49.628458520619304 ], [ -123.540872599364064, 49.628468134386686 ], [ -123.539162278125758, 49.627432164281942 ], [ -123.539164325619439, 49.618508608259823 ], [ -123.535493088459589, 49.617859549719249 ], [ -123.533071545640723, 49.616020700946216 ], [ -123.518855933388707, 49.612475001549086 ], [ -123.516115283163316, 49.610694258125932 ], [ -123.514719088805094, 49.607726750734223 ], [ -123.516855405747563, 49.605001911706211 ], [ -123.516855332035362, 49.603140046463871 ], [ -123.523064582055426, 49.600902863611893 ], [ -123.529041662835439, 49.600147249929563 ], [ -123.52945058001886, 49.59877867354794 ], [ -123.528093941592701, 49.597420863137202 ], [ -123.528093926124356, 49.595666929347473 ], [ -123.526579675183754, 49.594811285030637 ], [ -123.527642909087305, 49.593705265486371 ], [ -123.533697725818158, 49.593291434643405 ], [ -123.534364488240769, 49.594220704358321 ], [ -123.536340154637529, 49.593701683305 ], [ -123.547639257312298, 49.597394910056479 ], [ -123.553768295817193, 49.597673833946565 ], [ -123.559987910919389, 49.596437899722083 ], [ -123.561162020427602, 49.595674643507472 ], [ -123.56116186835601, 49.593650884226776 ], [ -123.560044477770447, 49.592284938649122 ], [ -123.560044343186533, 49.589712525703419 ], [ -123.55324073957236, 49.587158794021853 ], [ -123.551857427723959, 49.585600824321801 ], [ -123.551857914406284, 49.581454354709486 ], [ -123.550251363726602, 49.580067876447508 ], [ -123.547304554457654, 49.579445040478966 ], [ -123.540017632712463, 49.579370897409774 ], [ -123.536432090353443, 49.577858463159139 ], [ -123.533308579650111, 49.578106764160452 ], [ -123.531562064268641, 49.579050251916414 ], [ -123.530834883232316, 49.578325019006606 ], [ -123.532506445530942, 49.575458761646154 ], [ -123.531309899313172, 49.573063505520544 ], [ -123.52507848349363, 49.573477104461347 ], [ -123.525078945506721, 49.571453330605131 ], [ -123.520567212152898, 49.567696255233116 ], [ -123.523397607591008, 49.565254256730839 ], [ -123.526896829506953, 49.566267970428463 ], [ -123.529220631705996, 49.56842693678351 ], [ -123.534969808581451, 49.568034150450735 ], [ -123.537287407169785, 49.566526803068086 ], [ -123.538339606416514, 49.563306713023557 ], [ -123.537714296110366, 49.559994613098034 ], [ -123.545915078120515, 49.558565705344577 ], [ -123.545915288807223, 49.554104391549984 ], [ -123.549758820799468, 49.554104406238274 ], [ -123.549758949238566, 49.558062010343846 ], [ -123.557494200200182, 49.561329151903891 ], [ -123.555503328340876, 49.563572673795697 ], [ -123.559037727711612, 49.565304578708222 ], [ -123.561124003152628, 49.563743061402619 ], [ -123.566540147907119, 49.561625254956688 ], [ -123.569305703978216, 49.561624786882327 ], [ -123.5728314519273, 49.56319027086839 ], [ -123.573824229657987, 49.564965316963708 ], [ -123.581585426659714, 49.568370942354939 ], [ -123.58687463985919, 49.567118937835104 ], [ -123.587733601981, 49.561805474035246 ], [ -123.590626332155736, 49.557770376108557 ], [ -123.595251707516567, 49.558633048707286 ], [ -123.59975718016176, 49.562817747683923 ], [ -123.600900298053716, 49.565411639999148 ], [ -123.607044799237784, 49.566482660523597 ], [ -123.620413683442678, 49.572569553924993 ], [ -123.630095247551878, 49.572570377176739 ], [ -123.633635555434125, 49.571953548053557 ], [ -123.633635462294933, 49.575731238614161 ], [ -123.640611041309896, 49.579275580731903 ], [ -123.652906928698471, 49.578008746350164 ], [ -123.65290743351521, 49.580347313231407 ], [ -123.657057329575721, 49.580346850927903 ], [ -123.664548420112027, 49.582215175851779 ], [ -123.669521939756407, 49.58063828008725 ], [ -123.673115865208061, 49.581987521470928 ], [ -123.670348984744791, 49.585103242239896 ], [ -123.672285734667796, 49.587284310787481 ], [ -123.6747309662383, 49.599406029922847 ], [ -123.674593311936263, 49.602822733960444 ], [ -123.673177025075731, 49.605833206680316 ], [ -123.670180866579599, 49.60583313627108 ], [ -123.664282690440686, 49.604576465380461 ], [ -123.657553407709088, 49.606455609935715 ], [ -123.653877434982434, 49.605797630382661 ], [ -123.651670004679744, 49.60631200086533 ], [ -123.648844049145524, 49.605398548065516 ], [ -123.64588482434624, 49.606123342586372 ], [ -123.644710829258869, 49.607070582044265 ], [ -123.638003014469447, 49.60813671835291 ], [ -123.634449981512688, 49.610220193227043 ], [ -123.634612235969541, 49.611290315982302 ], [ -123.63380955700427, 49.612008297838059 ], [ -123.62532954381355, 49.615640250967679 ], [ -123.626934116386963, 49.616746401843471 ], [ -123.626934306417311, 49.619084959423056 ] ] ] } },
{ "type": "Feature", "properties": { "name": "Bowen Island Ecological Reserve", "kind": "Provincial" }, "geometry": { "type": "Polygon", "coordinates": [ [ [ -123.341105884628675, 49.352441585320413 ], [ -123.357080491119746, 49.352435264825395 ], [ -123.35707749244078, 49.349672092454654 ], [ -123.376196573096649, 49.349571505556909 ], [ -123.376088975892557, 49.354557625184427 ], [ -123.373995763377067, 49.354566520770646 ], [ -123.374030206862685, 49.359628418506801 ], [ -123.371186242048111, 49.359630120289694 ], [ -123.371196325479701, 49.36686844782998 ], [ -123.354573244084293, 49.366876911850184 ], [ -123.354577001395313, 49.370496047336744 ], [ -123.348861133197005, 49.370498404019145 ], [ -123.349039669904059, 49.368588375233749 ], [ -123.344423009287951, 49.368404196569678 ], [ -123.344815331583348, 49.36570883871169 ], [ -123.344189018435728, 49.36566994290898 ], [ -123.346446602951261, 49.359043564623107 ], [ -123.345265841576591, 49.358871914339289 ], [ -123.345263377528923, 49.355943477159485 ], [ -123.341108584861814, 49.355943436445934 ], [ -123.341105884628675, 49.352441585320413 ] ] ] } },
{ "type": "Feature", "properties": { "name": "Carmanah Walbran Park", "kind": "Provincial" }, "geometry": { "type": "Polygon", "coordinates": [ [ [ -124.716747326215383, 48.623330654283585 ], [ -124.726789378221511, 48.623666628978356 ], [ -124.726789886429501, 48.629094510971989 ], [ -124.726150213794966, 48.632035836958273 ], [ -124.723322337296636, 48.634289385231355 ], [ -124.719589576589996, 48.636684342615204 ], [ -124.712561279381561, 48.638381504973346 ], [ -124.712353019989351, 48.639848059370365 ], [ -124.710891995644488, 48.642004982145046 ], [ -124.710999819756708, 48.643586792483632 ], [ -124.709007882827322, 48.644902911071433 ], [ -124.70808283630592, 48.647661610188749 ], [ -124.711427528716271, 48.649806150027054 ], [ -124.706384466743202, 48.650843624772833 ], [ -124.707563408229348, 48.653588134516824 ], [ -124.707907248452187, 48.65854017816001 ], [ -124.707086724497586, 48.659432884964794 ], [ -124.708384105559304, 48.660635806297563 ], [ -124.70714506021811, 48.661892733663514 ], [ -124.711617471370403, 48.662500615413528 ], [ -124.717554126178385, 48.667078476972605 ], [ -124.717748485983435, 48.669999493447939 ], [ -124.715063915808983, 48.671654909194345 ], [ -124.714174584703017, 48.67555869871704 ], [ -124.71326500881554, 48.676777778059041 ], [ -124.713466818397521, 48.680724294579406 ], [ -124.710065796985972, 48.682196311154449 ], [ -124.704401242742023, 48.681689507719916 ], [ -124.700182424564602, 48.683497205634765 ], [ -124.693949558439343, 48.689406847954892 ], [ -124.688457204346065, 48.689463503626996 ], [ -124.686536492844908, 48.690406302223479 ], [ -124.684031079962566, 48.694734341979952 ], [ -124.674139349262219, 48.696969732698669 ], [ -124.669652329918179, 48.70251878881102 ], [ -124.666752928367487, 48.703622369770926 ], [ -124.666027236755298, 48.705108315197783 ], [ -124.666779681033432, 48.706078044082965 ], [ -124.664365703303147, 48.708764937813491 ], [ -124.66428658868638, 48.710441445136496 ], [ -124.66208732664272, 48.712182533250427 ], [ -124.662117739885929, 48.714068385126339 ], [ -124.663086118863987, 48.715262940813844 ], [ -124.663943707251548, 48.715295539731798 ], [ -124.661366546436199, 48.720016942463914 ], [ -124.661235884435342, 48.721416287919382 ], [ -124.663308195567168, 48.724058354562942 ], [ -124.66812275244358, 48.725320222342162 ], [ -124.668121137812022, 48.726093941382501 ], [ -124.671004531261929, 48.729803720790152 ], [ -124.671034927961557, 48.730720923146556 ], [ -124.668630948550572, 48.732869951941467 ], [ -124.665180914438324, 48.733414683143124 ], [ -124.663767404391947, 48.739210869998878 ], [ -124.659433588618867, 48.741846374183361 ], [ -124.660587528790785, 48.743840969169817 ], [ -124.660711676496291, 48.745957356864722 ], [ -124.662737418181436, 48.746332987693854 ], [ -124.663471846379338, 48.747563895360251 ], [ -124.66182869640582, 48.748478267557509 ], [ -124.660776851574781, 48.750823524281969 ], [ -124.66121331978286, 48.753057361874298 ], [ -124.663376535263609, 48.754978385325899 ], [ -124.66085851224878, 48.757839610840804 ], [ -124.66086745393909, 48.758523210209994 ], [ -124.655955567651276, 48.75977246012684 ], [ -124.652599693183092, 48.759928601244063 ], [ -124.650646950155661, 48.761426010978802 ], [ -124.647866487007207, 48.762074583016151 ], [ -124.644746495636667, 48.760292876869471 ], [ -124.642661198006323, 48.761024345108751 ], [ -124.640464545884839, 48.764327356786268 ], [ -124.636391781631445, 48.766955270196313 ], [ -124.635427700425836, 48.767487743177711 ], [ -124.631477345619885, 48.766536151040448 ], [ -124.625005623177685, 48.770945892149356 ], [ -124.621620784914228, 48.771074552006887 ], [ -124.619718804545997, 48.770336611707769 ], [ -124.619705522139796, 48.768654462788739 ], [ -124.618632719278921, 48.767458013212327 ], [ -124.619643969607083, 48.763356419468579 ], [ -124.616572545591808, 48.762634852498906 ], [ -124.615575991945249, 48.761263369695527 ], [ -124.61553947813475, 48.758852831441871 ], [ -124.611277179536984, 48.752794925899373 ], [ -124.613070498877576, 48.75002291461422 ], [ -124.613262465173406, 48.748511823242744 ], [ -124.614688937882903, 48.747601175292615 ], [ -124.61466362439576, 48.746387018284437 ], [ -124.616599615729257, 48.743975803254529 ], [ -124.616360730302858, 48.743313400607001 ], [ -124.617556110411016, 48.742837810095644 ], [ -124.615459028712948, 48.738806819990486 ], [ -124.615295503967374, 48.736392058137803 ], [ -124.62054417060429, 48.726620116415368 ], [ -124.616138388138111, 48.722804518781317 ], [ -124.616457507855984, 48.72031700139194 ], [ -124.617128867412305, 48.718922120364454 ], [ -124.618127874772185, 48.719123999587531 ], [ -124.618125627789965, 48.718206386729065 ], [ -124.6196645427124, 48.716592385322308 ], [ -124.623931900992872, 48.715695623218615 ], [ -124.625081328037695, 48.712971463920461 ], [ -124.625054265476081, 48.710020967094657 ], [ -124.625918494902351, 48.707732660722613 ], [ -124.62987784437081, 48.702597655084318 ], [ -124.611647607670122, 48.702728541283292 ], [ -124.609772518335205, 48.709036228010895 ], [ -124.589687215171153, 48.706716972830186 ], [ -124.584866901755206, 48.708340685652864 ], [ -124.584980074455856, 48.695603104769241 ], [ -124.559776003880899, 48.695598090626994 ], [ -124.560887899474764, 48.685304241908788 ], [ -124.562204124694745, 48.682173596255858 ], [ -124.562110819676079, 48.678933224748441 ], [ -124.565756110425951, 48.675791792735737 ], [ -124.567884416882876, 48.672146227015489 ], [ -124.568049180300534, 48.669139133022099 ], [ -124.569152442646129, 48.668800222117675 ], [ -124.570072756225514, 48.666070728745304 ], [ -124.572015849572196, 48.665710346032689 ], [ -124.573513935730134, 48.663999520586515 ], [ -124.590841521349148, 48.658363523625383 ], [ -124.606272773871041, 48.659213920905422 ], [ -124.613054793395108, 48.658251459512996 ], [ -124.61605035937859, 48.655952324715869 ], [ -124.61334438733752, 48.64860404560249 ], [ -124.609118461048098, 48.643805004263299 ], [ -124.602490004237367, 48.644112985886203 ], [ -124.599865777884432, 48.634559432335138 ], [ -124.596761805145078, 48.633121073254202 ], [ -124.591338727623921, 48.632023585686291 ], [ -124.589655684926129, 48.630103553664988 ], [ -124.589430917082893, 48.628181385800325 ], [ -124.590355948951199, 48.627385894919172 ], [ -124.589974512551606, 48.626476519376332 ], [ -124.587125481055935, 48.624776463181675 ], [ -124.584004084086104, 48.62718256549352 ], [ -124.581329027675935, 48.630802981239732 ], [ -124.584557678396706, 48.63291778761392 ], [ -124.584641468101992, 48.634293130699248 ], [ -124.581626344412342, 48.635971956798883 ], [ -124.582870468623241, 48.639292613381514 ], [ -124.578758950286471, 48.6410854063787 ], [ -124.572677993656541, 48.639801115138411 ], [ -124.570848771560875, 48.638161714529502 ], [ -124.568961829428872, 48.635533451094439 ], [ -124.569983560687106, 48.634340969310429 ], [ -124.569089755641798, 48.63309361042981 ], [ -124.570189180726999, 48.630469610235174 ], [ -124.569022747494273, 48.630446521845215 ], [ -124.568313999199475, 48.629523537372322 ], [ -124.549744062996865, 48.628533429472917 ], [ -124.539377891729103, 48.634969092716489 ], [ -124.529586047776064, 48.63454577728249 ], [ -124.52718558751161, 48.635663222917636 ], [ -124.526707549674299, 48.638113639390994 ], [ -124.524861736903631, 48.640075355042477 ], [ -124.521624969302948, 48.641683585488373 ], [ -124.517500769809061, 48.642679640785161 ], [ -124.510947456134161, 48.64098748975006 ], [ -124.509593159429429, 48.637001778958393 ], [ -124.507585235288744, 48.637037073048646 ], [ -124.506589963332701, 48.635979509623795 ], [ -124.506760184927103, 48.633035405546558 ], [ -124.505813658598882, 48.631788254062243 ], [ -124.509073362572835, 48.628677758202961 ], [ -124.50880052445072, 48.627568757668065 ], [ -124.509701902137266, 48.625432745608364 ], [ -124.512123469301699, 48.624319369391259 ], [ -124.513617643012523, 48.622248519241907 ], [ -124.518621157773097, 48.618751940063575 ], [ -124.519644435809639, 48.617631853308694 ], [ -124.520593949076314, 48.614811376693282 ], [ -124.524781066293897, 48.613077627450821 ], [ -124.525292117639154, 48.612027256355177 ], [ -124.524458024017704, 48.610810758451485 ], [ -124.524843125812083, 48.6098830016725 ], [ -124.527196516016261, 48.608793213058767 ], [ -124.527725639697252, 48.607694594175889 ], [ -124.530794958785108, 48.606907120547298 ], [ -124.529907731643348, 48.605380475542752 ], [ -124.530997812186683, 48.603296773284377 ], [ -124.532005363017987, 48.603868152418634 ], [ -124.535040366392082, 48.602406255071664 ], [ -124.53606524551401, 48.602653492336678 ], [ -124.53695235422478, 48.601490073237564 ], [ -124.539013472592771, 48.601913387743579 ], [ -124.547852383269372, 48.600555354736706 ], [ -124.552777740383746, 48.598686700066665 ], [ -124.553855714165167, 48.599337906759239 ], [ -124.557689761349081, 48.596982966186694 ], [ -124.557882586411623, 48.594334326099364 ], [ -124.560369601118296, 48.591953524640417 ], [ -124.563350075157913, 48.590824495652015 ], [ -124.569458434271752, 48.590273556290931 ], [ -124.569378307677027, 48.589437952544444 ], [ -124.572500017806902, 48.587336120785103 ], [ -124.576396742934989, 48.58545450729379 ], [ -124.579229823716531, 48.584840881001583 ], [ -124.580075356261773, 48.583254867553244 ], [ -124.583604413581966, 48.581727909488464 ], [ -124.585868265398105, 48.578868788127252 ], [ -124.591716057991917, 48.574545967335105 ], [ -124.636492659166166, 48.586087659436025 ], [ -124.658086045414009, 48.58586735715695 ], [ -124.658193523178198, 48.590461792830553 ], [ -124.679679452188907, 48.590238555127073 ], [ -124.679867343957923, 48.598124969251415 ], [ -124.703047053873036, 48.597879601139198 ], [ -124.703134941950481, 48.601497179909934 ], [ -124.714152782793832, 48.601378912429631 ], [ -124.714276062053045, 48.606407309638179 ], [ -124.721437001907475, 48.609990983263785 ], [ -124.718892882266957, 48.612988417390227 ], [ -124.719827705448381, 48.616141287163323 ], [ -124.716793160364062, 48.617877837899059 ], [ -124.717004752907997, 48.618918437202858 ], [ -124.718915483912937, 48.620041494541091 ], [ -124.716747326215383, 48.623330654283585 ] ] ] } },
{ "type": "Feature", "properties": { "name": "Clanninick Creek Ecological Reserve", "kind": "Provincial" }, "geometry": { "type": "MultiPolygon", "coordinates": [ [ [ [ -127.38243242985223, 50.061524182624758 ], [ -127.386716056742173, 50.061471445577851 ], [ -127.396247231963997, 50.068686775110812 ], [ -127.389392572499261, 50.070494207722071 ], [ -127.388980527247043, 50.069445122625517 ], [ -127.389740489504263, 50.067485853449412 ], [ -127.383902242800872, 50.065322459742859 ], [ -127.38243242985223, 50.061524182624758 ] ] ], [ [ [ -127.382029270692726, 50.057758891716276 ], [ -127.380139083570782, 50.056531746930794 ], [ -127.383733806168877, 50.056743779271528 ], [ -127.388274179664194, 50.05825955609815 ], [ -127.386542528974161, 50.05948573138101 ], [ -127.386633817028255, 50.061182670411796 ], [ -127.382315638269148, 50.061259639261827 ], [ -127.382029270692726, 50.057758891716276 ] ] ] ] } },
{ "type": "Feature", "properties": { "name": "Desolation Sound Marine Park", "kind": "Provincial" }, "geometry": { "type": "Polygon", "coordinates": [ [ [ -124.642203603223919, 50.159912716249998 ], [ -124.642230930790092, 50.156327779319774 ], [ -124.643635500226878, 50.155401089133434 ], [ -124.647329521466901, 50.155476705503304 ], [ -124.649149570301546, 50.156881743683762 ], [ -124.650677070663662, 50.156750219354961 ], [ -124.650684266441644, 50.149945716254059 ], [ -124.640259296945558, 50.149935580974862 ], [ -124.638657946457741, 50.145745608275647 ], [ -124.631506554846126, 50.142216434289679 ], [ -124.62650847362822, 50.141393234575723 ], [ -124.623354632468178, 50.139682758493642 ], [ -124.622478764297654, 50.137980832701189 ], [ -124.619057895305957, 50.13789681034482 ], [ -124.617141554189359, 50.137179000137749 ], [ -124.616218462117331, 50.135418667323236 ], [ -124.616068960519229, 50.132822344622333 ], [ -124.618087911173859, 50.131957848546193 ], [ -124.618461750274406, 50.128158061762782 ], [ -124.615971875047464, 50.126434761697681 ], [ -124.612362487013769, 50.125047585347346 ], [ -124.610280375395249, 50.122096627121628 ], [ -124.608178742452637, 50.120371914258236 ], [ -124.608003486617662, 50.11681850536538 ], [ -124.608587146138461, 50.116018238898477 ], [ -124.607978677987958, 50.11574313469589 ], [ -124.607896272171317, 50.114236391843036 ], [ -124.608954541008941, 50.112812762356612 ], [ -124.612172314754432, 50.110981296225638 ], [ -124.611396773578463, 50.107742984215243 ], [ -124.617423291830974, 50.107473746892801 ], [ -124.618129018762076, 50.108277922610462 ], [ -124.622474742939403, 50.107447935893781 ], [ -124.62541029402162, 50.105994077638712 ], [ -124.629816343927189, 50.105336389947631 ], [ -124.631070381235418, 50.105442943315097 ], [ -124.632505231125791, 50.106825697488468 ], [ -124.634253218101279, 50.106671212437753 ], [ -124.635239963107566, 50.108129401405627 ], [ -124.636341240115996, 50.10848261368411 ], [ -124.639146572255967, 50.107448623560096 ], [ -124.646736854375987, 50.106712309789174 ], [ -124.650654585725704, 50.105721061427403 ], [ -124.652735517401425, 50.104463495129934 ], [ -124.654638925033055, 50.104574569640654 ], [ -124.661135583936371, 50.102220356766708 ], [ -124.662680163253967, 50.097275511053326 ], [ -124.664182821789709, 50.09678556671841 ], [ -124.665384597962031, 50.095411204896273 ], [ -124.670668497574752, 50.092750790125244 ], [ -124.672212630689998, 50.093462891844432 ], [ -124.672845766344679, 50.09280776329085 ], [ -124.676871978703716, 50.09279635490018 ], [ -124.678871796595558, 50.090631567607588 ], [ -124.679206590245116, 50.088424047511459 ], [ -124.684144826044403, 50.087474091903815 ], [ -124.684292215621639, 50.086555476348494 ], [ -124.686283436062453, 50.085457419205092 ], [ -124.685018546063432, 50.084367896032482 ], [ -124.688690746753437, 50.083479176191112 ], [ -124.695293662249114, 50.078851922208926 ], [ -124.695659491477727, 50.07679110657304 ], [ -124.694338587207696, 50.075045015536318 ], [ -124.695647447625177, 50.074747149448413 ], [ -124.695647864838662, 50.06703604710718 ], [ -124.717661889926831, 50.069532296659347 ], [ -124.721556131761758, 50.040866404637853 ], [ -124.740900381350187, 50.033670926178722 ], [ -124.765557482431461, 50.042111451448541 ], [ -124.772676852496261, 50.042111220982406 ], [ -124.772678132021426, 50.0350573298009 ], [ -124.783912149111856, 50.035049655970369 ], [ -124.783924969764243, 50.042285496571999 ], [ -124.779623301818688, 50.04228857035784 ], [ -124.779631492248839, 50.049548825569772 ], [ -124.808436557878352, 50.071591688985585 ], [ -124.808453060338493, 50.07887527210157 ], [ -124.774916746064719, 50.078901921645311 ], [ -124.725310639079183, 50.097357675916491 ], [ -124.74899847439994, 50.116836160800553 ], [ -124.732247881817628, 50.146409505392214 ], [ -124.642203603223919, 50.159912716249998 ] ], [ [ -124.777010036328946, 50.073843269538628 ], [ -124.775455235637494, 50.073622688283969 ], [ -124.77673128820993, 50.073350444116151 ], [ -124.778337786508089, 50.071481389918624 ], [ -124.781179123500223, 50.07036007384054 ], [ -124.781493939251362, 50.069211641441797 ], [ -124.782577710339083, 50.068738310382393 ], [ -124.782538028002605, 50.066603594376772 ], [ -124.765675927459213, 50.066614595116938 ], [ -124.765686160369924, 50.073850406127775 ], [ -124.777010036328946, 50.073843269538628 ] ], [ [ -124.752181107061489, 50.045092153337251 ], [ -124.754682734108187, 50.042455017197888 ], [ -124.754330788333789, 50.041566838947723 ], [ -124.752634283113494, 50.041213032240613 ], [ -124.751834110881362, 50.042645477945968 ], [ -124.749382152418065, 50.042950495649798 ], [ -124.748131941289657, 50.042079847856066 ], [ -124.747648098975773, 50.042738491674093 ], [ -124.744941229575545, 50.038661786876212 ], [ -124.743458911980255, 50.038237899801985 ], [ -124.744087189022068, 50.03726695842326 ], [ -124.743225988437288, 50.036381376193688 ], [ -124.74170553638497, 50.037325136743966 ], [ -124.742566084108645, 50.03817880291448 ], [ -124.739755688970845, 50.040240795060122 ], [ -124.739828339437636, 50.041231040470628 ], [ -124.738172640449008, 50.040558444202141 ], [ -124.737100002383599, 50.041634911009986 ], [ -124.737102915371409, 50.046450921391326 ], [ -124.749205040207116, 50.046446310993254 ], [ -124.752181107061489, 50.045092153337251 ] ], [ [ -124.800715431624965, 50.076646061983737 ], [ -124.80545965108972, 50.076178026905197 ], [ -124.806034833063848, 50.073141151344693 ], [ -124.803704554976605, 50.070877771801982 ], [ -124.802746875280064, 50.070710389271731 ], [ -124.802810937542702, 50.069573719968609 ], [ -124.800210297390706, 50.067132012472214 ], [ -124.793779374652445, 50.066594907880472 ], [ -124.793783667558685, 50.068756414547437 ], [ -124.795122453954107, 50.07026720445225 ], [ -124.79336671976607, 50.071244861609365 ], [ -124.792666068337454, 50.073181535510123 ], [ -124.796903440898305, 50.075751119493688 ], [ -124.800715431624965, 50.076646061983737 ] ], [ [ -124.725050181414204, 50.088423100632298 ], [ -124.724270093559014, 50.087266016646936 ], [ -124.724631474238279, 50.086632429334593 ], [ -124.726065010950236, 50.086874355464346 ], [ -124.726342793978375, 50.086235910587575 ], [ -124.724546249982993, 50.08548012318024 ], [ -124.724108356947767, 50.084610302230686 ], [ -124.725576784277393, 50.084045644656051 ], [ -124.725575044153445, 50.080951776467238 ], [ -124.722244220549811, 50.08095252419767 ], [ -124.723865508826833, 50.081931294781725 ], [ -124.724105224658402, 50.082715925911415 ], [ -124.722717968738721, 50.082542488965423 ], [ -124.72172185675096, 50.08354429670095 ], [ -124.717534300654904, 50.085042086156662 ], [ -124.717535647054362, 50.088189578985769 ], [ -124.725050181414204, 50.088423100632298 ] ], [ [ -124.659130222709592, 50.14994893616133 ], [ -124.667799869060929, 50.148460192984736 ], [ -124.668997233346346, 50.147510445945777 ], [ -124.667014105170821, 50.14693093686158 ], [ -124.664317793232811, 50.147317018283907 ], [ -124.664224044864355, 50.146870376602891 ], [ -124.665498908138247, 50.146333028096471 ], [ -124.659133137816852, 50.146330996734193 ], [ -124.659130222709592, 50.14994893616133 ] ], [ [ -124.758039953838122, 50.045238487275441 ], [ -124.756430699770178, 50.045584729948771 ], [ -124.756775549348248, 50.047576269950881 ], [ -124.755643003812281, 50.04793865339208 ], [ -124.755812084305063, 50.048738307768936 ], [ -124.754928657611202, 50.049181241054093 ], [ -124.7542911213352, 50.048498317034877 ], [ -124.752402023553515, 50.048263326049785 ], [ -124.752370372030839, 50.05194258138534 ], [ -124.757971027817661, 50.051957376264767 ], [ -124.758039953838122, 50.045238487275441 ] ], [ [ -124.664569260541143, 50.128052972160141 ], [ -124.662170398754398, 50.127645287292012 ], [ -124.661541453625276, 50.125702331902254 ], [ -124.660256429026347, 50.124312732904343 ], [ -124.660939102490019, 50.123500204414142 ], [ -124.657421862226855, 50.120131241614367 ], [ -124.65739102245314, 50.118881256355451 ], [ -124.658874298854187, 50.118060584432278 ], [ -124.662549313917268, 50.118680017738285 ], [ -124.667197330942329, 50.118051089009469 ], [ -124.668066266011891, 50.117284344248759 ], [ -124.666546674823365, 50.114668505791812 ], [ -124.668450510087425, 50.113582284777827 ], [ -124.653272969900698, 50.113577161113433 ], [ -124.653258960269724, 50.128049000728879 ], [ -124.664569260541143, 50.128052972160141 ] ] ] } },
{ "type": "Feature", "properties": { "name": "Elk Falls Park", "kind": "Provincial" }, "geometry": { "type": "MultiPolygon", "coordinates": [ [ [ [ -125.29437236089592, 50.037074593692154 ], [ -125.297020560527926, 50.03750008816381 ], [ -125.301412093761385, 50.040270399417949 ], [ -125.304782052952191, 50.040772211091436 ], [ -125.30668793758737, 50.043251433182895 ], [ -125.308092823021255, 50.043504354659866 ], [ -125.305787213855709, 50.0461692397257 ], [ -125.308861224138852, 50.043710671077569 ], [ -125.308790138727005, 50.044657555508543 ], [ -125.310820833749773, 50.044654040817996 ], [ -125.312862428998002, 50.046010398563439 ], [ -125.315199926225603, 50.045756891772875 ], [ -125.31519942381496, 50.044386078588701 ], [ -125.320647506725948, 50.043604465120495 ], [ -125.330913988283513, 50.039729922710904 ], [ -125.333733751742315, 50.040172132514698 ], [ -125.338652834091874, 50.042564132343934 ], [ -125.338655053770523, 50.045148925495347 ], [ -125.34007513317151, 50.045148450621127 ], [ -125.334163498701216, 50.051962626755405 ], [ -125.293673408417305, 50.051927863716763 ], [ -125.291973143328988, 50.049020029911709 ], [ -125.291955204735316, 50.04327162882619 ], [ -125.292934494301321, 50.042034165205415 ], [ -125.29852704365652, 50.039715317056341 ], [ -125.296130996927545, 50.038183989437961 ], [ -125.291940012364265, 50.038383910763507 ], [ -125.294108451006323, 50.037862503516514 ], [ -125.29437236089592, 50.037074593692154 ] ] ], [ [ [ -125.297253192421437, 50.037220075774236 ], [ -125.29437236089592, 50.037074593692154 ], [ -125.294367842290171, 50.037075211997276 ], [ -125.294605096020135, 50.036225832723737 ], [ -125.291498420968225, 50.036661029749631 ], [ -125.292809170733065, 50.031717642645241 ], [ -125.295456560568738, 50.031483459561464 ], [ -125.297566432963606, 50.030388909528575 ], [ -125.297527139198792, 50.031219868538614 ], [ -125.299223842334385, 50.031216045810538 ], [ -125.301165089303552, 50.030099376683978 ], [ -125.300398737545066, 50.029064347100707 ], [ -125.300271908967872, 50.026539287224558 ], [ -125.299391494834509, 50.026364106409858 ], [ -125.296683001752129, 50.026609078186162 ], [ -125.29557482060585, 50.025800118839044 ], [ -125.295264350161204, 50.024390146525 ], [ -125.29677831095762, 50.023408927527093 ], [ -125.309295740506485, 50.023414761594836 ], [ -125.309258560273946, 50.028258639062138 ], [ -125.31290029446798, 50.028265285653021 ], [ -125.312354641915107, 50.032394892930164 ], [ -125.313011117808088, 50.032407026825062 ], [ -125.313199638982312, 50.028265817247124 ], [ -125.343162509705394, 50.02831602669324 ], [ -125.343179980707433, 50.030318133212113 ], [ -125.329034096381662, 50.036207937038292 ], [ -125.313233863084321, 50.035885149373932 ], [ -125.302280560782776, 50.039916101003698 ], [ -125.297253192421437, 50.037220075774236 ] ] ], [ [ [ -125.341290860092514, 50.045148027801481 ], [ -125.34354912505583, 50.045147222646889 ], [ -125.343541725895548, 50.03744462887294 ], [ -125.330097353776068, 50.036238211048762 ], [ -125.343182736421483, 50.030632627509448 ], [ -125.34320045434373, 50.036337652325749 ], [ -125.3453021645511, 50.036642657588494 ], [ -125.346824576985057, 50.037790257902856 ], [ -125.345411555224587, 50.040319518854311 ], [ -125.349926558892435, 50.03953550794531 ], [ -125.351164621485921, 50.040005160575198 ], [ -125.351577906765598, 50.041031239824477 ], [ -125.353176971176907, 50.04116973464771 ], [ -125.355891356087625, 50.040125145387712 ], [ -125.359004240421513, 50.041797984477824 ], [ -125.365304871091766, 50.043081120096332 ], [ -125.365307788712144, 50.051923132585891 ], [ -125.335414040483215, 50.051961211016959 ], [ -125.336834575719337, 50.050871136514068 ], [ -125.340031405233432, 50.045974747084045 ], [ -125.341290860092514, 50.045148027801481 ] ] ], [ [ [ -125.321376211146955, 50.036252257597141 ], [ -125.330044583047339, 50.037063973827827 ], [ -125.330258087489753, 50.037746028562452 ], [ -125.31965920073263, 50.042062252349453 ], [ -125.315494046963778, 50.042659806031033 ], [ -125.315917336823873, 50.041492892850123 ], [ -125.315189705244947, 50.04050241419241 ], [ -125.312206055073759, 50.039675298056466 ], [ -125.309617989831679, 50.037873235936871 ], [ -125.311952524038901, 50.036845271636061 ], [ -125.31696505598272, 50.03607728453359 ], [ -125.320593498681276, 50.036201670012794 ], [ -125.32126427832317, 50.03694928658259 ], [ -125.321817085694732, 50.036743743310055 ], [ -125.321376211146955, 50.036252257597141 ] ] ], [ [ [ -125.291940012364265, 50.038383910763507 ], [ -125.29194799396663, 50.040954837772105 ], [ -125.287870639083224, 50.040515102141548 ], [ -125.284726010489834, 50.04304816009757 ], [ -125.284724545749768, 50.037319772063981 ], [ -125.289469048348309, 50.038468749100488 ], [ -125.291940012364265, 50.038383910763507 ] ] ], [ [ [ -125.305111154662058, 50.040751168646509 ], [ -125.303759139833673, 50.039821061305368 ], [ -125.309260865458938, 50.03797719624994 ], [ -125.311977109997542, 50.039880042180933 ], [ -125.31499108806203, 50.040747414396904 ], [ -125.305111154662058, 50.040751168646509 ] ] ], [ [ [ -125.297568808291686, 50.026694786994419 ], [ -125.298828805490501, 50.026595702044972 ], [ -125.299316503315538, 50.027832120871629 ], [ -125.297568808291686, 50.026694786994419 ] ] ], [ [ [ -125.315525332512692, 50.041493985953529 ], [ -125.315199576165668, 50.042390832409751 ], [ -125.315199043531933, 50.040939315199417 ], [ -125.315525332512692, 50.041493985953529 ] ] ], [ [ [ -125.331619207827671, 50.037430407191827 ], [ -125.330637583935101, 50.037591466628818 ], [ -125.330503526710388, 50.037164630764501 ], [ -125.331619207827671, 50.037430407191827 ] ] ] ] } },
{ "type": "Feature", "properties": { "name": "Eves Park", "kind": "Provincial" }, "geometry": { "type": "MultiPolygon", "coordinates": [ [ [ [ -123.700263200033035, 48.8638266270057 ], [ -123.698950526484523, 48.86434249442722 ], [ -123.69621168084754, 48.863476270974225 ], [ -123.696256195579778, 48.858219863369854 ], [ -123.700174450491332, 48.858249371021174 ], [ -123.700263200033035, 48.8638266270057 ] ] ], [ [ [ -123.696038632490399, 48.863554554683539 ], [ -123.695963093989263, 48.863829534230881 ], [ -123.695901581842321, 48.863358385213402 ], [ -123.696038632490399, 48.863554554683539 ] ] ], [ [ [ -123.695654656789387, 48.86170463761637 ], [ -123.695940987387772, 48.862021167607423 ], [ -123.695897454010563, 48.862200282781082 ], [ -123.695654656789387, 48.86170463761637 ] ] ] ] } },
{ "type": "Feature", "properties": { "name": "Strathcona - Westmin Park", "kind": "Provincial" }, "geometry": { "type": "Polygon", "coordinates": [ [ [ -125.579285835582951, 49.585871399524073 ], [ -125.575342600162017, 49.582773521883112 ], [ -125.577222848914175, 49.581761805615272 ], [ -125.580249550134042, 49.58289489696179 ], [ -125.583404681368378, 49.5793321079748 ], [ -125.572532963829801, 49.57526156619042 ], [ -125.572127357592166, 49.575599891811045 ], [ -125.573315072884114, 49.576808313133363 ], [ -125.562660163171174, 49.581236537926941 ], [ -125.556360183232101, 49.574824268966211 ], [ -125.549893690954804, 49.569816160319242 ], [ -125.547650308090809, 49.57180910454521 ], [ -125.538773914471435, 49.567605343793566 ], [ -125.544525214730754, 49.562660971058676 ], [ -125.540325165444614, 49.553232489548328 ], [ -125.545476012682855, 49.552368388402925 ], [ -125.543741885900744, 49.548478521349402 ], [ -125.541174095437754, 49.546131255131364 ], [ -125.54599228562013, 49.545098242823471 ], [ -125.560404940769217, 49.538792474249981 ], [ -125.565921427826282, 49.544056102575155 ], [ -125.568830725917749, 49.542859824176546 ], [ -125.577276993784423, 49.550720817054909 ], [ -125.586150684451596, 49.547223236496187 ], [ -125.590022804940418, 49.550756193461268 ], [ -125.594068760781767, 49.539287690995003 ], [ -125.61253978581307, 49.542044877578334 ], [ -125.606945702988824, 49.557727076218946 ], [ -125.608563792166578, 49.557007312275971 ], [ -125.614224933619823, 49.56239264587208 ], [ -125.604693012917153, 49.566632271324025 ], [ -125.615688303824854, 49.578158549786835 ], [ -125.618084979192062, 49.579320820464986 ], [ -125.617171028736365, 49.580124823306711 ], [ -125.622328696612428, 49.578020282367305 ], [ -125.627995451261896, 49.583891026318398 ], [ -125.629354387740776, 49.583231541783164 ], [ -125.651984488274579, 49.602231406798033 ], [ -125.647512914576112, 49.604550661166527 ], [ -125.606789281104909, 49.613768549040152 ], [ -125.579285835582951, 49.585871399524073 ] ] ] } },
{ "type": "Feature", "properties": { "name": "Maquinna Protected Area", "kind": "Provincial" }, "geometry": { "type": "Polygon", "coordinates": [ [ [ -126.273622623268722, 49.365339377497612 ], [ -126.278535923291457, 49.365344741789201 ], [ -126.27773915980778, 49.379807459027191 ], [ -126.269794686250833, 49.379805359022107 ], [ -126.270331057754063, 49.379312212084166 ], [ -126.269838479701875, 49.378760595349235 ], [ -126.272701752878234, 49.378063627009723 ], [ -126.272349990473415, 49.376453788844252 ], [ -126.273418285221908, 49.375318700688744 ], [ -126.275566062499891, 49.375243525146729 ], [ -126.275626107580592, 49.373052219595927 ], [ -126.274358622345744, 49.37132098292669 ], [ -126.272961271493969, 49.371757282341292 ], [ -126.272696518379689, 49.371190205174194 ], [ -126.273642686650064, 49.370508436245139 ], [ -126.273257120536215, 49.370003898772374 ], [ -126.274486287227333, 49.369575786672705 ], [ -126.274564682008261, 49.367307055928187 ], [ -126.273647541312499, 49.367286297366853 ], [ -126.273622623268722, 49.365339377497612 ] ] ] } },
{ "type": "Feature", "properties": { "name": "Gordon Bay Park", "kind": "Provincial" }, "geometry": { "type": "Polygon", "coordinates": [ [ [ -124.197050104422317, 48.82760313777748 ], [ -124.208602771562525, 48.827707584924482 ], [ -124.208638836966472, 48.832252508264119 ], [ -124.207476610134989, 48.832227608327024 ], [ -124.207436803905523, 48.836750328114164 ], [ -124.206065514100374, 48.837475593623701 ], [ -124.199252274031934, 48.837376970397891 ], [ -124.19920984251749, 48.840091506341444 ], [ -124.19067885490027, 48.840033085141933 ], [ -124.190557520056672, 48.838929866308163 ], [ -124.193282114201665, 48.838883700429967 ], [ -124.196406166825795, 48.837870749821654 ], [ -124.196776108159099, 48.836950929232046 ], [ -124.194599934697166, 48.83629256801099 ], [ -124.193434555032596, 48.834853595476574 ], [ -124.197150513225182, 48.834833878452201 ], [ -124.197050104422317, 48.82760313777748 ] ] ] } },
{ "type": "Feature", "properties": { "name": "Tantalus Park", "kind": "Provincial" }, "geometry": { "type": "MultiPolygon", "coordinates": [ [ [ [ -123.195205687741108, 49.788916972082994 ], [ -123.188447787362406, 49.788930521757564 ], [ -123.186474330630915, 49.786829819256702 ], [ -123.191173309076277, 49.784319716126824 ], [ -123.182778368582589, 49.762442854826432 ], [ -123.172121729801688, 49.746745001616354 ], [ -123.17262784794606, 49.743295018522744 ], [ -123.175198857083473, 49.742193807246643 ], [ -123.176581120933463, 49.740635656777343 ], [ -123.178227403566297, 49.740372298464592 ], [ -123.259426984941342, 49.763343673494134 ], [ -123.262350047829585, 49.765468774132316 ], [ -123.264989327968792, 49.766038405375561 ], [ -123.265336508555521, 49.766442357526664 ], [ -123.264618661081556, 49.767298477696421 ], [ -123.265101429467151, 49.767738100734803 ], [ -123.271966166224729, 49.768286417970103 ], [ -123.274338058115092, 49.769266704770828 ], [ -123.27990600552468, 49.767604343065564 ], [ -123.283653411354905, 49.767563747233154 ], [ -123.286057417032112, 49.768281893346177 ], [ -123.293869400775733, 49.775490820391155 ], [ -123.299067676382975, 49.776258578973241 ], [ -123.29996621283604, 49.780069894597837 ], [ -123.302552088620203, 49.780162106032215 ], [ -123.303869700140865, 49.780959164723164 ], [ -123.303926234681981, 49.783612374754618 ], [ -123.305841464467292, 49.784506778124971 ], [ -123.305464779814983, 49.78790765394632 ], [ -123.304090592318801, 49.79079846574276 ], [ -123.301530684484533, 49.792815400921 ], [ -123.329079687762416, 49.815986228345444 ], [ -123.32959129605959, 49.818188597808764 ], [ -123.356415317794117, 49.864385660485297 ], [ -123.367274763935058, 49.863307822590478 ], [ -123.412858331440376, 49.874001569113005 ], [ -123.429122663059871, 49.894413495078226 ], [ -123.427660419933972, 49.896887824434209 ], [ -123.42351551952126, 49.897735000183509 ], [ -123.416880951783725, 49.894979816433619 ], [ -123.410995356070785, 49.904251405031467 ], [ -123.394540427415322, 49.905127025824839 ], [ -123.361485691785944, 49.885744256184331 ], [ -123.320678609605693, 49.896967687418908 ], [ -123.306943310383474, 49.880572360099158 ], [ -123.283136564646824, 49.875331776312159 ], [ -123.228783593722682, 49.811811580096631 ], [ -123.221178449008647, 49.811778906295181 ], [ -123.221220688965786, 49.808118432916451 ], [ -123.218443021315494, 49.808095790826862 ], [ -123.218570314306064, 49.797114197387984 ], [ -123.213016177416947, 49.797068730737017 ], [ -123.213119717932983, 49.793364418317886 ], [ -123.194888542011483, 49.793298623856245 ], [ -123.195205687741108, 49.788916972082994 ] ] ], [ [ [ -123.316152005736001, 49.896881734319614 ], [ -123.316194898444792, 49.900502177629981 ], [ -123.299101497901532, 49.900503865213132 ], [ -123.301310279177486, 49.897368847803662 ], [ -123.305341369364925, 49.893971869187773 ], [ -123.305553334001615, 49.889645630046246 ], [ -123.307746444771922, 49.889645416411362 ], [ -123.30774722848615, 49.893264160239852 ], [ -123.310548343576897, 49.893263833089748 ], [ -123.310549362401304, 49.896882568278222 ], [ -123.316152005736001, 49.896881734319614 ] ] ] ] } },
{ "type": "Feature", "properties": { "name": "Yellowpoint Bog Ecological Reserve", "kind": "Provincial" }, "geometry": { "type": "Polygon", "coordinates": [ [ [ -123.773537535357576, 49.049319943346063 ], [ -123.795010401836237, 49.049251287403131 ], [ -123.795189595345988, 49.057064287077743 ], [ -123.773221749704931, 49.057217909117234 ], [ -123.773537535357576, 49.049319943346063 ] ] ] } },
{ "type": "Feature", "properties": { "name": "Bowser Ecological Reserve", "kind": "Provincial" }, "geometry": { "type": "Polygon", "coordinates": [ [ [ -124.734369027787338, 49.440759585012437 ], [ -124.747997867260437, 49.440755022649171 ], [ -124.7482177892539, 49.44691145148596 ], [ -124.744572170519504, 49.447081833010671 ], [ -124.741338906548506, 49.448387075762405 ], [ -124.734369027787338, 49.440759585012437 ] ] ] } },
{ "type": "Feature", "properties": { "name": "Trial Islands Ecological Reserve", "kind": "Provincial" }, "geometry": { "type": "MultiPolygon", "coordinates": [ [ [ [ -123.30522831076091, 48.404704148857938 ], [ -123.307462476379413, 48.405489899994535 ], [ -123.30482850248319, 48.405631846222185 ], [ -123.304688075744664, 48.404741571117221 ], [ -123.303147388973144, 48.404682653461023 ], [ -123.302712292267756, 48.404224966230942 ], [ -123.303740127639315, 48.404384208848541 ], [ -123.304462178439806, 48.403113780073426 ], [ -123.30530470043449, 48.40392123611165 ], [ -123.30522831076091, 48.404704148857938 ] ] ], [ [ [ -123.304552034952664, 48.39684862723152 ], [ -123.30777732314499, 48.396742004235186 ], [ -123.307778815258331, 48.397455099912293 ], [ -123.307193459639834, 48.3983784627695 ], [ -123.304552034952664, 48.39684862723152 ] ] ], [ [ [ -123.303657973041055, 48.399661228294477 ], [ -123.30611399658082, 48.400538255682903 ], [ -123.306424791096163, 48.401444209018607 ], [ -123.30415838459875, 48.402016998767934 ], [ -123.304512329823126, 48.400198764538288 ], [ -123.303657973041055, 48.399661228294477 ] ] ], [ [ [ -123.304383439687882, 48.396751012062765 ], [ -123.303756905978389, 48.397230657597262 ], [ -123.303481030546777, 48.39716963868063 ], [ -123.30376223976431, 48.396752660804701 ], [ -123.304383439687882, 48.396751012062765 ] ] ], [ [ [ -123.303171699472429, 48.402091414042445 ], [ -123.303797012293018, 48.402566746564077 ], [ -123.30303791092075, 48.402190882651738 ], [ -123.303171699472429, 48.402091414042445 ] ] ], [ [ [ -123.305424770232705, 48.405954222861894 ], [ -123.30522503596741, 48.406323418437218 ], [ -123.304939323148275, 48.406189309941041 ], [ -123.305424770232705, 48.405954222861894 ] ] ], [ [ [ -123.305830860751385, 48.406106041702685 ], [ -123.305911934439749, 48.405925762952457 ], [ -123.305991990037171, 48.405970622624316 ], [ -123.305830860751385, 48.406106041702685 ] ] ] ] } },
{ "type": "Feature", "properties": { "name": "Megin River Ecological Reserve", "kind": "Provincial" }, "geometry": { "type": "Polygon", "coordinates": [ [ [ -126.084577353497693, 49.437097520270974 ], [ -126.085587583011886, 49.436615652525312 ], [ -126.085316437548173, 49.436302929450662 ], [ -126.088503746792583, 49.435779151231287 ], [ -126.090200868139192, 49.438153407259158 ], [ -126.097099490348043, 49.444215159825504 ], [ -126.092640091156682, 49.44426058536402 ], [ -126.092025668453417, 49.445549640231874 ], [ -126.089882220203833, 49.445396735476542 ], [ -126.088506996136488, 49.446018837317773 ], [ -126.088461019070195, 49.444928981957219 ], [ -126.08392680896462, 49.439029861756971 ], [ -126.084577353497693, 49.437097520270974 ] ] ] } },
{ "type": "Feature", "properties": { "name": "Sulphur Passage Park", "kind": "Provincial" }, "geometry": { "type": "Polygon", "coordinates": [ [ [ -126.089601292492219, 49.38792749649722 ], [ -126.11573024182384, 49.397648522919027 ], [ -126.146994209769318, 49.414476645186134 ], [ -126.145053759630954, 49.416631953578474 ], [ -126.140978996988238, 49.419302355625582 ], [ -126.128826165378499, 49.424525705618841 ], [ -126.129328044271617, 49.426742731858631 ], [ -126.127984011617514, 49.428129429884187 ], [ -126.127649107677968, 49.430300298032734 ], [ -126.125721868961122, 49.431733920881406 ], [ -126.122619975864808, 49.432649712367621 ], [ -126.114642794933232, 49.432786003023637 ], [ -126.109731342611582, 49.433544910075661 ], [ -126.103127624497048, 49.433235180636572 ], [ -126.095363298546687, 49.433828810432317 ], [ -126.068392595526959, 49.419815804991593 ], [ -126.029935883425367, 49.418730749160879 ], [ -126.0441225855444, 49.415202644145339 ], [ -126.04955857891747, 49.40504022760679 ], [ -126.053450690981691, 49.401914418596284 ], [ -126.05694072452917, 49.401710804525592 ], [ -126.056825975390382, 49.400838177755901 ], [ -126.057989476991764, 49.399926163118899 ], [ -126.058239773739928, 49.398199149106134 ], [ -126.063420691789076, 49.396285684976164 ], [ -126.067138044845777, 49.396294988915876 ], [ -126.07330507880863, 49.398008643113762 ], [ -126.0782553717073, 49.397252297444581 ], [ -126.080922372345043, 49.39530177193194 ], [ -126.081043886473921, 49.393253832889073 ], [ -126.089601292492219, 49.38792749649722 ] ] ] } },
{ "type": "Feature", "properties": { "name": "Englishman River Falls Park", "kind": "Provincial" }, "geometry": { "type": "Polygon", "coordinates": [ [ [ -124.357193433917729, 49.241851586371965 ], [ -124.357209597334105, 49.252736550222664 ], [ -124.346159025683491, 49.252707880223099 ], [ -124.346145174530136, 49.241853834308806 ], [ -124.357193433917729, 49.241851586371965 ] ] ] } },
{ "type": "Feature", "properties": { "name": "Strathcona Park", "kind": "Provincial" }, "geometry": { "type": "MultiPolygon", "coordinates": [ [ [ [ -126.095363298546687, 49.433828810432317 ], [ -126.099457180610173, 49.435129311887465 ], [ -126.098605432436514, 49.436380390288726 ], [ -126.099755386759128, 49.436621256893261 ], [ -126.100046267522131, 49.438030048857584 ], [ -126.103481692498391, 49.439404731514742 ], [ -126.10437934437121, 49.441028641646476 ], [ -126.106483478068597, 49.441612146770112 ], [ -126.104242168523371, 49.442419685617487 ], [ -126.106246297833081, 49.443999342618646 ], [ -126.107414174868751, 49.443848644199186 ], [ -126.111590802444397, 49.446499182494335 ], [ -126.114944006632783, 49.445791239452198 ], [ -126.115611737336792, 49.447866148356646 ], [ -126.118606809405875, 49.448977473398109 ], [ -126.121245327108397, 49.448692359147778 ], [ -126.123433744669811, 49.449259671535899 ], [ -126.124877494589143, 49.448404925042439 ], [ -126.126748725120365, 49.449441104695019 ], [ -126.126637293123508, 49.451188689279476 ], [ -126.127589113342253, 49.452295937982385 ], [ -126.125335729704759, 49.452599771952521 ], [ -126.125133180948836, 49.454645967054468 ], [ -126.130370742463654, 49.458302835133303 ], [ -126.133512176687688, 49.457133255539681 ], [ -126.13365117622871, 49.456485959040542 ], [ -126.139643497758854, 49.455466862477884 ], [ -126.142663623116022, 49.45221082495312 ], [ -126.143738666035361, 49.452471310915406 ], [ -126.144904413389071, 49.454020551043918 ], [ -126.147608019044071, 49.454465163548335 ], [ -126.150537650308451, 49.453736729654004 ], [ -126.155500098950213, 49.450260341151349 ], [ -126.158265429392287, 49.451120076167811 ], [ -126.165126364340608, 49.456814490623465 ], [ -126.165163227262894, 49.457371190706901 ], [ -126.162047464167628, 49.459462894708139 ], [ -126.16139851877908, 49.46113832467276 ], [ -126.170750128935566, 49.46436349458633 ], [ -126.16879430861421, 49.466204882042433 ], [ -126.166935617439279, 49.469470093391841 ], [ -126.167121368043254, 49.472470507760583 ], [ -126.166212845581839, 49.474337505062906 ], [ -126.165885461789514, 49.4776692108343 ], [ -126.167638322268999, 49.480975941686012 ], [ -126.164691512754558, 49.482853940774049 ], [ -126.163994704039553, 49.487211191994653 ], [ -126.164948590712072, 49.489051897688555 ], [ -126.163894432962891, 49.489524384921978 ], [ -126.166295116162274, 49.492278690338473 ], [ -126.166602074356803, 49.493579717484799 ], [ -126.170996312434497, 49.497027072165828 ], [ -126.175622696473241, 49.498426698814797 ], [ -126.184745922761479, 49.495502465500195 ], [ -126.189244746055181, 49.497418240358478 ], [ -126.192343495584026, 49.496611895646339 ], [ -126.195386995337117, 49.497252550133084 ], [ -126.195451029113357, 49.498306701055412 ], [ -126.191337270283853, 49.500059104486581 ], [ -126.189900060784396, 49.5023732697192 ], [ -126.188494817207385, 49.502788921895601 ], [ -126.189591075192922, 49.507763669391288 ], [ -126.181287518982501, 49.508011314811746 ], [ -126.179609042964813, 49.509169925713515 ], [ -126.170146893738135, 49.509538446006971 ], [ -126.167335686040133, 49.510369256680299 ], [ -126.168694481495734, 49.514750867497966 ], [ -126.170246680585919, 49.515494595535195 ], [ -126.171879441063311, 49.515428597705956 ], [ -126.174918811448379, 49.517302211984401 ], [ -126.175300054142028, 49.520010475503156 ], [ -126.17626982768256, 49.521833480638911 ], [ -126.17577428513728, 49.523770607828659 ], [ -126.17619116459818, 49.524530503420792 ], [ -126.180943914829641, 49.525995968842068 ], [ -126.185851796555355, 49.524766062011977 ], [ -126.200034901961288, 49.530508296264735 ], [ -126.201166935240167, 49.531741239692032 ], [ -126.206791166158894, 49.533220713727616 ], [ -126.208853162044278, 49.533420465113515 ], [ -126.20919973790248, 49.532729102013029 ], [ -126.211926372012726, 49.532045175518064 ], [ -126.214425782202767, 49.532655209803231 ], [ -126.215141497222618, 49.532222625318013 ], [ -126.214502423748101, 49.53130757977555 ], [ -126.219998203626616, 49.531889667842727 ], [ -126.22034461483598, 49.531198285626246 ], [ -126.221429505819472, 49.531024428475831 ], [ -126.226045714518293, 49.532250837303174 ], [ -126.232701621235307, 49.531141833187284 ], [ -126.239286654693942, 49.533001585667911 ], [ -126.243293661806746, 49.534993434436522 ], [ -126.248220011860255, 49.533914251437714 ], [ -126.250829596766593, 49.536675249925274 ], [ -126.254768525003428, 49.539017941008609 ], [ -126.255434810994373, 49.540833026554679 ], [ -126.249416625089211, 49.542689236739768 ], [ -126.245910584029431, 49.546304295120919 ], [ -126.243127374452129, 49.547987269049301 ], [ -126.241274247435641, 49.546793537330046 ], [ -126.240482562222439, 49.54857392918445 ], [ -126.240850764137235, 49.55158152004126 ], [ -126.240051988021534, 49.556210580753344 ], [ -126.235883481551994, 49.556560837624772 ], [ -126.233019780520394, 49.558291640170346 ], [ -126.230154129626797, 49.5578541767537 ], [ -126.226542882253355, 49.559836789385507 ], [ -126.220035697645713, 49.556930641794978 ], [ -126.215258773986875, 49.553117175502337 ], [ -126.211917293273743, 49.552436897351008 ], [ -126.207356814226159, 49.552926607504041 ], [ -126.20293483171794, 49.556368327832786 ], [ -126.195730999172568, 49.557393369163421 ], [ -126.193736747906016, 49.555995535998399 ], [ -126.188954892413719, 49.554979732855237 ], [ -126.189959535052679, 49.557553149180961 ], [ -126.188410008091438, 49.559114849482846 ], [ -126.187655660058809, 49.561545552984661 ], [ -126.18613176591704, 49.562658016225868 ], [ -126.185473259918083, 49.566090639226672 ], [ -126.184457628382575, 49.56771526708534 ], [ -126.183345914842292, 49.568337936845083 ], [ -126.180114197183741, 49.568409116219222 ], [ -126.177495378861366, 49.569844641762707 ], [ -126.174928301259627, 49.570381717524029 ], [ -126.171005763236053, 49.570435761116372 ], [ -126.166509982754022, 49.572424867416096 ], [ -126.165154613038496, 49.571941833360889 ], [ -126.158221507895448, 49.572221495843898 ], [ -126.156044934106305, 49.57396728651743 ], [ -126.155223571507975, 49.576196192307521 ], [ -126.152065158048416, 49.576318373404696 ], [ -126.151612805862669, 49.578806255077346 ], [ -126.149514250842898, 49.579204370704389 ], [ -126.148214966173967, 49.578470629190974 ], [ -126.147838080038312, 49.576314162558511 ], [ -126.145657911073727, 49.574161197769705 ], [ -126.147384178908595, 49.573554046949546 ], [ -126.146834266439996, 49.572440909162182 ], [ -126.14315424985152, 49.570365822540616 ], [ -126.133655592397133, 49.570283717124276 ], [ -126.129438150044635, 49.56766208578992 ], [ -126.121265299673368, 49.565509656516589 ], [ -126.118627014357443, 49.565943759430041 ], [ -126.115558181607014, 49.568466257732304 ], [ -126.116453901466159, 49.571574406869793 ], [ -126.108545777670372, 49.570090428836608 ], [ -126.107748884205947, 49.571869817422723 ], [ -126.105402359967556, 49.572560802062334 ], [ -126.096667916137605, 49.572104939589202 ], [ -126.094015731674787, 49.570176028383401 ], [ -126.094361567960163, 49.56823546398283 ], [ -126.093892624998631, 49.567074131933154 ], [ -126.091540744920209, 49.566434208055568 ], [ -126.086353771589998, 49.561787356094534 ], [ -126.085599535455515, 49.560517820367032 ], [ -126.08541729162242, 49.558237101283638 ], [ -126.082443195332587, 49.557784235308404 ], [ -126.079173540910276, 49.556028329676337 ], [ -126.073439436535722, 49.555712401821587 ], [ -126.067418426380257, 49.551646311705646 ], [ -126.062817205312228, 49.552688089218627 ], [ -126.060624197406867, 49.554409688391232 ], [ -126.05377870332498, 49.556862489451817 ], [ -126.051928553882291, 49.556965268982374 ], [ -126.047569244286748, 49.560452682751539 ], [ -126.04714310461793, 49.566239640641854 ], [ -126.045517038965841, 49.568326299813585 ], [ -126.038794494232178, 49.568703134373791 ], [ -126.035857913564797, 49.56998638528156 ], [ -126.029271299971086, 49.577077645758237 ], [ -126.023745788814452, 49.576935564196816 ], [ -126.021619023747974, 49.577780466260812 ], [ -126.020528820373144, 49.576044018947975 ], [ -126.016001584543119, 49.573879043900966 ], [ -126.014890292819032, 49.572265956114535 ], [ -126.013024118989051, 49.5712611188615 ], [ -126.01005386103671, 49.572326926752474 ], [ -126.007471861409215, 49.571567392448323 ], [ -126.005076217203026, 49.571857241301053 ], [ -126.000587223526665, 49.574399420971552 ], [ -126.000415048738219, 49.578538553588125 ], [ -125.999483217908903, 49.580015166171044 ], [ -125.999969482872601, 49.581693757712124 ], [ -125.996930198197745, 49.582895835492955 ], [ -125.99363390623391, 49.582172817070024 ], [ -125.993877263684098, 49.581401809849979 ], [ -125.990864371574872, 49.580328194532377 ], [ -125.988523928356997, 49.578256508151767 ], [ -125.984895536637993, 49.577747445264272 ], [ -125.982834622339396, 49.578664300555872 ], [ -125.977759088720987, 49.579129980822593 ], [ -125.975891243975553, 49.580089714614715 ], [ -125.975071541286439, 49.582282997635645 ], [ -125.97348012399425, 49.582355927139226 ], [ -125.973449661079187, 49.583700207369567 ], [ -125.972255906320569, 49.583992790486782 ], [ -125.971013673918762, 49.585410191549435 ], [ -125.969510852298114, 49.585171899664857 ], [ -125.96579273523885, 49.58237740380995 ], [ -125.961958197406915, 49.584176030692092 ], [ -125.958733492321272, 49.583556852450634 ], [ -125.954461984376692, 49.581641819074505 ], [ -125.951970868134339, 49.57712616839283 ], [ -125.951974450427784, 49.575810565890066 ], [ -125.950821480829305, 49.574816385410145 ], [ -125.951305420194402, 49.572977717436679 ], [ -125.946942124659245, 49.571661539343168 ], [ -125.943319521185003, 49.56924074617671 ], [ -125.938414958304932, 49.569113585182116 ], [ -125.937541916742319, 49.567321450440446 ], [ -125.93446308928155, 49.566138090268268 ], [ -125.931840920136764, 49.566299537831931 ], [ -125.931926223478428, 49.701654549131462 ], [ -125.935824740225996, 49.702129924476878 ], [ -125.939156595451863, 49.705469997926997 ], [ -125.944041178170679, 49.707714913798519 ], [ -125.945665980562879, 49.710264537040324 ], [ -125.950532682180452, 49.712506628387231 ], [ -125.950159819352407, 49.712992954189176 ], [ -125.950754609752209, 49.714336254505497 ], [ -125.954315148513118, 49.718541712103843 ], [ -125.954509553251015, 49.72087983758378 ], [ -125.957549772394344, 49.722727421235732 ], [ -125.957046423924936, 49.722893224515161 ], [ -125.957576330716321, 49.723392475624323 ], [ -125.965922659950479, 49.72417749089027 ], [ -125.970106829774338, 49.726112388380074 ], [ -125.979914451646692, 49.729042044778993 ], [ -125.985899055452734, 49.729943387902708 ], [ -125.988441013306741, 49.7286227032195 ], [ -125.989852939493105, 49.751585358309924 ], [ -125.978054968575805, 49.752789565532886 ], [ -125.97599756393484, 49.754942643668137 ], [ -125.969304464865829, 49.756154106510238 ], [ -125.966701033056637, 49.758167086551353 ], [ -125.964399150194311, 49.758626896572679 ], [ -125.962385958637014, 49.759974912476522 ], [ -125.959519378448107, 49.759652399693294 ], [ -125.955773288284689, 49.761079569225025 ], [ -125.948491575985827, 49.757801654435276 ], [ -125.94691478878589, 49.758363601329378 ], [ -125.945206012650317, 49.757894279770476 ], [ -125.943691356299524, 49.756961193814732 ], [ -125.942654138204176, 49.755197295019379 ], [ -125.940642399583467, 49.754078877806073 ], [ -125.935486744667145, 49.754011821043619 ], [ -125.932134792504812, 49.755071372232479 ], [ -125.931730505616187, 49.755735342835059 ], [ -125.931820526691922, 49.8395987009024 ], [ -125.925946778769855, 49.839742592872234 ], [ -125.918376163800474, 49.840582387074541 ], [ -125.916362781450019, 49.841184608319232 ], [ -125.910636897001098, 49.844240174957285 ], [ -125.900529866653144, 49.840398777309893 ], [ -125.893112179984783, 49.839380251201675 ], [ -125.890354152686328, 49.839284891075856 ], [ -125.883556378080115, 49.839937211301766 ], [ -125.879447943450131, 49.839414599838527 ], [ -125.871484762953486, 49.839242926209181 ], [ -125.867563259111051, 49.839666371086302 ], [ -125.865238195473125, 49.840250018830808 ], [ -125.863277431650317, 49.841215135477654 ], [ -125.858020796408624, 49.844820013416914 ], [ -125.85469246818046, 49.847566596498012 ], [ -125.844722745510268, 49.851259225976214 ], [ -125.839250569715119, 49.853906630639585 ], [ -125.819976801057422, 49.853765491803863 ], [ -125.797018065135035, 49.852468478928898 ], [ -125.793300631099058, 49.852640153673477 ], [ -125.790641777788267, 49.853242862497716 ], [ -125.784374237393124, 49.855489717743914 ], [ -125.758750918973291, 49.869970317566157 ], [ -125.753376011270191, 49.87095832711848 ], [ -125.739429470756264, 49.87100410509855 ], [ -125.72325713612463, 49.87471171311487 ], [ -125.636622404234984, 49.807033927041516 ], [ -125.635981870286614, 49.809099577975502 ], [ -125.628759859219286, 49.808777944423774 ], [ -125.627196513328343, 49.809605055510907 ], [ -125.62692895396124, 49.810672654188039 ], [ -125.628446060434669, 49.817079312015331 ], [ -125.628165615499867, 49.818758909629736 ], [ -125.629508787035391, 49.822623655848624 ], [ -125.626728140761458, 49.825556446646004 ], [ -125.626317970823038, 49.825228403365124 ], [ -125.626957740090035, 49.829761324805524 ], [ -125.627757112699655, 49.83446153377988 ], [ -125.630978501939154, 49.835764791751998 ], [ -125.63158507122894, 49.837048027559852 ], [ -125.629142766035869, 49.837854386683709 ], [ -125.624981319602611, 49.840809660178437 ], [ -125.623216469258494, 49.841140583440961 ], [ -125.624252249076562, 49.841241444354345 ], [ -125.62581121715364, 49.840581950734347 ], [ -125.628158482525421, 49.842892298816508 ], [ -125.62640555561029, 49.843317150045124 ], [ -125.626959606106965, 49.845373644230413 ], [ -125.632562044767681, 49.847999206309247 ], [ -125.633452359060101, 49.84728628543575 ], [ -125.632092605522274, 49.8452886153622 ], [ -125.632267114329011, 49.844484015327751 ], [ -125.628915102266291, 49.843116298729299 ], [ -125.630747288906875, 49.842449488523236 ], [ -125.633071671706887, 49.840210669515209 ], [ -125.63415902750198, 49.840158970419679 ], [ -125.633303109665434, 49.839094418593859 ], [ -125.6338064001215, 49.838493746933999 ], [ -125.632544442782091, 49.838027658114711 ], [ -125.633959238903216, 49.837811093434354 ], [ -125.632680026857685, 49.837250939591947 ], [ -125.636050253019874, 49.837201286674372 ], [ -125.637641278005731, 49.839400535781643 ], [ -125.63960846361249, 49.840714115754913 ], [ -125.641343242310086, 49.840872481845899 ], [ -125.641463435697702, 49.84299726629294 ], [ -125.639059567939142, 49.84526504657304 ], [ -125.640158397127507, 49.845469404213908 ], [ -125.639649983753969, 49.845624928537035 ], [ -125.640119343360453, 49.846986105527463 ], [ -125.641568748123575, 49.847623255867838 ], [ -125.641999818814682, 49.84864795173678 ], [ -125.64302997494363, 49.847886789304255 ], [ -125.644213273632545, 49.848981451060965 ], [ -125.64421643487114, 49.850184906999971 ], [ -125.644810586842524, 49.850184049226016 ], [ -125.64375676008342, 49.85439224117053 ], [ -125.64404435728261, 49.856067892853353 ], [ -125.646150929068895, 49.856550570100651 ], [ -125.646116011633197, 49.859659430208197 ], [ -125.647034056779034, 49.861442136320882 ], [ -125.64711522853645, 49.862632235456552 ], [ -125.645350213613, 49.865285868249146 ], [ -125.6448354720346, 49.867748989409328 ], [ -125.64559724694378, 49.868883060762293 ], [ -125.650730467800059, 49.870714748726122 ], [ -125.645826274115095, 49.870712294965415 ], [ -125.645824351388725, 49.872520823742683 ], [ -125.64302613416946, 49.87251936260445 ], [ -125.64303014497402, 49.868902300463326 ], [ -125.639608167403793, 49.868900370418643 ], [ -125.639612751687579, 49.865030987600704 ], [ -125.6364519972323, 49.865029107133637 ], [ -125.635035647157565, 49.864225506870255 ], [ -125.634091899233553, 49.861407403000491 ], [ -125.62886566866446, 49.859354971564287 ], [ -125.628588632715108, 49.857247240407048 ], [ -125.629271398893252, 49.856296160748762 ], [ -125.628099318797055, 49.856660106270049 ], [ -125.624599358627123, 49.854782848784723 ], [ -125.622802103968681, 49.855984010577728 ], [ -125.622608841554069, 49.854679488758606 ], [ -125.62376290004589, 49.853902204806118 ], [ -125.62644353108459, 49.84950995811608 ], [ -125.624411779101081, 49.846474906061658 ], [ -125.622399416507676, 49.84475729713715 ], [ -125.621599193921, 49.841962818657336 ], [ -125.622327427000187, 49.841412851780596 ], [ -125.621106129694567, 49.841558786864617 ], [ -125.615504198829683, 49.835463011210088 ], [ -125.613164148635065, 49.832110897772878 ], [ -125.613016866726667, 49.830926763164292 ], [ -125.611279610497775, 49.830246252416678 ], [ -125.604349984702296, 49.823668853470011 ], [ -125.60189465956222, 49.82037756879285 ], [ -125.601646821028424, 49.818633435917306 ], [ -125.59979728053888, 49.816525838682281 ], [ -125.598940626633706, 49.816521684162986 ], [ -125.598919759562619, 49.828275272793299 ], [ -125.601687176562308, 49.828276104262557 ], [ -125.601682202951793, 49.830992966637496 ], [ -125.605876078448588, 49.830993165758962 ], [ -125.605870394013834, 49.833773017051335 ], [ -125.612276772018774, 49.833822131444187 ], [ -125.612265981670774, 49.83585543198032 ], [ -125.601765217413899, 49.835907343274528 ], [ -125.588925624284585, 49.820263359792932 ], [ -125.586117519987951, 49.813030429704106 ], [ -125.586075218714427, 49.789884965737031 ], [ -125.583269827281654, 49.783555996105164 ], [ -125.582923606938721, 49.776582897961717 ], [ -125.582924865738107, 49.776133063389082 ], [ -125.586354304621636, 49.776132988834746 ], [ -125.58635505489552, 49.766953525584903 ], [ -125.57908242679963, 49.76122701260892 ], [ -125.576279010757133, 49.756791459423674 ], [ -125.574852746540358, 49.756800701734413 ], [ -125.574419406861452, 49.757606460843583 ], [ -125.481039347298747, 49.684893848599863 ], [ -125.46988745801572, 49.684893973504387 ], [ -125.478953684094805, 49.698113048085574 ], [ -125.457400737492875, 49.701851612105763 ], [ -125.456366264744318, 49.682330033742744 ], [ -125.439639508233185, 49.682323971256181 ], [ -125.439621444551108, 49.696794192259219 ], [ -125.428466472591751, 49.696785870134391 ], [ -125.428414838085061, 49.732959132972319 ], [ -125.401892150214991, 49.732941167218122 ], [ -125.401881241672911, 49.738437801649923 ], [ -125.399112937454106, 49.738436727671171 ], [ -125.399108642093736, 49.736520715242079 ], [ -125.39352741266849, 49.736523791497042 ], [ -125.393523450203872, 49.734715712084594 ], [ -125.390733477000396, 49.734719385594715 ], [ -125.390727684461453, 49.732007284622341 ], [ -125.385221267360379, 49.731994925824431 ], [ -125.384371931656062, 49.732903004330609 ], [ -125.384542612079201, 49.735022479449874 ], [ -125.382420421472943, 49.738812881538024 ], [ -125.380387176524664, 49.739331476389786 ], [ -125.378911196481596, 49.74329744795569 ], [ -125.345176571478632, 49.744048579952249 ], [ -125.325796758360397, 49.742388464344714 ], [ -125.325791736491922, 49.744722943061205 ], [ -125.32473704151765, 49.745837087881512 ], [ -125.322847103721429, 49.746050430280832 ], [ -125.31939594269943, 49.744338481104315 ], [ -125.320011919962553, 49.744901864976853 ], [ -125.318609053373791, 49.745267296685157 ], [ -125.318907368243146, 49.744208834125985 ], [ -125.314004794209609, 49.743002535357057 ], [ -125.313399139511844, 49.742344463893424 ], [ -125.313196562772262, 49.739316967867026 ], [ -125.310638991104426, 49.737141609826686 ], [ -125.297983205449768, 49.730511809599243 ], [ -125.297237165513053, 49.728277702561968 ], [ -125.305090998921258, 49.72080362391867 ], [ -125.305085958538442, 49.695930624905387 ], [ -125.245052641622351, 49.695923046258535 ], [ -125.245064686724675, 49.685069549158129 ], [ -125.222757763834011, 49.6850547581477 ], [ -125.222781039042331, 49.670584805141615 ], [ -125.211634435322011, 49.670573430925735 ], [ -125.211646225828133, 49.664244760728749 ], [ -125.196391179603197, 49.664206908984468 ], [ -125.196393104172088, 49.665470758790725 ], [ -125.188447302600409, 49.665306287675349 ], [ -125.188431643421794, 49.654723358444009 ], [ -125.189825073800009, 49.654723987687795 ], [ -125.189820552705157, 49.652915941113321 ], [ -125.202292217032607, 49.652895193720248 ], [ -125.202288116112499, 49.654703406960351 ], [ -125.207860719150119, 49.654709669632176 ], [ -125.207882829720276, 49.642951894536751 ], [ -125.209275487872233, 49.642952316973357 ], [ -125.209281952596797, 49.639470847789127 ], [ -125.219031740687043, 49.639477718281114 ], [ -125.219028687350871, 49.641285906516217 ], [ -125.224599090857978, 49.641286928182822 ], [ -125.224594797507436, 49.644003703928682 ], [ -125.231179505960839, 49.644007375098262 ], [ -125.232064349624224, 49.644584025903441 ], [ -125.232037249806424, 49.664357091835967 ], [ -125.250988053208175, 49.664367897313397 ], [ -125.250981703223218, 49.669540533270194 ], [ -125.25237511109664, 49.669540422251075 ], [ -125.252374411906558, 49.670444493288251 ], [ -125.307285116273562, 49.670451387837176 ], [ -125.307285469156639, 49.671355448614335 ], [ -125.308677143904077, 49.671354687367646 ], [ -125.308677523894076, 49.672258764968277 ], [ -125.310069240076601, 49.672257968047226 ], [ -125.310069633598943, 49.673162044395276 ], [ -125.311463318250574, 49.673165703456036 ], [ -125.311463296048288, 49.674069775833985 ], [ -125.314247476817982, 49.674072612558497 ], [ -125.314247952784413, 49.674976668572015 ], [ -125.315639750868556, 49.674975818514774 ], [ -125.315640240239077, 49.675879882269847 ], [ -125.318425608775613, 49.675878103591934 ], [ -125.31842616678712, 49.676782166262427 ], [ -125.324002834734074, 49.67678277599191 ], [ -125.324005020660124, 49.680399029928537 ], [ -125.325398687081858, 49.680398011871276 ], [ -125.325398005757734, 49.679493953965249 ], [ -125.326790137669789, 49.679497460184287 ], [ -125.32678942899588, 49.678593401132055 ], [ -125.328182624469093, 49.678592389885615 ], [ -125.328182794327432, 49.68040052577318 ], [ -125.330968837887156, 49.680398429069797 ], [ -125.330969628913493, 49.681302476784282 ], [ -125.333754424407232, 49.681300345874277 ], [ -125.333755256250825, 49.682204401320689 ], [ -125.347695476305958, 49.682201356219025 ], [ -125.347695066630848, 49.683100939908186 ], [ -125.350477797006661, 49.683089445996465 ], [ -125.350476984426138, 49.683989043827424 ], [ -125.351868369458742, 49.683983265715355 ], [ -125.351867597928859, 49.684882862498846 ], [ -125.35465062131945, 49.684875760587978 ], [ -125.354649269476056, 49.688478597717605 ], [ -125.360222450633046, 49.688459533990084 ], [ -125.360221842416081, 49.689359134113964 ], [ -125.363005121681979, 49.689351818912961 ], [ -125.363002210729334, 49.688443311769149 ], [ -125.364393714902874, 49.688437391751535 ], [ -125.364391220087541, 49.687528868064199 ], [ -125.369963422372493, 49.687509355368498 ], [ -125.369954762549412, 49.684783817690935 ], [ -125.36856119326842, 49.684780846347742 ], [ -125.368552630950049, 49.682055298097787 ], [ -125.362969353412083, 49.682038988023997 ], [ -125.362949098694088, 49.667565161118894 ], [ -125.37409391046404, 49.667557473968188 ], [ -125.374072234188503, 49.653083642127257 ], [ -125.385213256684438, 49.653074941854463 ], [ -125.385201267073811, 49.645842519574003 ], [ -125.378235570569814, 49.645846445596391 ], [ -125.378233933656958, 49.644942407272744 ], [ -125.372810865932067, 49.64494577631563 ], [ -125.372672568815432, 49.632057549041825 ], [ -125.340715606958696, 49.632074207145813 ], [ -125.340711885325177, 49.62845795523355 ], [ -125.312865681449253, 49.628464656829024 ], [ -125.31286273415239, 49.616707181351167 ], [ -125.340703070148678, 49.616700569799292 ], [ -125.340696800827359, 49.6094635232106 ], [ -125.344872599660704, 49.609459944560861 ], [ -125.344868926802619, 49.604939583297138 ], [ -125.358785535379909, 49.604931059715099 ], [ -125.358774379648082, 49.599520271218672 ], [ -125.371820640405815, 49.599496420550949 ], [ -125.211051293240018, 49.473091197485815 ], [ -125.224767511458381, 49.473089375317407 ], [ -125.231461044704247, 49.471845790472244 ], [ -125.233113626570002, 49.470541881788449 ], [ -125.233910908910204, 49.470597272182232 ], [ -125.233920527762976, 49.456015107440535 ], [ -125.234486273103514, 49.455776717840074 ], [ -125.24020890168697, 49.457849388171056 ], [ -125.242531013541765, 49.456384388744986 ], [ -125.244037793316679, 49.452322373160953 ], [ -125.245737086741642, 49.451729700042328 ], [ -125.24684325552299, 49.452227315725331 ], [ -125.247905399116746, 49.451357850746263 ], [ -125.254582897247829, 49.4528265537256 ], [ -125.256363929517804, 49.452705847407572 ], [ -125.258152478271327, 49.4514388681187 ], [ -125.259969092548218, 49.451184556460412 ], [ -125.261808553310942, 49.451616135503365 ], [ -125.262609026828017, 49.452763386089565 ], [ -125.264228615909673, 49.452528493484479 ], [ -125.264594237400289, 49.451608268021616 ], [ -125.263574894005174, 49.450798324065353 ], [ -125.264098904927636, 49.450163615426007 ], [ -125.263336657598671, 49.448403332429656 ], [ -125.263954565718834, 49.44772463055309 ], [ -125.263897781240033, 49.444052446170964 ], [ -125.267080809569819, 49.44124487713502 ], [ -125.269405046877438, 49.440065582859503 ], [ -125.26940412152203, 49.415936174788001 ], [ -125.270576046423329, 49.41555495510412 ], [ -125.290071089038804, 49.415311432702381 ], [ -125.289992460033488, 49.421459865804842 ], [ -125.297666562200931, 49.421518047436159 ], [ -125.301085750384431, 49.424369195030827 ], [ -125.303447536061967, 49.425348674744782 ], [ -125.303946313219896, 49.426276046368919 ], [ -125.309718118723822, 49.427550642160547 ], [ -125.314401919865844, 49.429908899774404 ], [ -125.319669359238816, 49.431272478778503 ], [ -125.320304732866134, 49.431746668925321 ], [ -125.320220347202778, 49.433385641722737 ], [ -125.32366247558231, 49.434951130836346 ], [ -125.323381179581162, 49.43562464132431 ], [ -125.324825648115322, 49.437080447633306 ], [ -125.333804391780546, 49.44198262518654 ], [ -125.337236591195477, 49.444582101677547 ], [ -125.341779659002185, 49.445748720363596 ], [ -125.346646949220982, 49.446004222384261 ], [ -125.346545255688426, 49.448450032924903 ], [ -125.349456100841039, 49.450102906681821 ], [ -125.352189475827004, 49.450705837381086 ], [ -125.353670703238734, 49.451957287863934 ], [ -125.354187322460845, 49.453413495356855 ], [ -125.358060222781347, 49.453666824317672 ], [ -125.360754842297126, 49.454945240964761 ], [ -125.367216956284523, 49.456161939185961 ], [ -125.37820386729841, 49.456272377184689 ], [ -125.382139836967511, 49.458755122687052 ], [ -125.387054242162407, 49.458941951857739 ], [ -125.3880618668057, 49.458184254658626 ], [ -125.391850312344189, 49.45735352289288 ], [ -125.392716388538943, 49.456195787885783 ], [ -125.392564558727884, 49.453210286316029 ], [ -125.391543441320664, 49.451193030096597 ], [ -125.391784764301761, 49.45004189860331 ], [ -125.359080268956646, 49.425116967885785 ], [ -125.361544973220845, 49.424563339176537 ], [ -125.364705818117642, 49.422256688646335 ], [ -125.36632622958146, 49.422235330790919 ], [ -125.36818845610388, 49.420900332112211 ], [ -125.370147966330563, 49.4209720004174 ], [ -125.37170525774259, 49.420166077171686 ], [ -125.372378342253128, 49.41893870293616 ], [ -125.378380031781958, 49.419282135753633 ], [ -125.381150381411643, 49.416022011556684 ], [ -125.380818028048594, 49.413993549209792 ], [ -125.381484745741346, 49.412332788387587 ], [ -125.381003674663134, 49.411169362481999 ], [ -125.381543595237858, 49.410645281595528 ], [ -125.384248083093311, 49.408761299609836 ], [ -125.389362737573038, 49.407272253375496 ], [ -125.391615198317396, 49.405111550108408 ], [ -125.395277051394672, 49.405287609561015 ], [ -125.394734364894788, 49.401375506279606 ], [ -125.393349478499331, 49.399480026696715 ], [ -125.394060805492018, 49.39832877218344 ], [ -125.396622778432814, 49.396686326775445 ], [ -125.398754879027351, 49.396597122910698 ], [ -125.404360429461008, 49.393403910019835 ], [ -125.420824994405393, 49.387410997196071 ], [ -125.427621953966479, 49.387268384980473 ], [ -125.428751874129503, 49.387823551398739 ], [ -125.434347129005332, 49.387935640758322 ], [ -125.436699946419353, 49.387464883181472 ], [ -125.439876049961754, 49.385302568246871 ], [ -125.4430349226201, 49.384752197522388 ], [ -125.444489709926117, 49.383792936812966 ], [ -125.447783958110691, 49.380631745583713 ], [ -125.449490682666095, 49.377535997935169 ], [ -125.470722496771202, 49.382075511598707 ], [ -125.484463510728247, 49.383531760276675 ], [ -125.485234788203272, 49.384342833001298 ], [ -125.489157153586262, 49.384789182799651 ], [ -125.492590725920607, 49.386013630934904 ], [ -125.498205981258323, 49.386051282621601 ], [ -125.499330237319739, 49.386993581029934 ], [ -125.500885040509999, 49.386704043264253 ], [ -125.506714572649798, 49.388332000645832 ], [ -125.510965094458101, 49.388176729174816 ], [ -125.513589803152954, 49.388839373748752 ], [ -125.513187356346691, 49.389594820118788 ], [ -125.521079801958152, 49.390583416157362 ], [ -125.525877161222283, 49.393024592517904 ], [ -125.527363296372386, 49.395394122343902 ], [ -125.53398586744261, 49.395788865988408 ], [ -125.536789854913181, 49.397508615294278 ], [ -125.545096155973738, 49.400690585763904 ], [ -125.554674558378466, 49.398967820153608 ], [ -125.557767384137392, 49.400215864977689 ], [ -125.561335847517512, 49.399827956313125 ], [ -125.561613146707458, 49.400388581707219 ], [ -125.57426996597971, 49.394898389085434 ], [ -125.576419196348425, 49.394616585030107 ], [ -125.578955811354788, 49.397519807589184 ], [ -125.577951333443664, 49.399190556545143 ], [ -125.580926615455425, 49.403296447137301 ], [ -125.579239945091942, 49.404782537353675 ], [ -125.580877646614127, 49.405867506447549 ], [ -125.587609368896565, 49.407690165765921 ], [ -125.589167942717111, 49.409274610881944 ], [ -125.590482675154149, 49.40936808525867 ], [ -125.600248422658382, 49.407100565943693 ], [ -125.602678237618534, 49.408206403858344 ], [ -125.605738970974301, 49.410809345020816 ], [ -125.612214017594823, 49.411229926792885 ], [ -125.793847776123229, 49.406980914564222 ], [ -125.795845080659902, 49.411053000491435 ], [ -125.795649476308014, 49.414350490078363 ], [ -125.796467025853133, 49.414420683194152 ], [ -125.798952125646295, 49.416654637683209 ], [ -125.798552182873635, 49.418673578701494 ], [ -125.799656649956276, 49.421036907322637 ], [ -125.807317873939652, 49.419686474993298 ], [ -125.810320308316946, 49.419644479539393 ], [ -125.812830226106655, 49.420609013584063 ], [ -125.814799661813467, 49.419598420778961 ], [ -125.817967980371975, 49.419296269792767 ], [ -125.820816384699015, 49.420015473988492 ], [ -125.822965734841489, 49.422035205632156 ], [ -125.826690247507074, 49.423329622934205 ], [ -125.828247165403781, 49.42346246182791 ], [ -125.829951328926214, 49.421840342655976 ], [ -125.832004909708402, 49.421418164617158 ], [ -125.837103151858358, 49.422375686223106 ], [ -125.840556575453547, 49.421676059486494 ], [ -125.841485458284652, 49.422714834145452 ], [ -125.84110133398795, 49.424022803363371 ], [ -125.84215062579905, 49.425924280306155 ], [ -125.841641349925837, 49.426684522805807 ], [ -125.843030178537234, 49.427539016870881 ], [ -125.843474960744516, 49.429452370469107 ], [ -125.848149122863134, 49.430134955026816 ], [ -125.851647566923504, 49.429095012635194 ], [ -125.851899571225218, 49.427019571310986 ], [ -125.853679684426467, 49.425608117947561 ], [ -125.85960667500413, 49.424831820630644 ], [ -125.867130391784499, 49.424951268016983 ], [ -125.870371632245437, 49.424007115828068 ], [ -125.873925555022424, 49.421729566464158 ], [ -125.879572332604155, 49.421597989552936 ], [ -125.881923927051062, 49.420306807878632 ], [ -125.882295207146626, 49.418249297325936 ], [ -125.884716035066916, 49.416731404694623 ], [ -125.888193075985143, 49.415825848536215 ], [ -125.889137555735473, 49.414764896617754 ], [ -125.888987698880825, 49.412216280924788 ], [ -125.930841993729501, 49.411536862900547 ], [ -125.931848249733008, 49.426871925776403 ], [ -125.935285942862109, 49.428158152204404 ], [ -125.938457119109714, 49.428521392458315 ], [ -125.939877253911462, 49.427819504014295 ], [ -125.940976212714858, 49.428205390319171 ], [ -125.944370859632031, 49.427309222421719 ], [ -125.946293372936125, 49.425325911823222 ], [ -125.951236994282056, 49.424352046221578 ], [ -125.958839106248178, 49.425464146750727 ], [ -125.959847467669832, 49.426176057663504 ], [ -125.96123226691509, 49.429244460183327 ], [ -125.961463494605454, 49.431784624239249 ], [ -125.963241309532052, 49.433511414567754 ], [ -125.962911194592834, 49.434671466090293 ], [ -125.968604383524337, 49.435514982973615 ], [ -125.973075740032968, 49.440330252606884 ], [ -125.981794998443618, 49.441689013695814 ], [ -125.985205210460407, 49.441298076939795 ], [ -125.987561823494715, 49.441908936567295 ], [ -125.988326930711466, 49.441331344005334 ], [ -125.991447450277533, 49.443409838079745 ], [ -125.996669236950339, 49.444417115789747 ], [ -126.006007390994881, 49.443514847954255 ], [ -126.00820098399376, 49.442159165249912 ], [ -126.015626762932129, 49.445293161195643 ], [ -126.019544407864871, 49.443945789871343 ], [ -126.026154520920699, 49.443651267072426 ], [ -126.033598346716232, 49.445643825352235 ], [ -126.021892573166056, 49.428619505380446 ], [ -126.029935883425367, 49.418730749160879 ], [ -126.068392595526959, 49.419815804991593 ], [ -126.095363298546687, 49.433828810432317 ] ], [ [ -126.088506996136488, 49.446018837317773 ], [ -126.092025668453417, 49.445549640231874 ], [ -126.092640091156682, 49.44426058536402 ], [ -126.097099490348043, 49.444215159825504 ], [ -126.090200868139192, 49.438153407259158 ], [ -126.088503746792583, 49.435779151231287 ], [ -126.085316437548173, 49.436302929450662 ], [ -126.085086344126552, 49.436801343791871 ], [ -126.083500993464369, 49.435960985202321 ], [ -126.081644834561885, 49.436733719168252 ], [ -126.081644138167988, 49.438664269876824 ], [ -126.083853437190029, 49.438664598937038 ], [ -126.084984765230701, 49.440963855150166 ], [ -126.088461019070195, 49.444928981957219 ], [ -126.088506996136488, 49.446018837317773 ] ], [ [ -125.92126628565795, 49.417801294162302 ], [ -125.92126528785154, 49.415992749169092 ], [ -125.918489252710927, 49.41599320675239 ], [ -125.916431791016961, 49.41780214535207 ], [ -125.92126628565795, 49.417801294162302 ] ], [ [ -125.382298905217155, 49.682747548627482 ], [ -125.379105432199552, 49.68124120733254 ], [ -125.378666297275942, 49.681478730590584 ], [ -125.378962252511769, 49.682491715266941 ], [ -125.377886721354102, 49.682532103836856 ], [ -125.377447582354435, 49.683491656748501 ], [ -125.379840704270777, 49.684182779358871 ], [ -125.37956992062044, 49.683685674085417 ], [ -125.38022325941607, 49.683219820128791 ], [ -125.382298905217155, 49.682747548627482 ] ], [ [ -126.032585734675521, 49.455267970011356 ], [ -126.031469184595423, 49.454515553735973 ], [ -126.028473228637552, 49.454513745496797 ], [ -126.028470785902044, 49.456186551904402 ], [ -126.029812086426801, 49.455528116615518 ], [ -126.032585734675521, 49.455267970011356 ] ], [ [ -126.029063677443517, 49.45632255139067 ], [ -126.032863311006466, 49.456324786588027 ], [ -126.032858148315952, 49.455616256269089 ], [ -126.029063677443517, 49.45632255139067 ] ], [ [ -125.545476012682855, 49.552368388402925 ], [ -125.540325165444614, 49.553232489548328 ], [ -125.544525214730754, 49.562660971058676 ], [ -125.538773914471435, 49.567605343793566 ], [ -125.547650308090809, 49.57180910454521 ], [ -125.549893690954804, 49.569816160319242 ], [ -125.556360183232101, 49.574824268966211 ], [ -125.562660163171174, 49.581236537926941 ], [ -125.573315072884114, 49.576808313133363 ], [ -125.572127357592166, 49.575599891811045 ], [ -125.572532963829801, 49.57526156619042 ], [ -125.583404681368378, 49.5793321079748 ], [ -125.580249550134042, 49.58289489696179 ], [ -125.577222848914175, 49.581761805615272 ], [ -125.575342600162017, 49.582773521883112 ], [ -125.582115548261001, 49.588240300572281 ], [ -125.592951232335565, 49.600079362464903 ], [ -125.606789281104909, 49.613768549040152 ], [ -125.647512914576112, 49.604550661166527 ], [ -125.651984488274579, 49.602231406798033 ], [ -125.629354387740776, 49.583231541783164 ], [ -125.627995451261896, 49.583891026318398 ], [ -125.622328696612428, 49.578020282367305 ], [ -125.617171028736365, 49.580124823306711 ], [ -125.618084979192062, 49.579320820464986 ], [ -125.615688303824854, 49.578158549786835 ], [ -125.604693012917153, 49.566632271324025 ], [ -125.614224933619823, 49.56239264587208 ], [ -125.608563792166578, 49.557007312275971 ], [ -125.606945702988824, 49.557727076218946 ], [ -125.61253978581307, 49.542044877578334 ], [ -125.594068760781767, 49.539287690995003 ], [ -125.590022804940418, 49.550756193461268 ], [ -125.586150684451596, 49.547223236496187 ], [ -125.577276993784423, 49.550720817054909 ], [ -125.568830725917749, 49.542859824176546 ], [ -125.565921427826282, 49.544056102575155 ], [ -125.560404940769217, 49.538792474249981 ], [ -125.54599228562013, 49.545098242823471 ], [ -125.541174095437754, 49.546131255131364 ], [ -125.543741872089811, 49.548478521291429 ], [ -125.545476012682855, 49.552368388402925 ] ] ], [ [ [ -126.035619189099577, 49.980746728491226 ], [ -126.035297038485098, 49.98288216340049 ], [ -126.035315036616723, 49.98296999639949 ], [ -126.036411790348325, 49.984419435137077 ], [ -126.03524361519753, 49.985290164309397 ], [ -126.033710352087013, 49.988766444187796 ], [ -126.027590166199545, 49.992173160986937 ], [ -126.027880383490427, 49.994933415591206 ], [ -126.026713551216901, 49.995524238581176 ], [ -126.025939961825529, 49.997204667679156 ], [ -126.023573494401461, 49.998688279939749 ], [ -126.020383104039439, 49.999499939476777 ], [ -126.019208956902062, 50.000882145719608 ], [ -126.017516942918334, 50.00095959360749 ], [ -126.016024188960401, 50.002275598914856 ], [ -126.013902995164088, 50.002870703414125 ], [ -126.010698036566893, 50.002486236249723 ], [ -126.009690401561286, 50.00312895615275 ], [ -126.006097128291373, 50.003153182853794 ], [ -126.003369473497713, 50.005466684141652 ], [ -126.003452853972703, 50.007367031766208 ], [ -126.002054293964989, 50.009651893130076 ], [ -125.99582994301538, 50.012267504867943 ], [ -125.995658966231318, 50.013882236663825 ], [ -125.993511444897152, 50.014894283746479 ], [ -125.980657172508529, 50.013147443266412 ], [ -125.980995603339963, 50.010901614782924 ], [ -125.977970439720679, 50.0059774912283 ], [ -125.977785107570526, 50.004710806599093 ], [ -125.97849014623074, 50.003998987872428 ], [ -125.977413551494521, 50.002012491290287 ], [ -125.970553959714891, 50.004495476160457 ], [ -125.964895575362661, 50.004987179646058 ], [ -125.962337900892393, 50.006294011492116 ], [ -125.960321911787446, 50.005313951919199 ], [ -125.956408210290391, 50.001562475984777 ], [ -125.955055741464179, 49.999309939390898 ], [ -125.945125427841589, 50.000306325639173 ], [ -125.939546254685652, 50.001761341117536 ], [ -125.937327971785422, 50.003835699301597 ], [ -125.935564400787513, 50.003755419372688 ], [ -125.932322733603485, 50.005302804330356 ], [ -125.931146734087875, 50.008430194271007 ], [ -125.93011446521065, 50.009154983046329 ], [ -125.929816176324493, 50.011900341703196 ], [ -125.926844896215471, 50.015993625210307 ], [ -125.922025943803163, 50.017104734653564 ], [ -125.906580023242341, 50.017492951220774 ], [ -125.911258739627115, 50.014056045753975 ], [ -125.911686833651984, 50.01167032715302 ], [ -125.910137941047594, 50.011270404134478 ], [ -125.910067802232746, 50.010289609306064 ], [ -125.912248345638673, 50.007951849303183 ], [ -125.911618905303769, 50.006391361557561 ], [ -125.912643011280409, 50.004681371400174 ], [ -125.914419145982393, 50.003252340744666 ], [ -125.914265136809036, 49.999755953706739 ], [ -125.711416626641906, 49.999817234391855 ], [ -125.712112742179457, 49.997134870078519 ], [ -125.71162697578238, 49.996294613538502 ], [ -125.712891188360132, 49.994485091296106 ], [ -125.719769550065394, 49.991178301780934 ], [ -125.721765608304239, 49.989011004122347 ], [ -125.721858527959469, 49.988485852252737 ], [ -125.718860771391945, 49.987582503627038 ], [ -125.720685078789217, 49.98670143379082 ], [ -125.722579441084349, 49.986941720779669 ], [ -125.723180400173717, 49.985541013428168 ], [ -125.720692123872197, 49.984620401434526 ], [ -125.723570868432247, 49.983778316569037 ], [ -125.729731933935454, 49.979049644330956 ], [ -125.724951052985858, 49.978317697596346 ], [ -125.721806311678208, 49.976439371861247 ], [ -125.718266406946483, 49.975292168295184 ], [ -125.720432925821555, 49.971622015403575 ], [ -125.72473988928347, 49.967937043302975 ], [ -125.723453780003865, 49.966099643307651 ], [ -125.723612163767925, 49.964944085781575 ], [ -125.725496175058964, 49.964866745380384 ], [ -125.726539427800603, 49.963261182177419 ], [ -125.726432150148469, 49.961582505739756 ], [ -125.723921570696234, 49.958544071824008 ], [ -125.724192422764858, 49.957795359465251 ], [ -125.723263545812614, 49.957205689792431 ], [ -125.72377504969154, 49.956895151295697 ], [ -125.723262024800405, 49.956398748269244 ], [ -125.723414630567078, 49.955640359652428 ], [ -125.725950451823934, 49.954016956459647 ], [ -125.725182478681702, 49.953441377143854 ], [ -125.726352046180935, 49.951410936183159 ], [ -125.727991137383796, 49.951656316034274 ], [ -125.729494591500753, 49.950668817071687 ], [ -125.729044811523266, 49.949675014664116 ], [ -125.72804318984663, 49.949629819190307 ], [ -125.727179715541865, 49.947775804686238 ], [ -125.72886054291709, 49.945887924751531 ], [ -125.727656573058312, 49.945587019211359 ], [ -125.730107641727955, 49.941121551026811 ], [ -125.730044072295669, 49.940486136403358 ], [ -125.728459408035448, 49.939497043933336 ], [ -125.728812725285778, 49.938124583155052 ], [ -125.725689213246156, 49.936541011083911 ], [ -125.726449885508686, 49.934566909556032 ], [ -125.725516033344746, 49.932778403228454 ], [ -125.72871780107387, 49.928204046184796 ], [ -125.729843064941747, 49.927843608069779 ], [ -125.729369475592506, 49.926836463595279 ], [ -125.731363223764703, 49.925053656181269 ], [ -125.731811086750668, 49.924129506620673 ], [ -125.731164748477809, 49.922913511081347 ], [ -125.731570535617834, 49.920575076747454 ], [ -125.728603526413082, 49.918866849335735 ], [ -125.725189571802005, 49.918383690760002 ], [ -125.72118185357391, 49.918504882362249 ], [ -125.717305566004413, 49.919420136293269 ], [ -125.713395891506863, 49.920536718571853 ], [ -125.710694952607184, 49.922390250413116 ], [ -125.708839019371041, 49.922807180990354 ], [ -125.707874721919922, 49.924335466301834 ], [ -125.707546540445179, 49.926716594551259 ], [ -125.707542064092934, 49.925881818232426 ], [ -125.705477220996968, 49.923492971819023 ], [ -125.703876543296218, 49.923484802581925 ], [ -125.703488327938103, 49.920298717056156 ], [ -125.702735864404943, 49.919511135811447 ], [ -125.70318342156736, 49.917035820198215 ], [ -125.699559550886931, 49.914974774669048 ], [ -125.700177564830184, 49.912104175223533 ], [ -125.700826883725952, 49.911594272933904 ], [ -125.700853223225408, 49.907968314581076 ], [ -125.739137198691452, 49.907937818907754 ], [ -125.739777643728004, 49.906703727336691 ], [ -125.74184755902418, 49.907158538134674 ], [ -125.744086891878737, 49.901986840164739 ], [ -125.747520644192122, 49.901100328037018 ], [ -125.751080507397688, 49.901101324393878 ], [ -125.750858770810751, 49.897089891516984 ], [ -125.751915761651304, 49.896835404099448 ], [ -125.723456211592065, 49.874868372076989 ], [ -125.739474200482718, 49.871182533748325 ], [ -125.75338364794105, 49.871141432226196 ], [ -125.758882523429051, 49.870130540907702 ], [ -125.784543541848109, 49.855635105392423 ], [ -125.790759687990658, 49.853407727852648 ], [ -125.797004631055941, 49.852648093184023 ], [ -125.819963457971625, 49.853944775834151 ], [ -125.838502890341928, 49.854272837144329 ], [ -125.854862229822274, 49.847707749763075 ], [ -125.864356988308018, 49.840803133358115 ], [ -125.870773314002847, 49.839471818173642 ], [ -125.883096698475114, 49.840120310606984 ], [ -125.893074039719934, 49.839559550077489 ], [ -125.900419239100898, 49.840566628143314 ], [ -125.910608293985575, 49.844423281251068 ], [ -125.918447510136943, 49.840761182531125 ], [ -125.931820715481962, 49.839779997334254 ], [ -125.931827519146012, 49.846106361109044 ], [ -125.930993451525595, 49.846103913984315 ], [ -125.930950941290774, 49.844334541804699 ], [ -125.916908364227552, 49.844363519235799 ], [ -125.916913018496487, 49.846180644788191 ], [ -125.905676433654264, 49.846188685082844 ], [ -125.905718118567464, 49.867837057078781 ], [ -125.914148579815446, 49.867827698353281 ], [ -125.914149066095177, 49.872321297034333 ], [ -125.921650975536764, 49.876273788779571 ], [ -125.919586788563564, 49.87824958014572 ], [ -125.920530999892719, 49.881345417969406 ], [ -125.917752707283114, 49.88367943499086 ], [ -125.917933898217655, 49.88491486583353 ], [ -125.91713640141738, 49.885631510448917 ], [ -125.91985648338121, 49.888149713061559 ], [ -125.918137190978769, 49.889658294010353 ], [ -125.9202892573567, 49.890145447646617 ], [ -125.919917859961643, 49.892774060691586 ], [ -125.917974658741514, 49.89506755326115 ], [ -125.917861308183092, 49.896396105092322 ], [ -125.91712465823224, 49.896669105609966 ], [ -125.917883055877923, 49.897552987063889 ], [ -125.914786221817053, 49.899302044049314 ], [ -125.913334264298683, 49.901151608849666 ], [ -125.913515090887003, 49.90231765554902 ], [ -125.914684437096099, 49.903499804914105 ], [ -125.911998514278935, 49.903567330074388 ], [ -125.911772449717674, 49.909823207593554 ], [ -125.910424209759981, 49.91449910536803 ], [ -125.907276884171992, 49.914982937382504 ], [ -125.908012823271221, 49.915405285666587 ], [ -125.907923895599865, 49.916936865560665 ], [ -125.908719145216338, 49.917726550237674 ], [ -125.91389198791191, 49.921177075327201 ], [ -125.91474225647957, 49.923260788837304 ], [ -125.913845448848193, 49.925487388356395 ], [ -125.915568329740509, 49.926121774800819 ], [ -125.917047548795892, 49.92774583397653 ], [ -125.920174160467568, 49.927829014036767 ], [ -125.920181644012288, 49.930026895413882 ], [ -125.918190617911264, 49.935822599627812 ], [ -125.919298456100677, 49.936856234818109 ], [ -125.91928122314674, 49.937954194364167 ], [ -125.920575386667096, 49.939531909217791 ], [ -125.924209232545067, 49.940586773577387 ], [ -125.929514092460749, 49.939594177358082 ], [ -125.933918088832542, 49.94004052678418 ], [ -125.939137730624779, 49.943044926070378 ], [ -125.942379580663655, 49.945763474353903 ], [ -125.94701829885328, 49.945780549478592 ], [ -125.949491635646197, 49.948308539598997 ], [ -125.950608540391542, 49.948334088361079 ], [ -125.950618957604277, 49.949188461523974 ], [ -125.952831876435837, 49.948898196392676 ], [ -125.954635225744283, 49.949862809006817 ], [ -125.955675540875944, 49.952532137791735 ], [ -125.957136984378693, 49.952869702416699 ], [ -125.959378670286895, 49.95562228194305 ], [ -125.961386192308439, 49.955313123114998 ], [ -125.966245253930509, 49.955950532947405 ], [ -125.96915779022288, 49.957105446200465 ], [ -125.970792732081478, 49.960231204785138 ], [ -125.971775834702427, 49.960846729788088 ], [ -125.971339519097441, 49.962819089690235 ], [ -126.003928466153738, 49.957931503654656 ], [ -126.005918175801455, 49.959140941185424 ], [ -126.008008969967875, 49.959401959643394 ], [ -126.010252741770287, 49.961700835930969 ], [ -126.015406338415161, 49.964927580404058 ], [ -126.025743238805731, 49.967386298846108 ], [ -126.033346328137995, 49.967668192032036 ], [ -126.036818693407213, 49.979616876377158 ], [ -126.035619189099577, 49.980746728491226 ] ] ], [ [ [ -126.033269281079512, 49.967403030268898 ], [ -126.025758181513254, 49.967116821465112 ], [ -126.015599647974653, 49.964687937062983 ], [ -126.010578361335305, 49.961528386109897 ], [ -126.008292032155623, 49.959203328526449 ], [ -126.006116151324193, 49.958903002722998 ], [ -126.004372581542583, 49.957864836813869 ], [ -126.029406476641853, 49.954102910667999 ], [ -126.033269281079512, 49.967403030268898 ] ] ], [ [ [ -125.633004687196845, 49.839577981487061 ], [ -125.627708500904077, 49.84035543489744 ], [ -125.62658312463347, 49.840014190936813 ], [ -125.631007237561946, 49.83735439976045 ], [ -125.631534376448528, 49.839125624783989 ], [ -125.633133464037471, 49.839116268339403 ], [ -125.633004687196845, 49.839577981487061 ] ] ], [ [ [ -125.628402725300731, 49.842802852732632 ], [ -125.626531293114652, 49.84101147527852 ], [ -125.626008237846293, 49.840444597858756 ], [ -125.628641532732189, 49.840846549438673 ], [ -125.629002831398083, 49.84257005861528 ], [ -125.628402725300731, 49.842802852732632 ] ] ] ] } },
{ "type": "Feature", "properties": { "name": "White Ridge Park", "kind": "Provincial" }, "geometry": { "type": "Polygon", "coordinates": [ [ [ -125.979010672745588, 49.752756810182788 ], [ -125.979039480497093, 49.76273228593314 ], [ -125.988745919830762, 49.762482118361184 ], [ -125.989630503044282, 49.77685355040839 ], [ -126.000726653059758, 49.776566473194755 ], [ -126.002072040431486, 49.798320955952548 ], [ -125.972255246883009, 49.798952104082417 ], [ -125.972249340166243, 49.795335505192419 ], [ -125.966662525260318, 49.795338908152715 ], [ -125.966657032364139, 49.79172229975849 ], [ -125.962865697278716, 49.791724458759106 ], [ -125.961067951439489, 49.789826671622187 ], [ -125.961065550334851, 49.788108816998047 ], [ -125.955479517954004, 49.788111675325112 ], [ -125.955470284542457, 49.780878420344003 ], [ -125.949885090854963, 49.780880983715086 ], [ -125.949876727125073, 49.773647718223351 ], [ -125.944860495005841, 49.773649780299181 ], [ -125.944009993933264, 49.772759743802467 ], [ -125.943418440931339, 49.767583878911722 ], [ -125.944276003587561, 49.76569081718641 ], [ -125.940592612236927, 49.759338462546978 ], [ -125.940279982019192, 49.754172734199834 ], [ -125.942654138204176, 49.755197295019379 ], [ -125.943691356299524, 49.756961193814732 ], [ -125.945206012650317, 49.757894279770476 ], [ -125.94691478878589, 49.758363601329378 ], [ -125.948491575985827, 49.757801654435276 ], [ -125.955773288284689, 49.761079569225025 ], [ -125.959519378448107, 49.759652399693294 ], [ -125.962876339463733, 49.759818414846308 ], [ -125.964399150194311, 49.758626896572679 ], [ -125.966701033056637, 49.758167086551353 ], [ -125.969304464865829, 49.756154106510238 ], [ -125.97599756393484, 49.754942643668137 ], [ -125.978054968575805, 49.752789565532886 ], [ -125.979010672745588, 49.752756810182788 ] ] ] } },
{ "type": "Feature", "properties": { "name": "Mount Tzuhalem Ecological Reserve", "kind": "Provincial" }, "geometry": { "type": "Polygon", "coordinates": [ [ [ -123.632323151551617, 48.788177119658208 ], [ -123.637220911999137, 48.788186611622145 ], [ -123.644019045546827, 48.791977998667683 ], [ -123.635441613880573, 48.791975565576507 ], [ -123.635423011128168, 48.78988712995109 ], [ -123.632323151551617, 48.788177119658208 ] ] ] } },
{ "type": "Feature", "properties": { "name": "Marble River Park", "kind": "Provincial" }, "geometry": { "type": "Polygon", "coordinates": [ [ [ -127.546208846609787, 50.545973731935945 ], [ -127.555648618610022, 50.534265028165358 ], [ -127.570825522322636, 50.534375070723115 ], [ -127.57305902737059, 50.535307853169698 ], [ -127.573102811711038, 50.561304190202712 ], [ -127.528259729921444, 50.561747087898695 ], [ -127.522681733853659, 50.551283823852408 ], [ -127.513655937639811, 50.551323137189861 ], [ -127.513599878687046, 50.536569100641806 ], [ -127.502315449240143, 50.53656933171245 ], [ -127.488362680230949, 50.539457160723089 ], [ -127.47447171768998, 50.537893240992219 ], [ -127.459275220813026, 50.537210923105512 ], [ -127.436706364104495, 50.537199741796641 ], [ -127.43716110249656, 50.529114343129407 ], [ -127.456152848749042, 50.530825451401896 ], [ -127.484359936984916, 50.530816613894324 ], [ -127.506165739793573, 50.529581733783985 ], [ -127.51325003445254, 50.530272299984212 ], [ -127.546208846609787, 50.545973731935945 ] ], [ [ -127.51927111932433, 50.546069237648524 ], [ -127.519291631178987, 50.54931155104272 ], [ -127.523011173340763, 50.549296150567201 ], [ -127.52085500538486, 50.546483107758711 ], [ -127.51927111932433, 50.546069237648524 ] ], [ [ -127.551541823084975, 50.554167328869624 ], [ -127.554689981670521, 50.554425401595289 ], [ -127.553670890862108, 50.554977654388288 ], [ -127.551256137065806, 50.555691062810027 ], [ -127.55190119874743, 50.557149638918254 ], [ -127.555083797922606, 50.55752654984412 ], [ -127.556434428151519, 50.556998476097526 ], [ -127.55750873563008, 50.555737554538766 ], [ -127.55708067508796, 50.554443921766939 ], [ -127.558201655041842, 50.551549566239828 ], [ -127.561174416584407, 50.548735985845816 ], [ -127.551536094639388, 50.548740570877712 ], [ -127.551541823084975, 50.554167328869624 ] ] ] } },
{ "type": "Feature", "properties": { "name": "Whaleboat Island Marine Park", "kind": "Provincial" }, "geometry": { "type": "Polygon", "coordinates": [ [ [ -123.69096994438992, 49.071204630570612 ], [ -123.694544613773644, 49.071113956634676 ], [ -123.694599836966134, 49.075075869749533 ], [ -123.692584168632607, 49.075105973612899 ], [ -123.691017826202355, 49.073793011446554 ], [ -123.69096994438992, 49.071204630570612 ] ] ] } },
{ "type": "Feature", "properties": { "name": "Lower Nimpkish Park", "kind": "Provincial" }, "geometry": { "type": "Polygon", "coordinates": [ [ [ -127.018148529001522, 50.527155250222769 ], [ -127.019922692565686, 50.528923808759188 ], [ -127.019748935127225, 50.530173160527987 ], [ -127.018419233923808, 50.531750660339526 ], [ -127.015205733345411, 50.533167160428022 ], [ -127.010300427734578, 50.533546581949288 ], [ -127.01447092792732, 50.535366357347137 ], [ -127.015635041699923, 50.536788537129112 ], [ -127.015255069995689, 50.541764627084554 ], [ -127.017488572465751, 50.545345459169006 ], [ -127.015794938346446, 50.548338836481783 ], [ -127.013003448475104, 50.549778656779132 ], [ -127.009953570030717, 50.549905997302901 ], [ -127.009892923306523, 50.54576241596245 ], [ -127.007925307277532, 50.542996808849757 ], [ -127.005786344403859, 50.542014297315632 ], [ -127.004779658057046, 50.54262810328332 ], [ -127.001286108621187, 50.54825020758615 ], [ -127.001256302945691, 50.550273373104957 ], [ -127.003058102146156, 50.551225877489649 ], [ -127.003516290499036, 50.552239898410285 ], [ -127.000401850053052, 50.552374853136151 ], [ -126.998615936573572, 50.551764537726214 ], [ -126.998793834977477, 50.544653490036204 ], [ -127.003493969836882, 50.542193510883884 ], [ -127.004505807909126, 50.540375654661247 ], [ -127.007060695723865, 50.540317776410888 ], [ -127.008664721251478, 50.541056849874977 ], [ -127.009133569264421, 50.538447085144028 ], [ -127.002257912484836, 50.536655429420691 ], [ -126.999381781897668, 50.534398667624913 ], [ -126.998218443840415, 50.532678272757522 ], [ -126.998019787331629, 50.529308164156703 ], [ -127.00056411990623, 50.528118256480937 ], [ -127.005835155801975, 50.527689549292113 ], [ -127.005806289962365, 50.530058773050754 ], [ -127.006948023861284, 50.53054204315923 ], [ -127.009329727829211, 50.531044206855526 ], [ -127.014350323549394, 50.530853271800012 ], [ -127.015993821372234, 50.52930920852107 ], [ -127.013707730335767, 50.52803646559169 ], [ -127.012985968886227, 50.52691068260588 ], [ -127.01636650044226, 50.521176761296687 ], [ -127.021703280215604, 50.521101179161697 ], [ -127.018148529001522, 50.527155250222769 ] ], [ [ -127.009068120497489, 50.535404832225566 ], [ -127.008125930672847, 50.535325745453946 ], [ -127.007967755701941, 50.535394999539477 ], [ -127.009068120497489, 50.535404832225566 ] ], [ [ -127.000483276913386, 50.531507073742084 ], [ -126.999785870852037, 50.531647981248398 ], [ -127.000969305001732, 50.53236087713141 ], [ -127.000483276913386, 50.531507073742084 ] ] ] } },
{ "type": "Feature", "properties": { "name": "Maquinna Marine Park", "kind": "Provincial" }, "geometry": { "type": "Polygon", "coordinates": [ [ [ -126.270210459528528, 49.365339654046686 ], [ -126.264811582845368, 49.362751153501343 ], [ -126.261846904359885, 49.362750070874426 ], [ -126.261851641908095, 49.357325923835667 ], [ -126.249147623487588, 49.357163178404399 ], [ -126.249982727844682, 49.342194674104427 ], [ -126.260914562494165, 49.34245442858564 ], [ -126.28470816513844, 49.345637029852007 ], [ -126.287548835739955, 49.348343431202011 ], [ -126.292054974858729, 49.348877823994691 ], [ -126.293800731178877, 49.352757762289286 ], [ -126.294005773347152, 49.355960103018674 ], [ -126.29565307558471, 49.356629629640913 ], [ -126.300864901471243, 49.35690181015373 ], [ -126.305915925648719, 49.359536234306972 ], [ -126.310074973561143, 49.360556502983194 ], [ -126.309883871535106, 49.364057391505838 ], [ -126.312635361648887, 49.366215819280406 ], [ -126.315873218288075, 49.367754809491686 ], [ -126.324435309188701, 49.3696200424301 ], [ -126.336547089923741, 49.37583344452726 ], [ -126.341804041278905, 49.381759853331282 ], [ -126.34385931093118, 49.38590573249418 ], [ -126.34940459990932, 49.389242136952696 ], [ -126.351744326155199, 49.393270971573813 ], [ -126.355892329221248, 49.395293638944985 ], [ -126.359101816939784, 49.398832121532159 ], [ -126.368140163347661, 49.402107779047888 ], [ -126.374639354195935, 49.402762040670432 ], [ -126.381634630644101, 49.402007479986111 ], [ -126.390238294959346, 49.403527697426419 ], [ -126.396716328010285, 49.406566869067071 ], [ -126.403674936676452, 49.406549853463403 ], [ -126.411567402422563, 49.409321750242576 ], [ -126.414701677864429, 49.411828563524239 ], [ -126.415114110764037, 49.414319268597318 ], [ -126.412696743487274, 49.417141332681872 ], [ -126.410374297729788, 49.418630387556924 ], [ -126.409677367623544, 49.422300640175578 ], [ -126.410298433843337, 49.42644658036361 ], [ -126.418962687246463, 49.430919867426219 ], [ -126.421712731167844, 49.431282252474517 ], [ -126.424399268135716, 49.435446369786362 ], [ -126.424075072891782, 49.439050473756346 ], [ -126.432825623657891, 49.441309687265331 ], [ -126.436910968183312, 49.443088385481346 ], [ -126.43896114516582, 49.444881015687628 ], [ -126.439380058394491, 49.447401908101533 ], [ -126.438712614925464, 49.449887178169405 ], [ -126.436545718560737, 49.451847436151503 ], [ -126.433891209258604, 49.45571443629418 ], [ -126.428600541846023, 49.459329989091984 ], [ -126.42598879118772, 49.460382831853231 ], [ -126.419350704044277, 49.460296106556157 ], [ -126.419240617228823, 49.461122685963119 ], [ -126.41332116146593, 49.461117297108551 ], [ -126.413738269160618, 49.458882550210433 ], [ -126.416592265473426, 49.455788674239813 ], [ -126.423828089638235, 49.455968164718499 ], [ -126.428124923313632, 49.453239018864686 ], [ -126.430685763133013, 49.44913067279348 ], [ -126.43231034959247, 49.447880315238031 ], [ -126.432041389575147, 49.447327223740068 ], [ -126.425716879369148, 49.447322745874921 ], [ -126.416784719912144, 49.444706521215949 ], [ -126.414476502567851, 49.443065865201255 ], [ -126.412440566818333, 49.439365104989719 ], [ -126.41296694490201, 49.436971179939654 ], [ -126.40445951306944, 49.432800191135662 ], [ -126.39924123028122, 49.428983461515337 ], [ -126.399285728130124, 49.42729752242527 ], [ -126.398163494650362, 49.425429777634449 ], [ -126.399860477437045, 49.42299391452044 ], [ -126.40065256445412, 49.420316899432699 ], [ -126.397386745769964, 49.415623733032511 ], [ -126.397737892827095, 49.413632475445603 ], [ -126.397243100125934, 49.412882611527039 ], [ -126.393461937646904, 49.412240451115608 ], [ -126.388361626886294, 49.409319011046684 ], [ -126.386147239590173, 49.409835238047947 ], [ -126.380586751956059, 49.408242861447007 ], [ -126.371448726735295, 49.408981848286494 ], [ -126.370098576951605, 49.409570616014221 ], [ -126.363822600112556, 49.408851836593698 ], [ -126.355280696487213, 49.405589013948479 ], [ -126.350076004981148, 49.404370840084219 ], [ -126.346210040238404, 49.402272686408587 ], [ -126.34556806919926, 49.40090549357371 ], [ -126.345643486338716, 49.397689565149221 ], [ -126.347527600775194, 49.397687117018542 ], [ -126.347378285083991, 49.396597118216746 ], [ -126.343836294769332, 49.395881525334936 ], [ -126.343837714658861, 49.397689941164401 ], [ -126.339363610308268, 49.399208778688198 ], [ -126.330117185701454, 49.396266937748607 ], [ -126.327325346609783, 49.389914891422343 ], [ -126.315344867966473, 49.381229207618674 ], [ -126.30054969856252, 49.378548851087515 ], [ -126.288057909945991, 49.377904310004041 ], [ -126.283964816674271, 49.379808809985548 ], [ -126.27773915980778, 49.379807459027191 ], [ -126.278535923291457, 49.365344741789201 ], [ -126.270210459528528, 49.365339654046686 ] ], [ [ -126.273034127564941, 49.357115250212239 ], [ -126.271703495561894, 49.357770728055215 ], [ -126.271148138096677, 49.359543048296885 ], [ -126.273032584148552, 49.359543583083173 ], [ -126.273034127564941, 49.357115250212239 ] ], [ [ -126.265576748827883, 49.357976720761563 ], [ -126.264332874141346, 49.358550041632917 ], [ -126.263549099909923, 49.358002645414537 ], [ -126.262585777499041, 49.358252703882705 ], [ -126.263744676554239, 49.360097002361812 ], [ -126.26393896158217, 49.361715443622558 ], [ -126.266063960513151, 49.360615254742186 ], [ -126.266274185351975, 49.358811922397827 ], [ -126.265576748827883, 49.357976720761563 ] ] ] } },
{ "type": "Feature", "properties": { "name": "Woodley Range Ecological Reserve", "kind": "Provincial" }, "geometry": { "type": "MultiPolygon", "coordinates": [ [ [ [ -123.816665656604954, 49.019638063485495 ], [ -123.816772464522828, 49.021144870068504 ], [ -123.818312895329015, 49.021952687810582 ], [ -123.820602413775305, 49.021301268088195 ], [ -123.821289054400026, 49.022758475664027 ], [ -123.822982790687163, 49.023735044274709 ], [ -123.826889042355575, 49.02340316720209 ], [ -123.827697763020723, 49.023773197592931 ], [ -123.829124447683199, 49.023715966897271 ], [ -123.830520633353785, 49.024761191100609 ], [ -123.830451970590346, 49.033283242501149 ], [ -123.81741333440533, 49.032535547953401 ], [ -123.817451480806497, 49.02768707272773 ], [ -123.814697273138734, 49.027675628562065 ], [ -123.814727773181929, 49.024059295395993 ], [ -123.81197357214991, 49.024047849128173 ], [ -123.811996462469025, 49.021663673171993 ], [ -123.813530198263763, 49.021985330787572 ], [ -123.814193728680209, 49.020709987946255 ], [ -123.816665656604954, 49.019638063485495 ] ] ], [ [ [ -123.8170928956783, 49.021030433747057 ], [ -123.830657954457223, 49.021160117793968 ], [ -123.830535901126538, 49.024433132731588 ], [ -123.829269409768742, 49.023490910230919 ], [ -123.827011103531063, 49.023189539532744 ], [ -123.823219301543645, 49.023567193977705 ], [ -123.821578978318811, 49.022636417178688 ], [ -123.820793156109218, 49.021121981441041 ], [ -123.818359368098712, 49.021697998228198 ], [ -123.8170928956783, 49.021030433747057 ] ] ], [ [ [ -123.817230219075299, 49.016929629354308 ], [ -123.817153921227074, 49.019207001361629 ], [ -123.813972474327386, 49.020591734233918 ], [ -123.813339236427197, 49.021846777590703 ], [ -123.811996463762156, 49.021415712667142 ], [ -123.812034617163491, 49.016925810263011 ], [ -123.817230219075299, 49.016929629354308 ] ] ], [ [ [ -123.817092892349663, 49.02098465724567 ], [ -123.816986083311505, 49.019500730048605 ], [ -123.817146303426838, 49.019428252904078 ], [ -123.817092892349663, 49.02098465724567 ] ] ] ] } },
{ "type": "Feature", "properties": { "name": "Malaspina Park", "kind": "Provincial" }, "geometry": { "type": "MultiPolygon", "coordinates": [ [ [ [ -124.788790407189367, 50.050929982887858 ], [ -124.787574333908466, 50.049203599440688 ], [ -124.785694054767816, 50.048350272547175 ], [ -124.784185614019577, 50.045727839105147 ], [ -124.787532961092182, 50.044416177762876 ], [ -124.798591324078998, 50.051064058328258 ], [ -124.80059127689178, 50.051750122486453 ], [ -124.811686026335067, 50.052714011522987 ], [ -124.811921117706973, 50.058955135731004 ], [ -124.837327462976205, 50.058902690038835 ], [ -124.838475812047434, 50.060433926928617 ], [ -124.84263160242152, 50.0613214594037 ], [ -124.843638530574793, 50.06243880585609 ], [ -124.842734943888061, 50.064018253396355 ], [ -124.840488819044168, 50.064476642234837 ], [ -124.83332601560825, 50.063888429577801 ], [ -124.829756263077826, 50.064817269126912 ], [ -124.821837375081699, 50.062711167152194 ], [ -124.818682316362725, 50.064262776357694 ], [ -124.812128192402611, 50.063133029792716 ], [ -124.808850672260533, 50.064038673553696 ], [ -124.807551809065743, 50.063312343156333 ], [ -124.807492561481766, 50.06210797079018 ], [ -124.806438742116825, 50.061308046787367 ], [ -124.806420389167272, 50.053120494209693 ], [ -124.793673956134555, 50.053076225117003 ], [ -124.788790407189367, 50.050929982887858 ] ] ], [ [ [ -124.779653811426826, 50.04228854042907 ], [ -124.783924969764243, 50.042285496571999 ], [ -124.786930036218038, 50.043985822808949 ], [ -124.785530032320096, 50.044520269300818 ], [ -124.781954578461537, 50.044180609579087 ], [ -124.779653811426826, 50.04228854042907 ] ] ], [ [ [ -124.750970157528471, 50.011950508516918 ], [ -124.771921245522122, 50.029148056800409 ], [ -124.779210821613361, 50.035053003640364 ], [ -124.772678132021426, 50.0350573298009 ], [ -124.772686084260542, 50.040248432396723 ], [ -124.77095333205456, 50.04045438500431 ], [ -124.769968922584241, 50.038751419970687 ], [ -124.767030914697713, 50.038229525197274 ], [ -124.767984110117055, 50.03794516225873 ], [ -124.764307220012967, 50.034790016032893 ], [ -124.763695064576666, 50.032946400665665 ], [ -124.761991069343125, 50.032936308883009 ], [ -124.761628631320207, 50.031808475159643 ], [ -124.758795227487383, 50.031842462736407 ], [ -124.757761504898397, 50.030302044803427 ], [ -124.754160510385475, 50.028044893944426 ], [ -124.754519934319418, 50.029478625844511 ], [ -124.753983538813259, 50.029702601434572 ], [ -124.752521791559928, 50.028672315815633 ], [ -124.751883010098766, 50.027233801856482 ], [ -124.745873868699903, 50.024392108730915 ], [ -124.734430907959421, 50.013346317044068 ], [ -124.734449973106777, 50.011914359309557 ], [ -124.750970157528471, 50.011950508516918 ] ] ] ] } },
{ "type": "Feature", "properties": { "name": "Mount Erskine Park", "kind": "Provincial" }, "geometry": { "type": "Polygon", "coordinates": [ [ [ -123.556113758251158, 48.844353272309554 ], [ -123.556087141042809, 48.853566118969098 ], [ -123.542094983662111, 48.853517682877325 ], [ -123.542357764507187, 48.850087476858569 ], [ -123.541649363569846, 48.850095987697564 ], [ -123.541624795078732, 48.844192344115108 ], [ -123.556113758251158, 48.844353272309554 ] ] ] } },
{ "type": "Feature", "properties": { "name": "Kin Beach Park", "kind": "Provincial" }, "geometry": { "type": "Polygon", "coordinates": [ [ [ -124.89841760674723, 49.726535004349735 ], [ -124.898309311669976, 49.730011837856949 ], [ -124.8968071821932, 49.728217615687456 ], [ -124.895484202914048, 49.727881675547124 ], [ -124.896703506626906, 49.726655660503241 ], [ -124.89841760674723, 49.726535004349735 ] ] ] } },
{ "type": "Feature", "properties": { "name": "Sechelt Inlets Marine Park - Tzoonie Narrows Site", "kind": "Provincial" }, "geometry": { "type": "MultiPolygon", "coordinates": [ [ [ [ -123.773999759882884, 49.71555941829579 ], [ -123.775402444477322, 49.712702488695598 ], [ -123.776680002444238, 49.711920388894946 ], [ -123.781738591517097, 49.710789017550248 ], [ -123.786809953413893, 49.711321342270963 ], [ -123.788809041656222, 49.710570175240605 ], [ -123.789557556931697, 49.709683616085776 ], [ -123.789167852114204, 49.707032832374693 ], [ -123.789701869770383, 49.705751952513758 ], [ -123.791810143075537, 49.704563313090439 ], [ -123.791822446892269, 49.710711615680921 ], [ -123.790055965347179, 49.712313167493406 ], [ -123.786937848470572, 49.713208107841162 ], [ -123.783377123339577, 49.712606913775069 ], [ -123.780944260717931, 49.712941564706298 ], [ -123.777888922645531, 49.713724525045336 ], [ -123.777180995238382, 49.715557341518704 ], [ -123.773999759882884, 49.71555941829579 ] ] ], [ [ [ -123.782276011770421, 49.700424182585742 ], [ -123.787064466099068, 49.700416958634932 ], [ -123.786455613941257, 49.701402639297584 ], [ -123.78709398847046, 49.702288789995706 ], [ -123.780196592324515, 49.702848152626601 ], [ -123.779337524087737, 49.703762389251153 ], [ -123.779423052833209, 49.705641704718261 ], [ -123.778174901513566, 49.706513586664499 ], [ -123.777643147842255, 49.707956281822781 ], [ -123.778429832716569, 49.708580628135238 ], [ -123.77832995972237, 49.709273898320816 ], [ -123.776755083421762, 49.709671237873067 ], [ -123.77578476620991, 49.711449673341257 ], [ -123.773996892898325, 49.712415076479587 ], [ -123.769848593829579, 49.712613608446844 ], [ -123.769845752744374, 49.710804645831487 ], [ -123.77254998217883, 49.710931981887057 ], [ -123.774926812956949, 49.708829519376522 ], [ -123.775698889171721, 49.705783817993634 ], [ -123.776948894592195, 49.704843566726332 ], [ -123.776822147319464, 49.703601403625115 ], [ -123.778115712030939, 49.701624534189378 ], [ -123.782276011770421, 49.700424182585742 ] ] ] ] } },
{ "type": "Feature", "properties": { "name": "Sargeant Bay Park", "kind": "Provincial" }, "geometry": { "type": "Polygon", "coordinates": [ [ [ -123.875205053430108, 49.48900632611609 ], [ -123.875345322897644, 49.497100763637135 ], [ -123.872588049577729, 49.499292116207158 ], [ -123.87022749906248, 49.497828533391178 ], [ -123.86801376570422, 49.497845164660788 ], [ -123.867858602227727, 49.489070222187252 ], [ -123.870893936929775, 49.489044254781611 ], [ -123.870682116229588, 49.482003132401687 ], [ -123.859026914819324, 49.482039330843676 ], [ -123.859097313782044, 49.48100499703942 ], [ -123.861116751985023, 49.479909772526767 ], [ -123.860954134578847, 49.479182370190514 ], [ -123.859256370346927, 49.478667892550177 ], [ -123.861373951038786, 49.475284076980429 ], [ -123.864621748909443, 49.476004314340372 ], [ -123.867297287849212, 49.477879597176639 ], [ -123.865163585324012, 49.474872982408662 ], [ -123.866264308808724, 49.474871553583476 ], [ -123.867488994196918, 49.475996959068858 ], [ -123.868325561028286, 49.475952645217738 ], [ -123.86909507316517, 49.477184927851241 ], [ -123.870398055221273, 49.477081593827705 ], [ -123.870467263609711, 49.478539713084103 ], [ -123.873060697638067, 49.478492294547202 ], [ -123.875949809708956, 49.480953571090765 ], [ -123.876102407659417, 49.488998404837645 ], [ -123.875205053430108, 49.48900632611609 ] ] ] } },
{ "type": "Feature", "properties": { "name": "Simson Park", "kind": "Provincial" }, "geometry": { "type": "MultiPolygon", "coordinates": [ [ [ [ -123.970707421345196, 49.468718166467553 ], [ -123.970934331913654, 49.469307405474943 ], [ -123.973276926841137, 49.468877429613521 ], [ -123.976499390110035, 49.470010268117598 ], [ -123.977914433660047, 49.471116443532424 ], [ -123.978095307562555, 49.471683608354972 ], [ -123.977598021099084, 49.471804326502514 ], [ -123.978186021215876, 49.472312997367325 ], [ -123.975551688706489, 49.472764465985641 ], [ -123.978899990960016, 49.474471586280856 ], [ -123.976250564356633, 49.475192436402494 ], [ -123.976101757968749, 49.486104489242123 ], [ -123.97049182764728, 49.486126640861912 ], [ -123.970341755274617, 49.497038684783647 ], [ -123.975842573849988, 49.497053642529103 ], [ -123.975823405364721, 49.50194259908961 ], [ -123.968394624876311, 49.501605717051767 ], [ -123.965950588902899, 49.500029015220541 ], [ -123.966666666457272, 49.499999996112457 ], [ -123.9614831215046, 49.497978161091936 ], [ -123.961171831454934, 49.497622391030148 ], [ -123.962292635383079, 49.49680350321335 ], [ -123.962041053946365, 49.496372981579263 ], [ -123.956369826834674, 49.495021534436695 ], [ -123.954229426798207, 49.492257981672282 ], [ -123.95568877105238, 49.492493714313163 ], [ -123.957406915487454, 49.492156180704519 ], [ -123.956740622736859, 49.491544744214444 ], [ -123.958403963850557, 49.491577294723847 ], [ -123.955787449507241, 49.49003122763142 ], [ -123.957756695703779, 49.490713538334596 ], [ -123.958061795163474, 49.490057436654467 ], [ -123.957240521318283, 49.489323033576298 ], [ -123.957655329781119, 49.489110569307982 ], [ -123.956393218491499, 49.488584316475183 ], [ -123.958193675201557, 49.488493220590222 ], [ -123.958003374151772, 49.488032450665422 ], [ -123.959197464396809, 49.487740793947729 ], [ -123.954737480541311, 49.485845207356959 ], [ -123.957497769977607, 49.485850907500378 ], [ -123.958094174756567, 49.484679072491282 ], [ -123.959843181246768, 49.484785772815158 ], [ -123.95950925118035, 49.48427958467947 ], [ -123.959998579044807, 49.484094929556235 ], [ -123.951622842310698, 49.481367179926437 ], [ -123.950888862246515, 49.480644056721005 ], [ -123.952204225116091, 49.479768716696924 ], [ -123.95361051258287, 49.479710106940836 ], [ -123.953904534091478, 49.477930416104954 ], [ -123.955493712399303, 49.47859114738025 ], [ -123.956072763065265, 49.476548794702225 ], [ -123.957237738014086, 49.475975839654652 ], [ -123.960023744561141, 49.476309060628289 ], [ -123.959309403544722, 49.475732910746103 ], [ -123.960238821485063, 49.47549755029803 ], [ -123.952823191278213, 49.473823234653786 ], [ -123.951356601385939, 49.471537742373918 ], [ -123.954754669485425, 49.47196957844195 ], [ -123.957345349941434, 49.473077271776432 ], [ -123.957757773544344, 49.472314041714931 ], [ -123.955948705788074, 49.471604806816437 ], [ -123.956290564013983, 49.471178981263002 ], [ -123.952361918897992, 49.470216851103352 ], [ -123.951666547355728, 49.469543772266199 ], [ -123.951693726559654, 49.468237448042458 ], [ -123.952454788742074, 49.467903788877216 ], [ -123.953536946593459, 49.468858566348374 ], [ -123.953232883167601, 49.467934057239468 ], [ -123.95527154685989, 49.468405584668837 ], [ -123.957851501809628, 49.466889905881821 ], [ -123.961576595670891, 49.46621949032459 ], [ -123.962441636813111, 49.466442399244301 ], [ -123.96224771542181, 49.467184536542604 ], [ -123.963907579060205, 49.467498521577518 ], [ -123.965884230741139, 49.46684698176427 ], [ -123.966311065450952, 49.467311540119645 ], [ -123.96592285684612, 49.467672027576747 ], [ -123.96770038605996, 49.467486999461016 ], [ -123.969473058129338, 49.469127509845755 ], [ -123.970707421345196, 49.468718166467553 ] ] ], [ [ [ -123.958288242882517, 49.464621967026964 ], [ -123.96161894460684, 49.464258645812784 ], [ -123.962427208123614, 49.465374166565965 ], [ -123.95779993194148, 49.465576370782358 ], [ -123.958288242882517, 49.464621967026964 ] ] ] ] } },
{ "type": "Feature", "properties": { "name": "Sproat Lake Park", "kind": "Provincial" }, "geometry": { "type": "MultiPolygon", "coordinates": [ [ [ [ -124.92609509543874, 49.296936789243482 ], [ -124.927217117138866, 49.298441315637675 ], [ -124.92730292559412, 49.301203744158826 ], [ -124.925585715113286, 49.301220839913398 ], [ -124.925440546906245, 49.297146419539096 ], [ -124.92609509543874, 49.296936789243482 ] ] ], [ [ [ -124.931062736763622, 49.296074794936473 ], [ -124.931183071756806, 49.301165087165749 ], [ -124.927751460095607, 49.301199285532931 ], [ -124.927621771898941, 49.298365579312581 ], [ -124.926473342024948, 49.296815639130692 ], [ -124.931062736763622, 49.296074794936473 ] ] ], [ [ [ -124.923101465481849, 49.288732011070877 ], [ -124.928904550808113, 49.29081035864376 ], [ -124.92914962383685, 49.292615719597542 ], [ -124.931372407715145, 49.292928735234383 ], [ -124.931938393997839, 49.29487719690573 ], [ -124.928983568368238, 49.295823593102341 ], [ -124.928232305294316, 49.295535822056372 ], [ -124.924982416370426, 49.290675705652291 ], [ -124.923182773281596, 49.289891353762272 ], [ -124.919588839223152, 49.290009478910761 ], [ -124.923101465481849, 49.288732011070877 ] ] ] ] } },
{ "type": "Feature", "properties": { "name": "Memory Island Park", "kind": "Provincial" }, "geometry": { "type": "Polygon", "coordinates": [ [ [ -123.632789707089159, 48.610423419988884 ], [ -123.633559903814046, 48.610840987674216 ], [ -123.633636176793956, 48.611515283704662 ], [ -123.632317251990557, 48.61127963039975 ], [ -123.632789707089159, 48.610423419988884 ] ] ] } },
{ "type": "Feature", "properties": { "name": "Sooke Mountain Park", "kind": "Provincial" }, "geometry": { "type": "Polygon", "coordinates": [ [ [ -123.644749650987961, 48.428236584975224 ], [ -123.666268263160873, 48.428243479806007 ], [ -123.666265864217962, 48.432242729408387 ], [ -123.677144213975197, 48.432244667475672 ], [ -123.677141315438135, 48.439483137127532 ], [ -123.66626149104934, 48.439481175838495 ], [ -123.666257259090983, 48.446470029819451 ], [ -123.644742375758739, 48.453657281502188 ], [ -123.644749650987961, 48.428236584975224 ] ] ] } },
{ "type": "Feature", "properties": { "name": "Dionisio Point Park", "kind": "Provincial" }, "geometry": { "type": "MultiPolygon", "coordinates": [ [ [ [ -123.572947650564828, 49.012801567495238 ], [ -123.573886009667632, 49.013534554104666 ], [ -123.573947084781054, 49.014163938403861 ], [ -123.572999413819119, 49.013736866672595 ], [ -123.572947650564828, 49.012801567495238 ] ] ], [ [ [ -123.565584779479082, 49.005002669407432 ], [ -123.561270969131641, 49.00121407637419 ], [ -123.583151358759935, 49.001132548705399 ], [ -123.583149404783825, 49.010993418506011 ], [ -123.582168491985769, 49.010758390990063 ], [ -123.581986374065323, 49.011631885109395 ], [ -123.580273134803448, 49.012369145367849 ], [ -123.578665477520175, 49.010641058872714 ], [ -123.577845583375307, 49.010582213172604 ], [ -123.577512794318551, 49.011366492763266 ], [ -123.576326134477085, 49.011597317530068 ], [ -123.575728215441643, 49.013111584372304 ], [ -123.573555178092263, 49.012078891279202 ], [ -123.572055123085178, 49.010098311431356 ], [ -123.569983144021421, 49.01063929931717 ], [ -123.565584779479082, 49.005002669407432 ] ] ], [ [ [ -123.571831720742068, 49.012159414765861 ], [ -123.571544556534803, 49.012160852871475 ], [ -123.571529638877649, 49.012052969326263 ], [ -123.571831720742068, 49.012159414765861 ] ] ], [ [ [ -123.571155613332877, 49.011596041162193 ], [ -123.571486437745662, 49.011675355460149 ], [ -123.571487542179796, 49.011846284719084 ], [ -123.571155613332877, 49.011596041162193 ] ] ], [ [ [ -123.570725040961406, 49.010977475719066 ], [ -123.570999124409568, 49.011066074331502 ], [ -123.570987017956739, 49.01116508540786 ], [ -123.570725040961406, 49.010977475719066 ] ] ] ] } },
{ "type": "Feature", "properties": { "name": "Bellhouse Park", "kind": "Provincial" }, "geometry": { "type": "Polygon", "coordinates": [ [ [ -123.310390152249568, 48.87161115233117 ], [ -123.313596526185094, 48.871881340898348 ], [ -123.313373068186351, 48.872471368473541 ], [ -123.311751092846691, 48.873102339973762 ], [ -123.310518289949542, 48.872483392546435 ], [ -123.310390152249568, 48.87161115233117 ] ] ] } },
{ "type": "Feature", "properties": { "name": "Saltery Bay Park", "kind": "Provincial" }, "geometry": { "type": "MultiPolygon", "coordinates": [ [ [ [ -124.192630847944073, 49.786114954307592 ], [ -124.188809794025758, 49.787152478233828 ], [ -124.188782204424967, 49.786279136267204 ], [ -124.192630847944073, 49.786114954307592 ] ] ], [ [ [ -124.194257744866292, 49.78461777456787 ], [ -124.194287415391429, 49.785366150070054 ], [ -124.188761103479166, 49.785611028562826 ], [ -124.188738773964886, 49.784904432740795 ], [ -124.194257744866292, 49.78461777456787 ] ] ], [ [ [ -124.18862593179216, 49.77591278730695 ], [ -124.193914062591475, 49.775948119111618 ], [ -124.194247464138044, 49.784358374806239 ], [ -124.188730764468374, 49.784650548298544 ], [ -124.18862593179216, 49.77591278730695 ] ] ], [ [ [ -124.221108852188095, 49.784147511035158 ], [ -124.221108850452552, 49.784596391091767 ], [ -124.216941802350206, 49.784596311486993 ], [ -124.216940019687598, 49.784518242402221 ], [ -124.221108852188095, 49.784147511035158 ] ] ], [ [ [ -124.216918352699054, 49.783579213204156 ], [ -124.221108844797627, 49.783453688456667 ], [ -124.216924086523889, 49.783827775619358 ], [ -124.216918352699054, 49.783579213204156 ] ] ], [ [ [ -124.216799655506051, 49.77843102771979 ], [ -124.220966185453989, 49.77843110444396 ], [ -124.221108846413927, 49.783008747917627 ], [ -124.216912017199107, 49.783304345631784 ], [ -124.216799655506051, 49.77843102771979 ] ] ] ] } },
{ "type": "Feature", "properties": { "name": "Read Island Park", "kind": "Provincial" }, "geometry": { "type": "Polygon", "coordinates": [ [ [ -125.110941823179161, 50.146960884341702 ], [ -125.110337077457743, 50.146036503343723 ], [ -125.111603471207857, 50.143962637648301 ], [ -125.111316773915149, 50.143491121639755 ], [ -125.112581538597126, 50.143288211000147 ], [ -125.115221113406832, 50.13998398294175 ], [ -125.116933982398578, 50.14137395899305 ], [ -125.116657859898041, 50.142728236848953 ], [ -125.118376840270372, 50.144253002805193 ], [ -125.118532774951746, 50.142397211855254 ], [ -125.119798582461385, 50.140952899590573 ], [ -125.11803491910976, 50.138097714313339 ], [ -125.118231621086693, 50.136214196868806 ], [ -125.120381331969, 50.135140520445042 ], [ -125.123710945712247, 50.134800803663161 ], [ -125.123170598431642, 50.133659345468921 ], [ -125.124351656227091, 50.132837197274554 ], [ -125.123039702917282, 50.132915164316309 ], [ -125.122755800349054, 50.132191761360424 ], [ -125.128303868963826, 50.127610689724264 ], [ -125.129657605233703, 50.127217060007652 ], [ -125.130632269927062, 50.127424047817115 ], [ -125.129157071412138, 50.127918851083827 ], [ -125.131161919348273, 50.128008002486574 ], [ -125.132051125520661, 50.129754669129852 ], [ -125.129786850571435, 50.131388341959237 ], [ -125.131813027179007, 50.131639001951392 ], [ -125.13204073560307, 50.13298405965503 ], [ -125.133001911624945, 50.132255789442887 ], [ -125.133967881008743, 50.132579846666793 ], [ -125.134106465786289, 50.131605848783238 ], [ -125.13603347617358, 50.130571969735648 ], [ -125.136603950873422, 50.130813326489942 ], [ -125.135930621052907, 50.132975507751567 ], [ -125.139839934863417, 50.132147942790475 ], [ -125.141189998075888, 50.131043638056049 ], [ -125.141740631291825, 50.131780056015735 ], [ -125.143569468258249, 50.130118224454101 ], [ -125.145232565076, 50.131949448098133 ], [ -125.145112080182713, 50.133948564687373 ], [ -125.146469179189864, 50.133941459145795 ], [ -125.147274831481639, 50.13474510293269 ], [ -125.146508072543355, 50.136999031740856 ], [ -125.148031568386443, 50.137267688587137 ], [ -125.148432299686803, 50.138402622415207 ], [ -125.14696008082862, 50.139905047066158 ], [ -125.149681980722292, 50.140367387153219 ], [ -125.150221707223466, 50.141166944088461 ], [ -125.150763494614409, 50.140140466132685 ], [ -125.151759071841965, 50.139870164169167 ], [ -125.152304716943334, 50.140489689684799 ], [ -125.153692399866785, 50.140535910433307 ], [ -125.154613294011511, 50.142029971908826 ], [ -125.153591096458612, 50.142642608588922 ], [ -125.15383316936898, 50.143357712905988 ], [ -125.151591082856029, 50.143300361877152 ], [ -125.151816994854073, 50.142720496421681 ], [ -125.150836308105013, 50.142387850436215 ], [ -125.150270031812894, 50.143180907324478 ], [ -125.148614961703032, 50.143103614714242 ], [ -125.149252481064821, 50.144548881128109 ], [ -125.146267006464996, 50.148184227088933 ], [ -125.149588848006616, 50.147655017710683 ], [ -125.1500000566366, 50.1487088096113 ], [ -125.148077097875642, 50.151092085742562 ], [ -125.14525695563907, 50.152299644225678 ], [ -125.145145811078919, 50.152846328785522 ], [ -125.143355820797694, 50.153203211490158 ], [ -125.144064972843324, 50.153720822465345 ], [ -125.144094002784115, 50.154682747156315 ], [ -125.145306671925397, 50.154876212749087 ], [ -125.145473925057928, 50.155484778920318 ], [ -125.142444498741781, 50.15787042196002 ], [ -125.142643462103678, 50.159188998737299 ], [ -125.141420515721208, 50.160021103916748 ], [ -125.141224344982632, 50.161423212289741 ], [ -125.137246845241776, 50.16142462310728 ], [ -125.137240174520954, 50.154189599270282 ], [ -125.125979517019019, 50.154192837299654 ], [ -125.125984381242461, 50.161427879560598 ], [ -125.121785466069241, 50.161428819567675 ], [ -125.121785429684479, 50.156034062923268 ], [ -125.114721200448301, 50.151494862556909 ], [ -125.114715771196032, 50.146959912403162 ], [ -125.110941823179161, 50.146960884341702 ] ] ] } },
{ "type": "Feature", "properties": { "name": "Race Rocks Ecological Reserve", "kind": "Provincial" }, "geometry": { "type": "Polygon", "coordinates": [ [ [ -123.537178050891157, 48.288364402316432 ], [ -123.537498482083222, 48.288848879413557 ], [ -123.536354059652155, 48.290473942158691 ], [ -123.536750788169712, 48.292495730330472 ], [ -123.53961944444417, 48.296611794645919 ], [ -123.543380726352567, 48.298034673824866 ], [ -123.541778564776777, 48.298599241978479 ], [ -123.541389457664238, 48.300914764426082 ], [ -123.540161134327064, 48.302906027065447 ], [ -123.536758411950174, 48.305027013074501 ], [ -123.534545899144007, 48.304939266433969 ], [ -123.533256537156191, 48.305530555185555 ], [ -123.531768799883878, 48.305511479700506 ], [ -123.529190055099889, 48.304336551052216 ], [ -123.527435295194692, 48.304927818612953 ], [ -123.527030944153069, 48.304084777751548 ], [ -123.525260921921117, 48.304809563085954 ], [ -123.525619509770891, 48.303993226266549 ], [ -123.525009150103443, 48.303497311054294 ], [ -123.525550832541171, 48.302623743512534 ], [ -123.523406978293053, 48.299861914119518 ], [ -123.524147025471493, 48.299068449996575 ], [ -123.520713810410214, 48.298660286180969 ], [ -123.520393366937085, 48.297718041685293 ], [ -123.519386295120199, 48.297279357143772 ], [ -123.520423901919727, 48.295883177654076 ], [ -123.518524168160397, 48.29551314608122 ], [ -123.518096923089388, 48.29326630175936 ], [ -123.520057670483169, 48.291790016235232 ], [ -123.519874564966869, 48.2909622234422 ], [ -123.521705630964902, 48.290695193962136 ], [ -123.520965585286177, 48.290374764301767 ], [ -123.521621696708564, 48.288902285983539 ], [ -123.526985169415241, 48.288986210623797 ], [ -123.532699582441168, 48.290077211106755 ], [ -123.537178050891157, 48.288364402316432 ] ] ] } },
{ "type": "Feature", "properties": { "name": "Roscoe Bay Park", "kind": "Provincial" }, "geometry": { "type": "Polygon", "coordinates": [ [ [ -124.749899718839188, 50.162969012358445 ], [ -124.753338338746644, 50.159543102481919 ], [ -124.756854405533474, 50.159135780217525 ], [ -124.759073526841121, 50.158053638572142 ], [ -124.762801370318783, 50.159420311436108 ], [ -124.7651677409239, 50.157216669365198 ], [ -124.76759747091296, 50.156014758360918 ], [ -124.770817511640303, 50.155571058260456 ], [ -124.773240417522643, 50.154300847847949 ], [ -124.776445263351093, 50.154013510183951 ], [ -124.779656683607755, 50.152772551291818 ], [ -124.779978283379165, 50.151985093387999 ], [ -124.782489831902893, 50.15152830922932 ], [ -124.783031320091581, 50.149761555033606 ], [ -124.786075996442534, 50.148918728821776 ], [ -124.786612089345837, 50.16094810239958 ], [ -124.787705671991574, 50.161220957649824 ], [ -124.789278437997098, 50.160566728789782 ], [ -124.789408142499099, 50.164040638444327 ], [ -124.749939749508314, 50.164064832491704 ], [ -124.749899718839188, 50.162969012358445 ] ] ] } },
{ "type": "Feature", "properties": { "name": "Loveland Bay Park", "kind": "Provincial" }, "geometry": { "type": "Polygon", "coordinates": [ [ [ -125.439891113691019, 50.047250517875142 ], [ -125.442372306634837, 50.047754685256393 ], [ -125.44181753159225, 50.049484478729219 ], [ -125.440569501497038, 50.049942521394584 ], [ -125.443373459931578, 50.051373253852553 ], [ -125.452128590727199, 50.048412421126507 ], [ -125.452181359431634, 50.047255148480694 ], [ -125.453935766418226, 50.047255713010699 ], [ -125.453932700462758, 50.050330854513057 ], [ -125.451123617016108, 50.050329912368888 ], [ -125.451121745206819, 50.052138757883782 ], [ -125.439884979614916, 50.052134361420713 ], [ -125.439891113691019, 50.047250517875142 ] ] ] } },
{ "type": "Feature", "properties": { "name": "Copeland Islands Marine Park", "kind": "Provincial" }, "geometry": { "type": "Polygon", "coordinates": [ [ [ -124.796659266884845, 49.991621224117388 ], [ -124.812487939142741, 49.996135197295146 ], [ -124.827239959460798, 50.012691401784551 ], [ -124.819947883310704, 50.015406151638359 ], [ -124.833913225206629, 50.030977928424846 ], [ -124.827829916784111, 50.033235511344913 ], [ -124.792145029919865, 49.993295951980357 ], [ -124.796659266884845, 49.991621224117388 ] ] ] } },
{ "type": "Feature", "properties": { "name": "Rugged Point Marine Park", "kind": "Provincial" }, "geometry": { "type": "Polygon", "coordinates": [ [ [ -127.259645566143689, 49.958417430728169 ], [ -127.262464626264062, 49.965808658138307 ], [ -127.254009635065785, 49.97251006032004 ], [ -127.237608501377579, 49.973484747085983 ], [ -127.237617432553776, 49.964082060059795 ], [ -127.23064981047952, 49.964066981757085 ], [ -127.230629899107541, 49.960441493676171 ], [ -127.222215148154618, 49.960423629194608 ], [ -127.222162568657353, 49.949530548950591 ], [ -127.234081879811299, 49.952164375249268 ], [ -127.235721638906853, 49.954645674367555 ], [ -127.234957838459636, 49.958969865638529 ], [ -127.239586207787085, 49.961375611137406 ], [ -127.259645566143689, 49.958417430728169 ] ] ] } },
{ "type": "Feature", "properties": { "name": "Mount Elphinstone Park", "kind": "Provincial" }, "geometry": { "type": "MultiPolygon", "coordinates": [ [ [ [ -123.65738122413768, 49.466407744834051 ], [ -123.657390415681277, 49.464916072087966 ], [ -123.667005282832207, 49.464735195598287 ], [ -123.671656560872009, 49.468256093155013 ], [ -123.669376844270374, 49.472222028565703 ], [ -123.664271114330646, 49.472253788086462 ], [ -123.664202594898185, 49.469223942257003 ], [ -123.65738122413768, 49.466407744834051 ] ] ], [ [ [ -123.611153692826306, 49.448104615135534 ], [ -123.612581432236823, 49.445111563544522 ], [ -123.614696690427493, 49.443632654771527 ], [ -123.617207986636473, 49.447447806586176 ], [ -123.617223273182404, 49.448634732419777 ], [ -123.611229399255862, 49.44928197356051 ], [ -123.611153692826306, 49.448104615135534 ] ] ], [ [ [ -123.601687115630384, 49.431284758075279 ], [ -123.605939921536063, 49.429369299795297 ], [ -123.607947779366796, 49.429619625029609 ], [ -123.61270744922318, 49.428254302373247 ], [ -123.618730058195482, 49.429965294824477 ], [ -123.614442842124774, 49.432680507178674 ], [ -123.618180563640067, 49.433877626084026 ], [ -123.615171682536555, 49.436682997872076 ], [ -123.61207387453544, 49.438278062935211 ], [ -123.605490043100275, 49.438471940835043 ], [ -123.611310647775184, 49.433229567723927 ], [ -123.606867223111479, 49.431703674378269 ], [ -123.602712955386849, 49.433604250217279 ], [ -123.601687115630384, 49.431284758075279 ] ] ] ] } },
{ "type": "Feature", "properties": { "name": "Bamberton Park", "kind": "Provincial" }, "geometry": { "type": "MultiPolygon", "coordinates": [ [ [ [ -123.521212751203564, 48.604818972022983 ], [ -123.524527826607468, 48.604871384284117 ], [ -123.524562288201921, 48.60447539024684 ], [ -123.52330401015405, 48.604134763753706 ], [ -123.52366449925583, 48.603453896169604 ], [ -123.524527934171473, 48.603409496442382 ], [ -123.529695479210275, 48.604487883690204 ], [ -123.531845547762799, 48.606389686471879 ], [ -123.532292736202564, 48.60759311660803 ], [ -123.534586179407242, 48.608837478917799 ], [ -123.533018218480976, 48.608883420315699 ], [ -123.532137852631521, 48.607859630170537 ], [ -123.53094960525361, 48.608451389476357 ], [ -123.528851337856239, 48.607520670655454 ], [ -123.525790335012303, 48.607332283387898 ], [ -123.52513532792554, 48.606505525939774 ], [ -123.522993653147182, 48.607583983450937 ], [ -123.521256419394945, 48.605673523450562 ], [ -123.521212751203564, 48.604818972022983 ] ] ], [ [ [ -123.523052907348287, 48.604284347013667 ], [ -123.52420754062689, 48.604562460694147 ], [ -123.524196414577489, 48.604634491472552 ], [ -123.523174537482305, 48.604814566743158 ], [ -123.523052907348287, 48.604284347013667 ] ] ] ] } },
{ "type": "Feature", "properties": { "name": "Thunderbird'S Nest (T'Iitsk'In Paawats)", "kind": "Provincial" }, "geometry": { "type": "Polygon", "coordinates": [ [ [ -125.07603210951639, 49.06001319711676 ], [ -125.076598993791265, 49.073631288022682 ], [ -125.098179602715035, 49.075693937057245 ], [ -125.12604288401235, 49.094046697523218 ], [ -125.115374631216966, 49.105471906611101 ], [ -125.094101275303942, 49.098149654090037 ], [ -125.071231533601832, 49.093718121431792 ], [ -125.07174884570442, 49.106089912924695 ], [ -125.070644833953907, 49.106075951244534 ], [ -125.063440517824375, 49.10335991045482 ], [ -125.061598087758824, 49.10121222825714 ], [ -125.059743859103222, 49.100583402019076 ], [ -125.058096518814352, 49.098814182687988 ], [ -125.054312272071243, 49.096513981593013 ], [ -125.052085064370033, 49.095630839166049 ], [ -125.048076870900843, 49.095332177937102 ], [ -125.043880914965825, 49.093257056055108 ], [ -125.039609247060596, 49.092734625838617 ], [ -125.037091668792442, 49.090353402010471 ], [ -125.036341313383332, 49.088647775960197 ], [ -125.033725632868894, 49.086839583563183 ], [ -125.033648984280489, 49.084882010936894 ], [ -125.035634403534601, 49.082655879380091 ], [ -125.048971328708987, 49.082419817506192 ], [ -125.048785234602818, 49.077897983527997 ], [ -125.042408202798342, 49.078011026658395 ], [ -125.042250417331672, 49.074163406615391 ], [ -125.033705797934715, 49.07431432462473 ], [ -125.031280372574784, 49.071565906094698 ], [ -125.031388450269503, 49.069678465253638 ], [ -125.029535063934773, 49.066520644654318 ], [ -125.029802097940433, 49.064786550634786 ], [ -125.033695808381324, 49.061091315358581 ], [ -125.03557977117211, 49.056931414882492 ], [ -125.034048092340527, 49.053038878577219 ], [ -125.034199079954988, 49.051949593628294 ], [ -125.037903016369768, 49.04870022088874 ], [ -125.043277844851033, 49.046445481257905 ], [ -125.054439764593241, 49.046319152932703 ], [ -125.057925295850026, 49.048200317610494 ], [ -125.061997646975655, 49.049369002091872 ], [ -125.067495293442178, 49.052896579070051 ], [ -125.072104385925329, 49.052813854469946 ], [ -125.072406452686167, 49.060077614454258 ], [ -125.07603210951639, 49.06001319711676 ] ] ] } },
{ "type": "Feature", "properties": { "name": "Squitty Bay Park", "kind": "Provincial" }, "geometry": { "type": "MultiPolygon", "coordinates": [ [ [ [ -124.167015458663712, 49.453074419642867 ], [ -124.167733402028091, 49.453783041506973 ], [ -124.166045056744736, 49.453776285863583 ], [ -124.16475752932493, 49.453009356105049 ], [ -124.167015458663712, 49.453074419642867 ] ] ], [ [ [ -124.170379753204486, 49.453765205937792 ], [ -124.168784244450876, 49.453776107219007 ], [ -124.167842825631055, 49.453403571186051 ], [ -124.170362893594188, 49.452680266940554 ], [ -124.170379753204486, 49.453765205937792 ] ] ], [ [ [ -124.167776616481945, 49.453133133532702 ], [ -124.167584159838142, 49.453216896764928 ], [ -124.16748998751676, 49.453148882174339 ], [ -124.167776616481945, 49.453133133532702 ] ] ], [ [ [ -124.16541688451953, 49.452441518990838 ], [ -124.163514317320107, 49.451584346994849 ], [ -124.163034203145415, 49.45065983350198 ], [ -124.161985414721613, 49.450547174788937 ], [ -124.162654862487983, 49.450013626262468 ], [ -124.164742508211219, 49.450032120683666 ], [ -124.168357773409284, 49.451617312841947 ], [ -124.166945304970255, 49.450355908688884 ], [ -124.169257281626287, 49.450553328987823 ], [ -124.167406041225334, 49.450067268619968 ], [ -124.165646102804942, 49.448445656833442 ], [ -124.167743331920846, 49.447735309433675 ], [ -124.170207378657054, 49.447931943378123 ], [ -124.167980423792002, 49.446552955006361 ], [ -124.177418743680477, 49.446570583952187 ], [ -124.177379704733013, 49.449803133812942 ], [ -124.173477677033731, 49.449865807921611 ], [ -124.171710730942664, 49.450581654600725 ], [ -124.168948247115097, 49.452588044371005 ], [ -124.166549637440383, 49.451919954246044 ], [ -124.165402356213292, 49.452434837853595 ], [ -124.167092657085405, 49.452192623106995 ], [ -124.168847056079755, 49.452760421016244 ], [ -124.168366913035669, 49.453169847807715 ], [ -124.16541688451953, 49.452441518990838 ] ] ], [ [ [ -124.173877057603917, 49.449975923813831 ], [ -124.177377167395051, 49.450012503614531 ], [ -124.177359464521288, 49.451545792312992 ], [ -124.170577756923009, 49.451605608883987 ], [ -124.173877057603917, 49.449975923813831 ] ] ] ] } },
{ "type": "Feature", "properties": { "name": "Bishop River Park", "kind": "Provincial" }, "geometry": { "type": "Polygon", "coordinates": [ [ [ -123.927264567105638, 50.934333966899615 ], [ -123.938607853386799, 50.807802207115031 ], [ -124.028261560301104, 50.810778906880429 ], [ -124.005882850171929, 50.865849476261985 ], [ -124.143401578073451, 50.915248205219015 ], [ -124.18931092725704, 50.937258939374331 ], [ -124.177564719535425, 50.953926315000537 ], [ -124.152239941989933, 50.981624987797019 ], [ -124.13470793105013, 51.020983522837355 ], [ -124.125223968317201, 51.02129551937702 ], [ -124.120774454000156, 51.018627071134119 ], [ -124.114280314150605, 51.016790344436593 ], [ -124.100210244707071, 51.015618447341581 ], [ -124.100570156151065, 51.012332269298689 ], [ -124.099417646215883, 51.011828392256191 ], [ -124.093694711061616, 51.010886937185973 ], [ -124.089449965352003, 51.012280093768965 ], [ -124.088209326439667, 51.011929048326593 ], [ -124.08545087924449, 51.008825881554515 ], [ -124.087201114980203, 51.006262177983018 ], [ -124.083634573678594, 51.004542062063805 ], [ -124.081751289581334, 51.002174957195237 ], [ -124.08428347132228, 51.000000028314886 ], [ -124.082869294459073, 50.998396926378796 ], [ -124.08422137945611, 50.996826733142356 ], [ -124.089009525857691, 50.995839654621271 ], [ -124.091888668622445, 50.99339173417443 ], [ -124.092863477766755, 50.987899592547514 ], [ -124.092234064769471, 50.983255347171664 ], [ -124.090137346693126, 50.981876906127304 ], [ -124.080351678203343, 50.983488996669308 ], [ -124.078263770150954, 50.982988404110998 ], [ -124.07505126876444, 50.984099040350259 ], [ -124.07165775449414, 50.984102329085907 ], [ -124.070749531194139, 50.983231331455656 ], [ -124.071910741671189, 50.981034764989779 ], [ -124.072011928296675, 50.979412062695118 ], [ -124.069420476695143, 50.97815349465192 ], [ -124.068102105868476, 50.974308010463012 ], [ -124.064216414366882, 50.974023520368036 ], [ -124.060722332136876, 50.975482193779747 ], [ -124.060020364299476, 50.975192838926333 ], [ -124.059961585132839, 50.972500566464369 ], [ -124.05912885125646, 50.970263705836466 ], [ -124.061347781452739, 50.968172864391377 ], [ -124.063150797493151, 50.964958060665843 ], [ -124.063846662253553, 50.958862001780574 ], [ -124.059530718887871, 50.948940317554566 ], [ -124.05796429718832, 50.947264622993437 ], [ -124.050723707829263, 50.942640062003228 ], [ -124.041553572173768, 50.941590702180903 ], [ -124.038309942878385, 50.938213700442944 ], [ -124.035514293102509, 50.936405536609819 ], [ -124.033399443004086, 50.93680064109666 ], [ -124.032314025478996, 50.937836495969819 ], [ -124.026901029549038, 50.937872120953195 ], [ -124.025710454072126, 50.939494943444544 ], [ -124.025535811203014, 50.942881316798527 ], [ -124.023769719139153, 50.945105699187231 ], [ -124.021265580643274, 50.945475759273045 ], [ -124.018874891303341, 50.944978974451814 ], [ -124.017426929806149, 50.945523403218601 ], [ -124.015119584905207, 50.948808354207721 ], [ -124.013160251630168, 50.950097011493263 ], [ -124.013146427206493, 50.952872701987999 ], [ -124.008364877444905, 50.954833778858223 ], [ -124.007825736669815, 50.95568007304049 ], [ -124.008490937710519, 50.957512503284512 ], [ -124.006098766708092, 50.957657865732777 ], [ -124.004824999422937, 50.956162212028545 ], [ -124.003221810186645, 50.956161938775224 ], [ -124.002194481225146, 50.957220120792933 ], [ -123.998978751207304, 50.95813669813257 ], [ -123.994872001895487, 50.960849582627375 ], [ -123.994238598076578, 50.963683895395484 ], [ -123.991463867340272, 50.963330385681438 ], [ -123.988827590072091, 50.962195061429441 ], [ -123.98740479980107, 50.96064726650981 ], [ -123.984213346261285, 50.95961272978878 ], [ -123.979347105528831, 50.960192433843311 ], [ -123.977465518036766, 50.959820421331372 ], [ -123.973748249966576, 50.957231564874903 ], [ -123.970382178364801, 50.95613717886642 ], [ -123.96669740837612, 50.952727912522221 ], [ -123.96104293560677, 50.950020669909193 ], [ -123.957374490332342, 50.949848478963474 ], [ -123.951675358738001, 50.950857553621333 ], [ -123.94532685104403, 50.948740227130529 ], [ -123.943654322524267, 50.944797779441672 ], [ -123.943933388002989, 50.942830137965124 ], [ -123.945430131468967, 50.941123712187668 ], [ -123.945475300265116, 50.939137808832797 ], [ -123.943817916695778, 50.937593045927507 ], [ -123.943246059307, 50.93558829907672 ], [ -123.941010274732747, 50.935124287543232 ], [ -123.937720420443085, 50.93552758238112 ], [ -123.932305356127657, 50.933964870029797 ], [ -123.927264567105638, 50.934333966899615 ] ] ] } },
{ "type": "Feature", "properties": { "name": "Chemainus River Park", "kind": "Provincial" }, "geometry": { "type": "MultiPolygon", "coordinates": [ [ [ [ -123.82981897005925, 48.838776734333521 ], [ -123.828214789861406, 48.835107242197999 ], [ -123.829053649532938, 48.833052167789837 ], [ -123.831852908302679, 48.833135240328517 ], [ -123.831590563832847, 48.83439927173351 ], [ -123.834121250593554, 48.836521883906357 ], [ -123.834138979428332, 48.837666285204087 ], [ -123.831378449767286, 48.837687879143537 ], [ -123.831375520311624, 48.839890250218112 ], [ -123.82981897005925, 48.838776734333521 ] ] ], [ [ [ -123.822364010808386, 48.848846540879379 ], [ -123.816173557163125, 48.849390750387286 ], [ -123.816155342056391, 48.846423148624424 ], [ -123.8194363069438, 48.846375027263115 ], [ -123.819311820993406, 48.839091924144526 ], [ -123.822848532958645, 48.83904629449377 ], [ -123.822842880788969, 48.838141398827432 ], [ -123.824213450459666, 48.838123716125942 ], [ -123.824176759255224, 48.832289846417225 ], [ -123.827488951973933, 48.83226484772306 ], [ -123.827581121460767, 48.833017452084235 ], [ -123.82884223526905, 48.833045854743993 ], [ -123.828023662325549, 48.835729907357262 ], [ -123.829812664387958, 48.839043629960102 ], [ -123.831375301108224, 48.840064347733218 ], [ -123.83146910512022, 48.843093002350727 ], [ -123.830000533439303, 48.843104448583411 ], [ -123.83003577469141, 48.844902368969052 ], [ -123.825930523601386, 48.844934197047586 ], [ -123.824713538565149, 48.844222270674067 ], [ -123.822364010808386, 48.848846540879379 ] ] ] ] } },
{ "type": "Feature", "properties": { "name": "Porpoise Bay Park", "kind": "Provincial" }, "geometry": { "type": "MultiPolygon", "coordinates": [ [ [ [ -123.745834717323802, 49.505946266986705 ], [ -123.746889506628577, 49.50751940466202 ], [ -123.750955436544004, 49.508417508747542 ], [ -123.751565994647549, 49.509458228196813 ], [ -123.740904380056108, 49.509462342101855 ], [ -123.74091912940095, 49.505948040772878 ], [ -123.745834717323802, 49.505946266986705 ] ] ], [ [ [ -123.754182866978226, 49.505942727380486 ], [ -123.75566771216269, 49.506492999184033 ], [ -123.756632997361464, 49.507676790299143 ], [ -123.756674246928554, 49.508542043806465 ], [ -123.755789906434856, 49.509456266476214 ], [ -123.75192252696641, 49.509458078753156 ], [ -123.75113766808775, 49.508225670422945 ], [ -123.747165310961179, 49.507376834249236 ], [ -123.746237994033507, 49.505950122978881 ], [ -123.754182866978226, 49.505942727380486 ] ] ], [ [ [ -123.743840556406425, 49.503956913486498 ], [ -123.745646232992186, 49.505765387738997 ], [ -123.740919898971441, 49.505767086263603 ], [ -123.740927279198672, 49.5040099375206 ], [ -123.743840556406425, 49.503956913486498 ] ] ], [ [ [ -123.751783829082811, 49.503867836883707 ], [ -123.753941645927782, 49.505761762134121 ], [ -123.746084066029056, 49.50576522741288 ], [ -123.744193198964439, 49.503950489559116 ], [ -123.751783829082811, 49.503867836883707 ] ] ] ] } },
{ "type": "Feature", "properties": { "name": "Nimpkish Lake Park", "kind": "Provincial" }, "geometry": { "type": "Polygon", "coordinates": [ [ [ -126.956159174631651, 50.344192360510874 ], [ -126.9569794882498, 50.343091444184907 ], [ -126.95549303253604, 50.340393923979086 ], [ -126.955197456258617, 50.338113092473158 ], [ -126.953368079761972, 50.33653382370877 ], [ -126.953166680889751, 50.335333998091976 ], [ -126.951135832871401, 50.334848492789398 ], [ -126.949405389989423, 50.333261914079884 ], [ -126.948778681253515, 50.331173108123863 ], [ -126.955212884951806, 50.331096478748471 ], [ -126.955209043846438, 50.327486362268019 ], [ -126.954645616181722, 50.327076014221376 ], [ -126.957358043524039, 50.326080329434689 ], [ -126.957094765137015, 50.324681553270949 ], [ -126.95819614987596, 50.323900375713102 ], [ -126.957716925944567, 50.321967120603759 ], [ -126.958481854004773, 50.320181645755355 ], [ -126.957141630429078, 50.318673970770632 ], [ -126.961581478280522, 50.318666488258835 ], [ -126.961604875238208, 50.307668242590175 ], [ -126.96694014751769, 50.307647489614524 ], [ -126.970858531671666, 50.305998015951943 ], [ -126.973381495571942, 50.306446787845445 ], [ -126.975331866534773, 50.307811985387318 ], [ -126.976291502162368, 50.309357794121617 ], [ -126.979011805934647, 50.310457496805881 ], [ -126.984164072535719, 50.308855982955862 ], [ -126.986273518357393, 50.310457610288545 ], [ -126.989009286569257, 50.3101991628752 ], [ -126.992587180779282, 50.311951995965117 ], [ -126.999113038612236, 50.31082047767439 ], [ -127.003389295514836, 50.312509115211583 ], [ -127.014554868148252, 50.31398010300628 ], [ -127.029286853156862, 50.317578254953617 ], [ -127.033019312379665, 50.317382075466526 ], [ -127.037832152949306, 50.31902804548649 ], [ -127.040863256271294, 50.31938273338907 ], [ -127.046381072600695, 50.318839652628853 ], [ -127.048400058406045, 50.320026821004127 ], [ -127.049870508984426, 50.323014343129259 ], [ -127.055106167167352, 50.324017983816361 ], [ -127.061334938835415, 50.327381535120743 ], [ -127.06484764605166, 50.326681742953525 ], [ -127.070764044712874, 50.327914790968144 ], [ -127.070686361609859, 50.329689734289431 ], [ -127.069304071065702, 50.332850237620342 ], [ -127.06958115800434, 50.334232435498002 ], [ -127.071239045835426, 50.334638178246479 ], [ -127.071203507284864, 50.335444121033525 ], [ -127.074776204686287, 50.33601510235782 ], [ -127.078001525094791, 50.334837759482426 ], [ -127.079864697550022, 50.334936569807752 ], [ -127.085010888717662, 50.336695868447094 ], [ -127.089069211259329, 50.339343899052118 ], [ -127.085336413748962, 50.342317132306889 ], [ -127.085200865448073, 50.343046897068582 ], [ -127.079077058586961, 50.346456625840148 ], [ -127.07808077631482, 50.347735086679521 ], [ -127.072728303041984, 50.346875997295633 ], [ -127.062656364427497, 50.34886832821757 ], [ -127.062170292797532, 50.346482788143376 ], [ -127.061189833342524, 50.345624268095541 ], [ -127.054239193954814, 50.343112242207226 ], [ -127.048808032348717, 50.343631491668589 ], [ -127.045382746676992, 50.345260033095933 ], [ -127.042016786893413, 50.345484329694777 ], [ -127.035789878624129, 50.348176227839303 ], [ -127.022130677763258, 50.347891205315207 ], [ -127.018146198497433, 50.348712033927626 ], [ -127.017536836994296, 50.350154909248033 ], [ -127.014510282075392, 50.351916720403665 ], [ -127.01429358104285, 50.353788257998445 ], [ -127.012652044476937, 50.354750373718758 ], [ -127.010156166748459, 50.357874578587413 ], [ -127.009606449173916, 50.36141695296547 ], [ -127.013817565892396, 50.363848325574139 ], [ -127.012885445816849, 50.365658911489824 ], [ -127.01125877564759, 50.366315848513672 ], [ -127.011512759216558, 50.367723061781732 ], [ -127.010431404156478, 50.36914482474284 ], [ -127.011415796703773, 50.371467374206837 ], [ -126.974348265274983, 50.371467121732621 ], [ -126.97321370131246, 50.36981958469476 ], [ -126.971190609535512, 50.369442489212382 ], [ -126.969173762307634, 50.367932178821754 ], [ -126.968642926887611, 50.366861555586098 ], [ -126.969014430275095, 50.366067539677289 ], [ -126.966359244446991, 50.362387328475144 ], [ -126.961430448475383, 50.360592041317062 ], [ -126.95901032761104, 50.356043311084726 ], [ -126.959790701007336, 50.352270296683301 ], [ -126.957528664952221, 50.348308952828326 ], [ -126.956159174631651, 50.344192360510874 ] ] ] } },
{ "type": "Feature", "properties": { "name": "Nitinat River Park", "kind": "Provincial" }, "geometry": { "type": "MultiPolygon", "coordinates": [ [ [ [ -124.562114028731585, 48.89317594334257 ], [ -124.562113907915048, 48.894525092038613 ], [ -124.566554985725517, 48.896982285791481 ], [ -124.566523482522712, 48.901367302859562 ], [ -124.545990023260572, 48.901238002404391 ], [ -124.547657270512829, 48.898631079002662 ], [ -124.553435010162289, 48.89698724071642 ], [ -124.556014547008331, 48.893175553397896 ], [ -124.562114028731585, 48.89317594334257 ] ] ], [ [ [ -124.637541406928392, 48.861351227830539 ], [ -124.639834637968931, 48.861170221439082 ], [ -124.641315182271171, 48.863307297625077 ], [ -124.642826205356187, 48.863713653371242 ], [ -124.643852894371335, 48.863274136188004 ], [ -124.643949578356484, 48.861967536190576 ], [ -124.646688441426022, 48.861363406179002 ], [ -124.646688489128991, 48.869458196920846 ], [ -124.638809833666386, 48.869457951251214 ], [ -124.632324940483514, 48.865178506465845 ], [ -124.637541406928392, 48.861351227830539 ] ] ] ] } },
{ "type": "Feature", "properties": { "name": "Okeover Arm Park", "kind": "Provincial" }, "geometry": { "type": "MultiPolygon", "coordinates": [ [ [ [ -124.712997997870943, 49.990805090450351 ], [ -124.712112824030328, 49.990583433261342 ], [ -124.713362889950076, 49.990586849848484 ], [ -124.712997997870943, 49.990805090450351 ] ] ], [ [ [ -124.714170446126616, 49.990672122634081 ], [ -124.716109159317583, 49.990594279907391 ], [ -124.716084692605534, 49.9918218570267 ], [ -124.715339535581407, 49.99162732927104 ], [ -124.714170446126616, 49.990672122634081 ] ] ], [ [ [ -124.715550586345955, 49.992343019601194 ], [ -124.713296014821239, 49.991441569759893 ], [ -124.71211546799266, 49.990766506586127 ], [ -124.713279473042206, 49.990926131546729 ], [ -124.713764777117092, 49.990587944027773 ], [ -124.715197547956535, 49.991726459571325 ], [ -124.716081607030446, 49.991982589499905 ], [ -124.715550586345955, 49.992343019601194 ] ] ] ] } },
{ "type": "Feature", "properties": { "name": "Taylor Arm Park", "kind": "Provincial" }, "geometry": { "type": "MultiPolygon", "coordinates": [ [ [ [ -125.062160636233855, 49.278710895363133 ], [ -125.070192277893213, 49.280146181758276 ], [ -125.070178626133668, 49.280664968375817 ], [ -125.068242362116763, 49.280663627548684 ], [ -125.068241191320865, 49.282471728521038 ], [ -125.065475510146769, 49.282470047882967 ], [ -125.065476222473166, 49.280660060938594 ], [ -125.062154983677729, 49.280662414405185 ], [ -125.062160636233855, 49.278710895363133 ] ] ], [ [ [ -125.062163349855581, 49.277761418731608 ], [ -125.068653570801089, 49.27721249688836 ], [ -125.070239755080109, 49.278134072378805 ], [ -125.070211026321758, 49.279351816814945 ], [ -125.062161835151855, 49.278297638352598 ], [ -125.062163349855581, 49.277761418731608 ] ] ], [ [ [ -125.042141931883052, 49.274101431942562 ], [ -125.04772709938608, 49.274564656754393 ], [ -125.047721243438033, 49.274975778853964 ], [ -125.050584994969839, 49.274802206922267 ], [ -125.052265280278831, 49.275281566872209 ], [ -125.052263302312056, 49.275920922739409 ], [ -125.049492844080518, 49.275924448853381 ], [ -125.049490012765375, 49.278636613124391 ], [ -125.037046887276375, 49.278634373131737 ], [ -125.037053945501953, 49.276650108576519 ], [ -125.040071640738446, 49.274485267763218 ], [ -125.042141931883052, 49.274101431942562 ] ] ], [ [ [ -125.051089420314383, 49.274392415675017 ], [ -125.041305146971908, 49.273880953097652 ], [ -125.038719683520796, 49.274725789619815 ], [ -125.037055516675522, 49.276215790545912 ], [ -125.037059614523912, 49.275066883539303 ], [ -125.038051453242417, 49.274334937411545 ], [ -125.042507312135939, 49.273168986850322 ], [ -125.045662554788478, 49.274032866634023 ], [ -125.046508830039272, 49.273006793756444 ], [ -125.048083850376372, 49.27259513135629 ], [ -125.050040049512646, 49.273291354676161 ], [ -125.051089420314383, 49.274392415675017 ] ] ] ] } },
{ "type": "Feature", "properties": { "name": "Dawley Passage Park", "kind": "Provincial" }, "geometry": { "type": "Polygon", "coordinates": [ [ [ -125.78573706279596, 49.14035304045909 ], [ -125.797737724707318, 49.140419075264475 ], [ -125.800832963639763, 49.144580281498527 ], [ -125.792603138829222, 49.148650212881364 ], [ -125.788138374814579, 49.15283374987186 ], [ -125.7848612338544, 49.153021928089196 ], [ -125.779757832178944, 49.148762772569036 ], [ -125.779037943704537, 49.147531190967491 ], [ -125.776909786941445, 49.14691649692088 ], [ -125.775064519917166, 49.145497177857145 ], [ -125.777885087764801, 49.142612896087705 ], [ -125.782920973552166, 49.142038151208006 ], [ -125.78573706279596, 49.14035304045909 ] ] ] } },
{ "type": "Feature", "properties": { "name": "Claud Elliott Creek Ecological Reserve", "kind": "Provincial" }, "geometry": { "type": "Polygon", "coordinates": [ [ [ -126.571886969239557, 50.31547403352905 ], [ -126.571915972881811, 50.328270877392974 ], [ -126.559804404762275, 50.335995041679801 ], [ -126.548542009419506, 50.328893329132605 ], [ -126.560606152375684, 50.321201330472796 ], [ -126.560949638913129, 50.314495613398115 ], [ -126.566063253724138, 50.313179044997881 ], [ -126.56974545984859, 50.313916942606923 ], [ -126.571886969239557, 50.31547403352905 ] ] ] } },
{ "type": "Feature", "properties": { "name": "Princess Louisa Marine Park", "kind": "Provincial" }, "geometry": { "type": "MultiPolygon", "coordinates": [ [ [ [ -123.767259004946695, 50.193283521690091 ], [ -123.766325744520429, 50.195069955518214 ], [ -123.766472580415126, 50.198211757504616 ], [ -123.765268339365136, 50.202031134425894 ], [ -123.777560475387105, 50.202144596674842 ], [ -123.777690225025935, 50.199198578969053 ], [ -123.780913666354479, 50.195964326759132 ], [ -123.785329012236858, 50.193785237831229 ], [ -123.789942436340681, 50.193278376497005 ], [ -123.790822793694019, 50.192252601273005 ], [ -123.795312077494131, 50.190352506030926 ], [ -123.798347520633513, 50.187561564454228 ], [ -123.803382033606681, 50.186974045359477 ], [ -123.803514363991368, 50.18817698903559 ], [ -123.80052647091334, 50.188220938451323 ], [ -123.800531689372633, 50.190672103383903 ], [ -123.796873661044458, 50.190675225254211 ], [ -123.797003539424665, 50.222209345128206 ], [ -123.751885063121478, 50.222238373553651 ], [ -123.751821322829954, 50.193291579758103 ], [ -123.767259004946695, 50.193283521690091 ] ] ], [ [ [ -123.802309409628933, 50.18702401118221 ], [ -123.802366253897247, 50.187064891194403 ], [ -123.802318727440323, 50.1870717945148 ], [ -123.802309409628933, 50.18702401118221 ] ] ], [ [ [ -123.804156667593958, 50.18515637495284 ], [ -123.807049354155822, 50.184398522913362 ], [ -123.808288642078679, 50.18562207845283 ], [ -123.806612696562539, 50.186748973455444 ], [ -123.804156667593958, 50.18515637495284 ] ] ], [ [ [ -123.802952314766955, 50.186653388551143 ], [ -123.803092076575084, 50.186637882246053 ], [ -123.803122976877177, 50.186671689420621 ], [ -123.802952314766955, 50.186653388551143 ] ] ], [ [ [ -123.802631958371691, 50.186611745355997 ], [ -123.802892525408041, 50.186650506671157 ], [ -123.802595255258339, 50.186639673264843 ], [ -123.802631958371691, 50.186611745355997 ] ] ], [ [ [ -123.83196562098513, 50.172855525875427 ], [ -123.832727789683389, 50.173082594740023 ], [ -123.83193287211104, 50.172974690350046 ], [ -123.83196562098513, 50.172855525875427 ] ] ] ] } },
{ "type": "Feature", "properties": { "name": "Smuggler Cove Marine Park", "kind": "Provincial" }, "geometry": { "type": "Polygon", "coordinates": [ [ [ -123.948879468925128, 49.523001824804687 ], [ -123.948880969919188, 49.508344032233474 ], [ -123.961545210355482, 49.5082652260147 ], [ -123.962291788548683, 49.508952093566215 ], [ -123.964645361324486, 49.509220339272566 ], [ -123.965241000216821, 49.510708535227515 ], [ -123.964683740932671, 49.511171938644942 ], [ -123.965803386540316, 49.512610790480565 ], [ -123.967428659038646, 49.513064957335708 ], [ -123.969293893462591, 49.515873775204518 ], [ -123.967078285454605, 49.516088198352264 ], [ -123.966215869655045, 49.517419673412668 ], [ -123.962690908238841, 49.517527868638503 ], [ -123.961570244271385, 49.519356332551425 ], [ -123.962458152880714, 49.520950063031485 ], [ -123.960915239915039, 49.521889360891336 ], [ -123.961614894705747, 49.522558179982731 ], [ -123.948879468925128, 49.523001824804687 ] ] ] } },
{ "type": "Feature", "properties": { "name": "West Shawnigan Lake Park", "kind": "Provincial" }, "geometry": { "type": "MultiPolygon", "coordinates": [ [ [ [ -123.652188412951304, 48.641562733852879 ], [ -123.653664202474857, 48.642773362008015 ], [ -123.649549436310878, 48.642823627648532 ], [ -123.649421728401975, 48.641038585024091 ], [ -123.652188412951304, 48.641562733852879 ] ] ], [ [ [ -123.65364867056536, 48.642161701174473 ], [ -123.652378626838754, 48.641444704892002 ], [ -123.651779194352855, 48.641047762649983 ], [ -123.653627968245743, 48.641347657864486 ], [ -123.65364867056536, 48.642161701174473 ] ] ], [ [ [ -123.652161495920751, 48.640856671490219 ], [ -123.651528617363866, 48.640860253783238 ], [ -123.650651748431102, 48.639934103430122 ], [ -123.65015108048847, 48.639100279682786 ], [ -123.652161495920751, 48.640856671490219 ] ] ], [ [ [ -123.649838743398973, 48.639025570193326 ], [ -123.650390960808124, 48.640007539391618 ], [ -123.651248176920987, 48.640857344338897 ], [ -123.649370635615739, 48.640858957090735 ], [ -123.648990710497614, 48.639052831462024 ], [ -123.649838743398973, 48.639025570193326 ] ] ], [ [ [ -123.652159890751108, 48.640568809484002 ], [ -123.650840319738478, 48.639028914126108 ], [ -123.653543090557804, 48.639013607780612 ], [ -123.653578526096027, 48.63991753975057 ], [ -123.652156760047319, 48.639930089746706 ], [ -123.652159890751108, 48.640568809484002 ] ] ] ] } },
{ "type": "Feature", "properties": { "name": "Cormorant Channel Marine Park", "kind": "Provincial" }, "geometry": { "type": "MultiPolygon", "coordinates": [ [ [ [ -126.7782665693193, 50.584519447731985 ], [ -126.781327951768603, 50.581135969670861 ], [ -126.791204072550698, 50.581323759785874 ], [ -126.792408807898127, 50.585387556661644 ], [ -126.794107873892642, 50.587253552801904 ], [ -126.794395920260826, 50.590451538300414 ], [ -126.795798496835971, 50.59319576395994 ], [ -126.807677414096162, 50.59031627928146 ], [ -126.822946839057423, 50.604988987535421 ], [ -126.817011801411098, 50.60944854076125 ], [ -126.807615298758364, 50.609272012281025 ], [ -126.807977046341236, 50.601490299998765 ], [ -126.79378686577391, 50.601222310396018 ], [ -126.782611076173012, 50.589765466915551 ], [ -126.771626053753025, 50.589555727745953 ], [ -126.771839754540764, 50.585029987779571 ], [ -126.773393135267654, 50.585326712335075 ], [ -126.774577055356218, 50.584485765329717 ], [ -126.775425177397651, 50.58506889748211 ], [ -126.775702899238482, 50.584273525276124 ], [ -126.7782665693193, 50.584519447731985 ] ] ], [ [ [ -126.836516702429023, 50.584379850394114 ], [ -126.838382105201589, 50.581958254723673 ], [ -126.851293394777741, 50.57831861389154 ], [ -126.855921197557919, 50.573800314760291 ], [ -126.871427085098887, 50.574084836279241 ], [ -126.871419099286371, 50.584196535312842 ], [ -126.878964903937629, 50.58673801713131 ], [ -126.878889357260462, 50.588418795079519 ], [ -126.866195202038725, 50.58882838909431 ], [ -126.854831202188507, 50.58750676023638 ], [ -126.850558937545344, 50.588161718183024 ], [ -126.844312438195956, 50.586932370672343 ], [ -126.836516702429023, 50.584379850394114 ] ] ], [ [ [ -126.820870058264305, 50.570232270975403 ], [ -126.831473807719391, 50.572708011044924 ], [ -126.831464437946636, 50.575342912905775 ], [ -126.822258219633397, 50.577577566746513 ], [ -126.813626008151928, 50.574513015888492 ], [ -126.820870058264305, 50.570232270975403 ] ] ] ] } },
{ "type": "Feature", "properties": { "name": "Miracle Beach Park", "kind": "Provincial" }, "geometry": { "type": "MultiPolygon", "coordinates": [ [ [ [ -125.108184893314629, 49.85580748104902 ], [ -125.113449033441952, 49.857466803840516 ], [ -125.10746783130989, 49.857444832772181 ], [ -125.108184893314629, 49.85580748104902 ] ] ], [ [ [ -125.092660190708344, 49.836322266486782 ], [ -125.096964770252853, 49.837344713469832 ], [ -125.10225735189934, 49.84196655473977 ], [ -125.101615717640414, 49.847950779460788 ], [ -125.103772145463793, 49.850274641799224 ], [ -125.100638542576533, 49.851984765096994 ], [ -125.100668274743697, 49.853044131708174 ], [ -125.095641283967069, 49.85646880621821 ], [ -125.088551234673133, 49.852117697158846 ], [ -125.092636673714395, 49.849334795531028 ], [ -125.092660190708344, 49.836322266486782 ] ] ] ] } },
{ "type": "Feature", "properties": { "name": "South Texada Island Park", "kind": "Provincial" }, "geometry": { "type": "MultiPolygon", "coordinates": [ [ [ [ -124.155317930424019, 49.500414672634534 ], [ -124.149770854135738, 49.496402461695304 ], [ -124.138665769269139, 49.496406839143241 ], [ -124.138663712662805, 49.49387378024425 ], [ -124.1310774048453, 49.493876153243285 ], [ -124.131548181213887, 49.493316028010007 ], [ -124.131262028643022, 49.492284390414184 ], [ -124.132725966810099, 49.491694368835184 ], [ -124.131501447569093, 49.490689913327664 ], [ -124.134460785028622, 49.49087680273238 ], [ -124.134226074444072, 49.489682758098752 ], [ -124.134989804304141, 49.489270474229791 ], [ -124.135257624852755, 49.490104402078195 ], [ -124.136470757199746, 49.490614213278363 ], [ -124.135975648451179, 49.488909998004807 ], [ -124.138270577155609, 49.489031360871103 ], [ -124.137726409123658, 49.488191167405695 ], [ -124.139233004092262, 49.488257298564534 ], [ -124.139876982552551, 49.488637746122251 ], [ -124.140664288574769, 49.488647972944797 ], [ -124.141157026941826, 49.488916398586866 ], [ -124.140553215613281, 49.488695209677623 ], [ -124.140553657929814, 49.489219657028471 ], [ -124.141431308045597, 49.48921933023113 ], [ -124.141312471861426, 49.488614599949621 ], [ -124.146029073476882, 49.490735776642119 ], [ -124.148929810970785, 49.493135687713547 ], [ -124.150890166169702, 49.493700878272399 ], [ -124.155578282588777, 49.496919376157727 ], [ -124.155771488077249, 49.498086808116462 ], [ -124.156680417957716, 49.498563464013721 ], [ -124.160335409430218, 49.500109997716997 ], [ -124.162526002484086, 49.500465788189921 ], [ -124.163474010205448, 49.499673688028494 ], [ -124.165131443075438, 49.500259671545159 ], [ -124.165894431707287, 49.499820220434714 ], [ -124.169192369765639, 49.500857361617143 ], [ -124.172907561543269, 49.5037431625585 ], [ -124.172566367777975, 49.504493205381991 ], [ -124.173056953048516, 49.50536976306708 ], [ -124.172143820864633, 49.505307061418094 ], [ -124.172240006583763, 49.505863772907098 ], [ -124.174390925689949, 49.508009786701045 ], [ -124.174580758511993, 49.509015314303838 ], [ -124.182963742238741, 49.511799327706399 ], [ -124.184755344965666, 49.513337147135424 ], [ -124.184697235904778, 49.514363194158122 ], [ -124.187471478424442, 49.515396160274676 ], [ -124.196378610073509, 49.522599432287933 ], [ -124.198393305388379, 49.523055324236744 ], [ -124.200281384197069, 49.524546921406269 ], [ -124.201884534382728, 49.524557269430638 ], [ -124.202601492313846, 49.523929149494165 ], [ -124.20485909325906, 49.524706228243552 ], [ -124.203956381913329, 49.525084429616321 ], [ -124.203919236464529, 49.525822417022781 ], [ -124.205684353605974, 49.526576057011226 ], [ -124.205332721087089, 49.529194151955743 ], [ -124.198244388924351, 49.546655734289963 ], [ -124.195203413783446, 49.546656433595004 ], [ -124.171730818995613, 49.533382883356467 ], [ -124.149802688866529, 49.510643580844942 ], [ -124.155318282933877, 49.503593657399932 ], [ -124.155317930424019, 49.500414672634534 ] ] ], [ [ [ -124.130886871044467, 49.49387619271031 ], [ -124.126111836549981, 49.493877435841021 ], [ -124.12662803169124, 49.493139177112916 ], [ -124.125444191396937, 49.492098266929474 ], [ -124.129830989152936, 49.492505257355994 ], [ -124.130886871044467, 49.49387619271031 ] ] ] ] } },
{ "type": "Feature", "properties": { "name": "Rebecca Spit Marine Park", "kind": "Provincial" }, "geometry": { "type": "Polygon", "coordinates": [ [ [ -125.180607894299641, 50.092033910142206 ], [ -125.186615862502535, 50.092114193340038 ], [ -125.201891639038777, 50.106024549343324 ], [ -125.201900362722398, 50.109817623807757 ], [ -125.193463103277011, 50.109824715284702 ], [ -125.17568934726097, 50.093540072401737 ], [ -125.180607894299641, 50.092033910142206 ] ] ] } },
{ "type": "Feature", "properties": { "name": "Quatsino Park", "kind": "Provincial" }, "geometry": { "type": "Polygon", "coordinates": [ [ [ -127.791080122204477, 50.497885078333404 ], [ -127.789625034269619, 50.495529563544046 ], [ -127.795532311711341, 50.493882045091041 ], [ -127.799250489831877, 50.494037384196396 ], [ -127.798051645445398, 50.492388160678352 ], [ -127.794401820937352, 50.490659613585471 ], [ -127.794853330604298, 50.488982481266547 ], [ -127.795834025376664, 50.488668848346371 ], [ -127.796314043041505, 50.487531611356857 ], [ -127.799091032994923, 50.48531183906654 ], [ -127.805417532336293, 50.483731256280954 ], [ -127.80763636003131, 50.484059704903522 ], [ -127.814852073124968, 50.482991258183773 ], [ -127.817320867108066, 50.482908406492555 ], [ -127.819031498215494, 50.484418644672097 ], [ -127.82089999642308, 50.484104924341452 ], [ -127.822816622265194, 50.484672923121707 ], [ -127.825248095741415, 50.48384306343997 ], [ -127.826255445407455, 50.484716611502535 ], [ -127.825624501585622, 50.485717533216494 ], [ -127.833378458861105, 50.48625419282078 ], [ -127.837057117759329, 50.487999794887074 ], [ -127.83920797166796, 50.487670518764659 ], [ -127.841419861373467, 50.490030893710966 ], [ -127.844996110787875, 50.490219328217762 ], [ -127.844555072813591, 50.490961435197413 ], [ -127.84084300892836, 50.491767759789539 ], [ -127.842654122240901, 50.49202177831075 ], [ -127.841661579816432, 50.493405921006612 ], [ -127.842736901205498, 50.494981511123598 ], [ -127.842370234857952, 50.496138044580711 ], [ -127.840693241227441, 50.496103354603065 ], [ -127.840550524244975, 50.496749475593937 ], [ -127.839083172181319, 50.497364416689109 ], [ -127.83775503993229, 50.496901473295594 ], [ -127.837744979425807, 50.49494710284457 ], [ -127.832072817634142, 50.494943869590045 ], [ -127.832063234830528, 50.499719294658377 ], [ -127.826704149805281, 50.498472418664186 ], [ -127.824778736461184, 50.498892105855916 ], [ -127.832053735720038, 50.500926774389342 ], [ -127.835185730479012, 50.502457565645109 ], [ -127.841935607884821, 50.504269465154302 ], [ -127.844617758035923, 50.504342057109611 ], [ -127.844608639391424, 50.511899599375894 ], [ -127.842080672937584, 50.511847533674072 ], [ -127.840001800920433, 50.510823536141835 ], [ -127.834973282891923, 50.510916090001707 ], [ -127.813131164292187, 50.499505115068395 ], [ -127.807832934734179, 50.499544475427236 ], [ -127.805174258544412, 50.497887237355805 ], [ -127.791080122204477, 50.497885078333404 ] ] ] } },
{ "type": "Feature", "properties": { "name": "Sechelt Inlets Marine Park - Halfway Beach Site", "kind": "Provincial" }, "geometry": { "type": "Polygon", "coordinates": [ [ [ -123.81858288004635, 49.597124429544131 ], [ -123.821368779949992, 49.597126285196943 ], [ -123.821364230239269, 49.600029510590531 ], [ -123.819923208927619, 49.599394984794273 ], [ -123.819958957006079, 49.598225419571293 ], [ -123.81858288004635, 49.597124429544131 ] ] ] } },
{ "type": "Feature", "properties": { "name": "Sechelt Inlets Marine Park - Kunechin Point Site", "kind": "Provincial" }, "geometry": { "type": "MultiPolygon", "coordinates": [ [ [ [ -123.799993132893889, 49.632257511670844 ], [ -123.802319714369347, 49.633104911084942 ], [ -123.804112701752842, 49.632660716034906 ], [ -123.804065035246296, 49.631446764416644 ], [ -123.801850327714632, 49.631507087966732 ], [ -123.801728188036734, 49.630815339613378 ], [ -123.800459177222436, 49.630275433736443 ], [ -123.800878814501885, 49.628842375889704 ], [ -123.802328923926609, 49.628607467015989 ], [ -123.804111311326736, 49.626688194949189 ], [ -123.804063056802462, 49.625438250121618 ], [ -123.804682659676985, 49.625227076604105 ], [ -123.80423134677882, 49.624726511737848 ], [ -123.804838714461837, 49.624614345649931 ], [ -123.805470419206486, 49.625977165388868 ], [ -123.808240752441733, 49.625202284022635 ], [ -123.80608268923875, 49.629516833070724 ], [ -123.808132024739322, 49.629511537518013 ], [ -123.80834731045536, 49.63080528623621 ], [ -123.809807695017383, 49.630354346825257 ], [ -123.809293177970673, 49.631059524512999 ], [ -123.810621187354442, 49.631291850899231 ], [ -123.810617839408081, 49.633157600684214 ], [ -123.80560498343057, 49.633153671854096 ], [ -123.805603623203154, 49.633873223670044 ], [ -123.795583672163971, 49.633881640236424 ], [ -123.795573139052237, 49.63323300277569 ], [ -123.799993132893889, 49.632257511670844 ] ] ], [ [ [ -123.805491846919182, 49.621398653248434 ], [ -123.805563683096935, 49.622396580644292 ], [ -123.804888451970101, 49.622590177132444 ], [ -123.804861263608544, 49.621780834571432 ], [ -123.805491846919182, 49.621398653248434 ] ] ], [ [ [ -123.803580845205474, 49.621375968471149 ], [ -123.804443301868403, 49.621621832699475 ], [ -123.80432713990092, 49.622135340963816 ], [ -123.803664274115562, 49.622238878393702 ], [ -123.803580845205474, 49.621375968471149 ] ] ], [ [ [ -123.806416515697691, 49.622057834147462 ], [ -123.806561826790841, 49.621634078628212 ], [ -123.806746536422523, 49.6219206104455 ], [ -123.806416515697691, 49.622057834147462 ] ] ], [ [ [ -123.804013770340006, 49.620761317193349 ], [ -123.804293612994826, 49.620939268390757 ], [ -123.80400318968384, 49.62095926416449 ], [ -123.804013770340006, 49.620761317193349 ] ] ], [ [ [ -123.804172349757323, 49.620301473353059 ], [ -123.804573507048246, 49.620280705280955 ], [ -123.804465439053118, 49.620443360462637 ], [ -123.804172349757323, 49.620301473353059 ] ] ] ] } },
{ "type": "Feature", "properties": { "name": "Sechelt Inlets Marine Park - Piper Point Site", "kind": "Provincial" }, "geometry": { "type": "Polygon", "coordinates": [ [ [ -123.798953519778266, 49.543407924718998 ], [ -123.801723960643443, 49.54341027007559 ], [ -123.801720383883961, 49.545219743879194 ], [ -123.795723547623822, 49.54522018230184 ], [ -123.798488012024748, 49.544370370538715 ], [ -123.798953519778266, 49.543407924718998 ] ] ] } },
{ "type": "Feature", "properties": { "name": "Surge Narrows Park", "kind": "Provincial" }, "geometry": { "type": "Polygon", "coordinates": [ [ [ -125.132189808666922, 50.228812853152178 ], [ -125.132042355627391, 50.23145992888972 ], [ -125.135292728779291, 50.232038774321595 ], [ -125.138392429570203, 50.229850182694371 ], [ -125.138905178116886, 50.228779511662374 ], [ -125.142039528187283, 50.229279165192828 ], [ -125.143030691335923, 50.23043007787787 ], [ -125.144536117994463, 50.230240628038558 ], [ -125.143955581266923, 50.229801315446046 ], [ -125.146208571064108, 50.228437927824608 ], [ -125.143413094241879, 50.227068012911474 ], [ -125.143362269006246, 50.226232818616566 ], [ -125.14118385581105, 50.22643442093829 ], [ -125.138449838038269, 50.225398432069447 ], [ -125.136717732731427, 50.220824256255511 ], [ -125.15978458753996, 50.220814479076815 ], [ -125.163993514063677, 50.224408643739544 ], [ -125.163743442920065, 50.241427151182251 ], [ -125.133735148722621, 50.241802145785783 ], [ -125.133734257552163, 50.24058109120665 ], [ -125.134697269104365, 50.239882090015058 ], [ -125.119389990232648, 50.234126093325187 ], [ -125.128088402877296, 50.227080107952524 ], [ -125.132189808666922, 50.228812853152178 ] ] ] } },
{ "type": "Feature", "properties": { "name": "Sydney Inlet Park", "kind": "Provincial" }, "geometry": { "type": "Polygon", "coordinates": [ [ [ -126.247509441836499, 49.434802152628627 ], [ -126.255959710262346, 49.429481117747748 ], [ -126.265669273701491, 49.42948101176556 ], [ -126.268286567753336, 49.431056881703476 ], [ -126.276258356791132, 49.433130969564218 ], [ -126.276871929890802, 49.435685793919731 ], [ -126.280524484525699, 49.439870273003784 ], [ -126.280321799791494, 49.445942027017651 ], [ -126.279399148681918, 49.447098882698974 ], [ -126.279535952579892, 49.449612120696329 ], [ -126.281729804878424, 49.449958280978876 ], [ -126.28237262765407, 49.45418459948587 ], [ -126.291966085032456, 49.460924699833974 ], [ -126.293496169523323, 49.463965340516623 ], [ -126.297627898074381, 49.46764261257902 ], [ -126.300012670452588, 49.468957840081046 ], [ -126.302662599390516, 49.469469521612439 ], [ -126.304602364565284, 49.471000100999959 ], [ -126.302003029464259, 49.474186251909885 ], [ -126.3019942291468, 49.476857985277292 ], [ -126.301085238124543, 49.47907686564043 ], [ -126.2991819465975, 49.480543809573106 ], [ -126.297856055867101, 49.482806912898134 ], [ -126.29898472651503, 49.483624971141232 ], [ -126.300691190708591, 49.486783462242009 ], [ -126.308776533315083, 49.489386130600657 ], [ -126.310722272113637, 49.491680519177756 ], [ -126.310430407337449, 49.493409506110716 ], [ -126.315332053640276, 49.49742062285496 ], [ -126.314435672432396, 49.499132863190319 ], [ -126.317668481497023, 49.502203566332611 ], [ -126.317604862521847, 49.503683674653374 ], [ -126.318224415475868, 49.504421865373835 ], [ -126.317431556828438, 49.509658205474928 ], [ -126.316393315089584, 49.511386553807412 ], [ -126.316357530744526, 49.513832533702008 ], [ -126.322114945127211, 49.517457480237667 ], [ -126.322314775534508, 49.519971494303356 ], [ -126.31206451952103, 49.52523316012428 ], [ -126.292286084808566, 49.52519217927788 ], [ -126.292383061288291, 49.523362610410715 ], [ -126.285921165199142, 49.514086702316405 ], [ -126.282285417014677, 49.510132854214277 ], [ -126.275651299646583, 49.506944906559369 ], [ -126.276110790456755, 49.505480480541465 ], [ -126.279043047820167, 49.503831064019622 ], [ -126.276089751392064, 49.502286100938143 ], [ -126.268336122459417, 49.501826876224733 ], [ -126.267226309416586, 49.500948133235163 ], [ -126.267382991743503, 49.49789728042262 ], [ -126.263716414963199, 49.497018880461638 ], [ -126.263973364809104, 49.488451342141268 ], [ -126.262716299384678, 49.487467954041691 ], [ -126.261241393667049, 49.484203296095316 ], [ -126.259809988228326, 49.482882880944068 ], [ -126.259656856538768, 49.473262032251824 ], [ -126.258233059884617, 49.468202269376341 ], [ -126.258439989171563, 49.467176270174953 ], [ -126.26082078522721, 49.464348954453222 ], [ -126.25678933641629, 49.460589939143034 ], [ -126.257237585240503, 49.458495399210307 ], [ -126.255930467887737, 49.455459551454325 ], [ -126.25581352381009, 49.451624266078682 ], [ -126.254649243424481, 49.449895416221686 ], [ -126.255276180329361, 49.446856583211904 ], [ -126.250638587325511, 49.443795345318392 ], [ -126.248500838705425, 49.44064256519308 ], [ -126.247170063427021, 49.439772911544893 ], [ -126.247509441836499, 49.434802152628627 ] ], [ [ -126.299232012486016, 49.517956243276316 ], [ -126.299232224739669, 49.514338777778725 ], [ -126.29367628578774, 49.514339019396445 ], [ -126.293675645939928, 49.5179533990135 ], [ -126.299232012486016, 49.517956243276316 ] ] ] } },
{ "type": "Feature", "properties": { "name": "Walsh Cove Park", "kind": "Provincial" }, "geometry": { "type": "Polygon", "coordinates": [ [ [ -124.809173458096083, 50.262825892130465 ], [ -124.809284453109825, 50.266442958585735 ], [ -124.806462931452359, 50.266477182571307 ], [ -124.806569718589103, 50.270094281463017 ], [ -124.803747954132547, 50.270128417849989 ], [ -124.803801262032323, 50.27193698493349 ], [ -124.798174092256446, 50.27199940004558 ], [ -124.79821047381914, 50.273808179301263 ], [ -124.792793061112775, 50.273873295740295 ], [ -124.797400814770143, 50.262854570452291 ], [ -124.809173458096083, 50.262825892130465 ] ] ] } },
{ "type": "Feature", "properties": { "name": "Claude Elliott Lake Park", "kind": "Provincial" }, "geometry": { "type": "Polygon", "coordinates": [ [ [ -126.560949638913129, 50.314495613398115 ], [ -126.560606152375684, 50.321201330472796 ], [ -126.544123450600821, 50.331692712856899 ], [ -126.539605421049245, 50.333884445217585 ], [ -126.53890953037029, 50.335789968812186 ], [ -126.536853644141999, 50.337171491739731 ], [ -126.527064900127598, 50.339724582554865 ], [ -126.52233628891922, 50.339884744140697 ], [ -126.530208526122337, 50.33563188153461 ], [ -126.532843671537691, 50.335162070466197 ], [ -126.536420868253046, 50.332305478086049 ], [ -126.537873600192015, 50.332676942985685 ], [ -126.539692653042252, 50.331549526234106 ], [ -126.542599563847062, 50.32737959765312 ], [ -126.553387333783007, 50.319931225998204 ], [ -126.55290063804236, 50.313353833990028 ], [ -126.550542669013396, 50.309100028086455 ], [ -126.549705835802541, 50.306248223498145 ], [ -126.545762257196799, 50.300681377295035 ], [ -126.54922036147471, 50.295899536580286 ], [ -126.555361731675077, 50.296030176760738 ], [ -126.558067970651891, 50.298115152401252 ], [ -126.557953769492627, 50.299556450591176 ], [ -126.558833335116347, 50.301679790309159 ], [ -126.563101278320204, 50.306874071903678 ], [ -126.566063253724138, 50.313179044997881 ], [ -126.560949638913129, 50.314495613398115 ] ] ] } },
{ "type": "Feature", "properties": { "name": "Rendezvous Island South Park", "kind": "Provincial" }, "geometry": { "type": "Polygon", "coordinates": [ [ [ -125.029106036514435, 50.253087613562165 ], [ -125.032592519370354, 50.25326053927612 ], [ -125.034967343602503, 50.256007311221111 ], [ -125.037067423675367, 50.256141404532379 ], [ -125.03864436013923, 50.257381997687105 ], [ -125.040470334222263, 50.260754430977975 ], [ -125.043832149247137, 50.263910937891318 ], [ -125.043650531806904, 50.264872077849112 ], [ -125.041835885291704, 50.266581477755473 ], [ -125.043170190578763, 50.267623895586318 ], [ -125.042941399389051, 50.268630820431319 ], [ -125.038896984206332, 50.269088645791605 ], [ -125.030201343703581, 50.265404685956746 ], [ -125.023445756831833, 50.260948747157187 ], [ -125.022323065119139, 50.257838152978458 ], [ -125.02260157030733, 50.25672245865794 ], [ -125.025439750790383, 50.253988100897459 ], [ -125.029106036514435, 50.253087613562165 ] ] ] } },
{ "type": "Feature", "properties": { "name": "Dixie Cove Marine Park", "kind": "Provincial" }, "geometry": { "type": "Polygon", "coordinates": [ [ [ -127.20563825241841, 50.050033911832266 ], [ -127.209203334013083, 50.052442285593301 ], [ -127.209195285271917, 50.056641177806391 ], [ -127.208423267196494, 50.056840967929958 ], [ -127.208428660968821, 50.057431973120558 ], [ -127.197956254880552, 50.057423103772038 ], [ -127.197960775086756, 50.055319100500988 ], [ -127.189864182602918, 50.051669033576495 ], [ -127.188390895626384, 50.051646045164375 ], [ -127.188271153600084, 50.050278622895654 ], [ -127.18489531315268, 50.047228942061174 ], [ -127.185844591067337, 50.045532019339369 ], [ -127.188359478188659, 50.044996177646262 ], [ -127.188432157347876, 50.043065540473862 ], [ -127.201958622507362, 50.045767464228071 ], [ -127.20563825241841, 50.050033911832266 ] ] ] } },
{ "type": "Feature", "properties": { "name": "Mitlenatch Island Nature Park", "kind": "Provincial" }, "geometry": { "type": "Polygon", "coordinates": [ [ [ -124.998098733699337, 49.945632953297519 ], [ -125.007717833092926, 49.94497368511152 ], [ -125.01294772246807, 49.94599365665465 ], [ -125.015562221140598, 49.948713745428257 ], [ -125.016032926110441, 49.951004878467806 ], [ -125.011754702604478, 49.954116446573806 ], [ -125.005488547054597, 49.954564705515693 ], [ -125.00169752084426, 49.957312191149192 ], [ -124.998453885767333, 49.956689496689677 ], [ -124.99298221292716, 49.951949896998222 ], [ -124.992722402316843, 49.950341700454373 ], [ -124.993717185717401, 49.947966417833321 ], [ -124.995260331345548, 49.946691803386436 ], [ -124.998098733699337, 49.945632953297519 ] ] ] } },
{ "type": "Feature", "properties": { "name": "Catala Island Marine Park", "kind": "Provincial" }, "geometry": { "type": "Polygon", "coordinates": [ [ [ -127.08680252212757, 49.83015933036679 ], [ -127.079000899542507, 49.852982863030064 ], [ -127.051619579319819, 49.847011807318871 ], [ -127.046939025403418, 49.847460658231086 ], [ -127.044071405286658, 49.844146801869769 ], [ -127.028880551003709, 49.835350671871041 ], [ -127.037929862364791, 49.835355952392199 ], [ -127.037961030970479, 49.819408163411424 ], [ -127.053829607735622, 49.819675808777241 ], [ -127.08680252212757, 49.83015933036679 ] ] ] } },
{ "type": "Feature", "properties": { "name": "Echo Bay Marine Park", "kind": "Provincial" }, "geometry": { "type": "Polygon", "coordinates": [ [ [ -126.494545907452078, 50.749910479540659 ], [ -126.493995812944419, 50.749910451135605 ], [ -126.494093177270813, 50.750427358855418 ], [ -126.495782639971011, 50.751108909713516 ], [ -126.495222845633293, 50.751526269196596 ], [ -126.493477399365688, 50.750992759134043 ], [ -126.493071671820175, 50.749471997281596 ], [ -126.494545907452078, 50.749910479540659 ] ] ] } },
{ "type": "Feature", "properties": { "name": "Homathko Estuary Park", "kind": "Provincial" }, "geometry": { "type": "Polygon", "coordinates": [ [ [ -124.830418066726295, 50.936809685373724 ], [ -124.819908005827585, 50.929587970935174 ], [ -124.818782771084386, 50.927027729595345 ], [ -124.848605337715654, 50.920816997867526 ], [ -124.860464556298297, 50.932384212213989 ], [ -124.861016427856597, 50.934443922589651 ], [ -124.856405920986305, 50.941613252490001 ], [ -124.855942301466925, 50.943554251986654 ], [ -124.855063582165712, 50.94421271906544 ], [ -124.85506467348128, 50.948111957378472 ], [ -124.840833218835428, 50.948010697095079 ], [ -124.846826294953644, 50.942322595105622 ], [ -124.846922592864416, 50.936928492008846 ], [ -124.830418066726295, 50.936809685373724 ] ] ] } },
{ "type": "Feature", "properties": { "name": "Upper Lillooet Park", "kind": "Provincial" }, "geometry": { "type": "Polygon", "coordinates": [ [ [ -123.602029755799663, 50.570332376097014 ], [ -123.604588541073511, 50.570552940999029 ], [ -123.609802519102502, 50.575175267883481 ], [ -123.612558941631363, 50.576455836200424 ], [ -123.617376432431954, 50.580891058895574 ], [ -123.623749474202043, 50.583249309552095 ], [ -123.627194109042364, 50.583104907719836 ], [ -123.632172173493004, 50.586720254012626 ], [ -123.636287647715477, 50.588118790292775 ], [ -123.63786532736394, 50.587786407390084 ], [ -123.638956765829874, 50.589102436389545 ], [ -123.639999635121242, 50.588916833448245 ], [ -123.642060549863984, 50.590875016898899 ], [ -123.641714171268319, 50.592414760427715 ], [ -123.644700468983046, 50.593837192490582 ], [ -123.645993578452163, 50.595412849036592 ], [ -123.645763373479312, 50.596199165436794 ], [ -123.702041107864403, 50.616048344216395 ], [ -123.702038406770512, 50.695040329365511 ], [ -123.712773958425004, 50.706386237097497 ], [ -123.704041015652777, 50.730469343933166 ], [ -123.668988727249541, 50.74724235718152 ], [ -123.619536342348994, 50.745041014561551 ], [ -123.580436391142214, 50.732372899935363 ], [ -123.513212408376006, 50.727526868628978 ], [ -123.502244925760081, 50.722280656734469 ], [ -123.501287414513115, 50.687237790167828 ], [ -123.525303029995811, 50.686437466610037 ], [ -123.525033503720223, 50.660074956032055 ], [ -123.578308427496324, 50.621105196476634 ], [ -123.573422844872226, 50.587984836332275 ], [ -123.584471397580529, 50.557508118497225 ], [ -123.587222436508895, 50.55831201584904 ], [ -123.590037165759256, 50.562128921982001 ], [ -123.592752641661804, 50.563626015953162 ], [ -123.593454835523943, 50.565573966884415 ], [ -123.594918152755426, 50.566285973725059 ], [ -123.595044237690047, 50.567328534002975 ], [ -123.602029755799663, 50.570332376097014 ] ] ] } },
{ "type": "Feature", "properties": { "name": "Santa Gertrudis Boca Del Infierno Park", "kind": "Provincial" }, "geometry": { "type": "Polygon", "coordinates": [ [ [ -126.612762944032951, 49.599367325888572 ], [ -126.637207719105533, 49.599381221646283 ], [ -126.637635731492054, 49.603417760129723 ], [ -126.638599945380378, 49.604494594623134 ], [ -126.640288337871013, 49.60459555525329 ], [ -126.64019752160219, 49.623071734565237 ], [ -126.623795527339027, 49.623062135659922 ], [ -126.621978194814332, 49.621881697828691 ], [ -126.619774677108296, 49.622031176810054 ], [ -126.618320588341888, 49.620795030954284 ], [ -126.618119178651909, 49.617954074376861 ], [ -126.617129356605247, 49.616209878744996 ], [ -126.617608516378752, 49.614646018890085 ], [ -126.616827980868209, 49.613533728586305 ], [ -126.617172471086946, 49.61157192243293 ], [ -126.615450339209175, 49.610282107191445 ], [ -126.616184070319704, 49.607670088139464 ], [ -126.614012448666983, 49.605178476372551 ], [ -126.614525075547149, 49.602402012714556 ], [ -126.613798466556318, 49.599981956863957 ], [ -126.612762944032951, 49.599367325888572 ] ] ] } },
{ "type": "Feature", "properties": { "name": "Tribune Bay Park", "kind": "Provincial" }, "geometry": { "type": "Polygon", "coordinates": [ [ [ -124.635086845981988, 49.522855162573919 ], [ -124.639464766647393, 49.525555556589183 ], [ -124.648292279596916, 49.525639331369597 ], [ -124.648154269421951, 49.531846018966547 ], [ -124.630941833576884, 49.531566518013847 ], [ -124.631243387084638, 49.525048819504036 ], [ -124.635086845981988, 49.522855162573919 ] ] ] } },
{ "type": "Feature", "properties": { "name": "Smelt Bay Park", "kind": "Provincial" }, "geometry": { "type": "Polygon", "coordinates": [ [ [ -124.997509713418779, 50.030290268804208 ], [ -124.998914024446321, 50.03223489851225 ], [ -124.996803228340482, 50.033409237440942 ], [ -124.99583129709454, 50.032760429805712 ], [ -124.988283277688211, 50.032777788470668 ], [ -124.988204535272175, 50.030247132743206 ], [ -124.997509713418779, 50.030290268804208 ] ] ] } },
{ "type": "Feature", "properties": { "name": "Pirates Cove Marine Park", "kind": "Provincial" }, "geometry": { "type": "Polygon", "coordinates": [ [ [ -123.725698664770505, 49.094198060789147 ], [ -123.72627004459666, 49.09321252309207 ], [ -123.731697173460404, 49.09674686467639 ], [ -123.730666299923712, 49.097873339492814 ], [ -123.730420430463539, 49.099583615993645 ], [ -123.723241208142014, 49.096705249278195 ], [ -123.721455736229544, 49.09543905680821 ], [ -123.719741447043504, 49.092517198198962 ], [ -123.721769207889736, 49.092495536342462 ], [ -123.725698664770505, 49.094198060789147 ] ] ] } },
{ "type": "Feature", "properties": { "name": "Roberts Memorial Park", "kind": "Provincial" }, "geometry": { "type": "Polygon", "coordinates": [ [ [ -123.768400675407804, 49.0621138317766 ], [ -123.770283845195593, 49.061502595968783 ], [ -123.777672593879416, 49.061432980614427 ], [ -123.78082784497694, 49.063054003837792 ], [ -123.770960506324144, 49.063332670992438 ], [ -123.768400675407804, 49.0621138317766 ] ] ] } },
{ "type": "Feature", "properties": { "name": "Gowlland Tod Park", "kind": "Provincial" }, "geometry": { "type": "Polygon", "coordinates": [ [ [ -123.512286199329878, 48.536725688669812 ], [ -123.518871953760737, 48.536674550812236 ], [ -123.517942420639272, 48.536264630321909 ], [ -123.521511577897186, 48.536724339193604 ], [ -123.521649318466757, 48.52367444802502 ], [ -123.522514726576432, 48.523585058634431 ], [ -123.522512982486731, 48.525307865148839 ], [ -123.527509093105593, 48.525851862120298 ], [ -123.526914742646369, 48.522413465568306 ], [ -123.529332571122566, 48.522411359486924 ], [ -123.529089063475439, 48.520851592750226 ], [ -123.527341420887481, 48.519321242087543 ], [ -123.527338871670821, 48.515610220016818 ], [ -123.526224956418517, 48.515228474079017 ], [ -123.525908272696384, 48.51337216040767 ], [ -123.52615295237662, 48.512525376540516 ], [ -123.529073333121303, 48.513204719521582 ], [ -123.529953823589565, 48.512184072249312 ], [ -123.531425503218614, 48.51275306096322 ], [ -123.532702301326822, 48.511721570256142 ], [ -123.53281995033656, 48.509584375136441 ], [ -123.531463850915614, 48.510431806612637 ], [ -123.53068376571521, 48.50906794304052 ], [ -123.529831195322544, 48.508986403172038 ], [ -123.531367280029883, 48.507913256592481 ], [ -123.531977085267783, 48.508976504149267 ], [ -123.533475651526985, 48.508686182019893 ], [ -123.536054301323233, 48.505781854236034 ], [ -123.536259106778488, 48.504260491270287 ], [ -123.534210070029175, 48.500545495831531 ], [ -123.551097773971918, 48.500502070705721 ], [ -123.550015059795371, 48.502352906018793 ], [ -123.546224465538018, 48.506024115273206 ], [ -123.545684014452547, 48.508298027437952 ], [ -123.542023731865896, 48.511890776253814 ], [ -123.539429087896622, 48.515764655306306 ], [ -123.53889309393827, 48.517749401150326 ], [ -123.539856960254184, 48.520089554884578 ], [ -123.538465401045386, 48.524199743842239 ], [ -123.538886703161225, 48.52650234441181 ], [ -123.541921812670594, 48.532292851236825 ], [ -123.542189748626015, 48.536850446783831 ], [ -123.543042000233115, 48.538532032511526 ], [ -123.542196787499009, 48.540772489368109 ], [ -123.542631659387752, 48.545210133751674 ], [ -123.540094033418541, 48.548720980814863 ], [ -123.537404000205328, 48.549724659896114 ], [ -123.521859856746261, 48.55182486592259 ], [ -123.517722812614096, 48.553653803947547 ], [ -123.510183185386609, 48.554879451240396 ], [ -123.50899388277665, 48.558957238486848 ], [ -123.499810954687931, 48.565465012758366 ], [ -123.493940523562671, 48.565490362461105 ], [ -123.497011463477136, 48.562508344725792 ], [ -123.498230702966708, 48.562318652839082 ], [ -123.498330232712149, 48.561585010482816 ], [ -123.501944270343458, 48.559864504880508 ], [ -123.50323534098564, 48.558599388723962 ], [ -123.476431271753114, 48.558654940878789 ], [ -123.478147747261502, 48.56017720638642 ], [ -123.478878611517104, 48.561865481465162 ], [ -123.479005665966767, 48.566844414218757 ], [ -123.477132307388786, 48.569654563182112 ], [ -123.477612466052705, 48.571429344324642 ], [ -123.476424720857537, 48.572342895494678 ], [ -123.47404594638887, 48.572334715594707 ], [ -123.472751140190041, 48.568543596037003 ], [ -123.473982144589698, 48.567958267782096 ], [ -123.475032238557844, 48.565875792071814 ], [ -123.475244615504067, 48.563994669699987 ], [ -123.47459665594684, 48.562737869772675 ], [ -123.472295029167952, 48.561449089877648 ], [ -123.47102095818758, 48.562861287257903 ], [ -123.46912526461854, 48.562709733726741 ], [ -123.468188301537012, 48.561518296979933 ], [ -123.457235653806137, 48.561476653342005 ], [ -123.451920368182684, 48.557980074119264 ], [ -123.457900023774357, 48.558005879518504 ], [ -123.457940144811516, 48.558843002902805 ], [ -123.460376752201228, 48.558764642237705 ], [ -123.46039852874091, 48.55142413787226 ], [ -123.472634454065471, 48.555611834980645 ], [ -123.472589437087208, 48.55137024276997 ], [ -123.49977869818126, 48.551475832957934 ], [ -123.499778155612034, 48.544238254035342 ], [ -123.511158899529534, 48.544170295695373 ], [ -123.511176302762749, 48.535106430646955 ], [ -123.512286199329878, 48.536725688669812 ] ], [ [ -123.547597111265489, 48.502434817853583 ], [ -123.546461420611109, 48.502611146157001 ], [ -123.546963040644513, 48.503976223240613 ], [ -123.547597567790149, 48.503694316970183 ], [ -123.547597111265489, 48.502434817853583 ] ] ] } },
{ "type": "Feature", "properties": { "name": "Tahsish River Ecological Reserve", "kind": "Provincial" }, "geometry": { "type": "Polygon", "coordinates": [ [ [ -127.102567047286485, 50.136030345101503 ], [ -127.104639971092894, 50.13669383805852 ], [ -127.105333744458846, 50.13826125506791 ], [ -127.111057906896761, 50.139676744163637 ], [ -127.113122496920809, 50.141626190874035 ], [ -127.116495118293315, 50.141635982111097 ], [ -127.118596322934977, 50.142659464600634 ], [ -127.120580170750046, 50.145965670533634 ], [ -127.124204811896945, 50.149559192108214 ], [ -127.121182190371385, 50.15024787674826 ], [ -127.117735252127645, 50.149976178032013 ], [ -127.107775733832014, 50.143159790028626 ], [ -127.107745602781819, 50.14216067320686 ], [ -127.105385659040095, 50.14131086583722 ], [ -127.102331415306892, 50.141980760788869 ], [ -127.102567047286485, 50.136030345101503 ] ] ] } },
{ "type": "Feature", "properties": { "name": "Jaji7Em And Kw'Ulh Marine Park [A.K.A Sandy Island", "kind": "Provincial" }, "geometry": { "type": "MultiPolygon", "coordinates": [ [ [ [ -124.858459620694106, 49.62635436069413 ], [ -124.859467327999923, 49.626635026817688 ], [ -124.85985864460929, 49.627456311618118 ], [ -124.858198943668256, 49.627509952628799 ], [ -124.857171255428725, 49.628524942795131 ], [ -124.854791558318311, 49.62712383971931 ], [ -124.856580918588492, 49.627203093254778 ], [ -124.858459620694106, 49.62635436069413 ] ] ], [ [ [ -124.844396449512288, 49.621011191804691 ], [ -124.846339166158131, 49.621124137152457 ], [ -124.846671851040242, 49.623331700760815 ], [ -124.84889563360349, 49.623916879733983 ], [ -124.848754510681673, 49.624944595224328 ], [ -124.84985870288601, 49.626312254430502 ], [ -124.853503893128817, 49.625669223758301 ], [ -124.849692064268481, 49.626665731041633 ], [ -124.848041819253979, 49.624407271088145 ], [ -124.846333033395595, 49.623526003427045 ], [ -124.846501846398354, 49.622497835178841 ], [ -124.845754325382472, 49.621403329640692 ], [ -124.844396449512288, 49.621011191804691 ] ] ], [ [ [ -124.84849639659123, 49.617392599467401 ], [ -124.857116258068316, 49.617974220921525 ], [ -124.853824661590949, 49.620986480068524 ], [ -124.851996652896929, 49.621708400832311 ], [ -124.85273897939085, 49.621201778662432 ], [ -124.848789222168506, 49.619276955094996 ], [ -124.847934405360903, 49.618274122700733 ], [ -124.845566329208495, 49.617160509984551 ], [ -124.843428454410642, 49.61737447467037 ], [ -124.843153877226541, 49.616335391182844 ], [ -124.840934581820235, 49.615857981288599 ], [ -124.841930322075655, 49.615095523150806 ], [ -124.843917357664765, 49.615288758585272 ], [ -124.84849639659123, 49.617392599467401 ] ] ] ] } },
{ "type": "Feature", "properties": { "name": "Newcastle Island Marine Park", "kind": "Provincial" }, "geometry": { "type": "Polygon", "coordinates": [ [ [ -123.943783137790334, 49.186743480197137 ], [ -123.946175597294314, 49.191192748497507 ], [ -123.946242672997585, 49.19324315166395 ], [ -123.945302588599858, 49.194348284989076 ], [ -123.947465771940159, 49.194771357888584 ], [ -123.945106559173865, 49.197696236297467 ], [ -123.945422848131287, 49.199924718724276 ], [ -123.946227239203935, 49.201078281606755 ], [ -123.945327128479093, 49.20139176536108 ], [ -123.945262412831482, 49.202273824927822 ], [ -123.943160564340573, 49.202974640848055 ], [ -123.938965554912699, 49.202514057091747 ], [ -123.93672758183412, 49.2010659662294 ], [ -123.931678745409727, 49.19976652293736 ], [ -123.932481621043721, 49.19932830962189 ], [ -123.931678103354429, 49.199010669867612 ], [ -123.925112978498447, 49.198739848412508 ], [ -123.923567609558603, 49.196881016789192 ], [ -123.924719014645618, 49.196008342460296 ], [ -123.923982546401092, 49.195573475601535 ], [ -123.925994776293891, 49.195305491615301 ], [ -123.927398143022742, 49.194007670122332 ], [ -123.924768192102405, 49.19352511786952 ], [ -123.921209454343042, 49.189667474608108 ], [ -123.922766700173412, 49.187801999326361 ], [ -123.922169357841639, 49.18667331379001 ], [ -123.922560883183522, 49.185581703196625 ], [ -123.924254232378402, 49.185883071522348 ], [ -123.923791882409731, 49.184609267564866 ], [ -123.925288085187944, 49.183607823183436 ], [ -123.925487892616985, 49.180868138094006 ], [ -123.92797426923228, 49.17902701516195 ], [ -123.931345563940155, 49.179338629877456 ], [ -123.933380987269629, 49.176476018136206 ], [ -123.935224757481208, 49.175669654689933 ], [ -123.938791636636466, 49.178705329951313 ], [ -123.941984953409261, 49.182811464157204 ], [ -123.944261465232657, 49.18675644334035 ], [ -123.943783137790334, 49.186743480197137 ] ] ] } },
{ "type": "Feature", "properties": { "name": "Wallace Island Marine Park", "kind": "Provincial" }, "geometry": { "type": "Polygon", "coordinates": [ [ [ -123.548809333893914, 48.938020615155637 ], [ -123.557385840529761, 48.943026106385105 ], [ -123.549991302546104, 48.939958055848351 ], [ -123.553589703606733, 48.942580593066374 ], [ -123.55314385602162, 48.942992554775429 ], [ -123.554497206256954, 48.944425373004783 ], [ -123.558953434350272, 48.947314004199136 ], [ -123.559611684557666, 48.946662967293918 ], [ -123.560433959205554, 48.946852534663513 ], [ -123.560975224453415, 48.947659519523619 ], [ -123.57182182482731, 48.953768344927916 ], [ -123.574339677706419, 48.95661649299673 ], [ -123.568200922133087, 48.953741266951873 ], [ -123.567407441660606, 48.952503759471604 ], [ -123.564322391021193, 48.9514213992287 ], [ -123.561696352770568, 48.949850969571187 ], [ -123.562351191719387, 48.949820793827882 ], [ -123.562048152553274, 48.949516419277025 ], [ -123.55634381057979, 48.947529015980827 ], [ -123.547991800204429, 48.943134089766751 ], [ -123.545921547434475, 48.941254803374122 ], [ -123.544944316840841, 48.939217388571933 ], [ -123.543408531682317, 48.938630911745342 ], [ -123.543523490148786, 48.939197106163526 ], [ -123.542675393647244, 48.939021180525252 ], [ -123.540136408343685, 48.936496285927689 ], [ -123.535385975208243, 48.934152549068052 ], [ -123.534800810219949, 48.933057776955451 ], [ -123.540044321711832, 48.934328733006552 ], [ -123.53504344794311, 48.931527372607874 ], [ -123.539937824034467, 48.933276735345018 ], [ -123.546822950061639, 48.937436326104432 ], [ -123.548809333893914, 48.938020615155637 ] ] ] } },
{ "type": "Feature", "properties": { "name": "Woss Lake Park", "kind": "Provincial" }, "geometry": { "type": "Polygon", "coordinates": [ [ [ -126.565600139408289, 50.029726801799555 ], [ -126.573538460266349, 50.029177190830445 ], [ -126.575568489703357, 50.028424878331869 ], [ -126.578087956991055, 50.029444984473145 ], [ -126.582516681914015, 50.026490937402684 ], [ -126.590512774246065, 50.028871047981916 ], [ -126.594629729994324, 50.028584368924733 ], [ -126.596105944536177, 50.027810611289091 ], [ -126.59771505766912, 50.025537481383736 ], [ -126.600119779342819, 50.025125656705313 ], [ -126.607338102286121, 50.026237831967137 ], [ -126.610618872405041, 50.02784120711847 ], [ -126.612318533918284, 50.026561325537905 ], [ -126.618441175514079, 50.025521220053832 ], [ -126.627005319139585, 50.027980224869218 ], [ -126.630235912079627, 50.028245448669821 ], [ -126.630716589103173, 50.027218019264417 ], [ -126.633781219620687, 50.027170997630165 ], [ -126.634789301079152, 50.028303149483193 ], [ -126.637327298248195, 50.027188123500892 ], [ -126.642513163085056, 50.027061106943577 ], [ -126.646584221072359, 50.026088002110932 ], [ -126.647186984057612, 50.024916818578049 ], [ -126.651943749388963, 50.022446300240254 ], [ -126.654985322768241, 50.020446894480088 ], [ -126.655231805038824, 50.019454256185746 ], [ -126.657918241348938, 50.018017415360049 ], [ -126.659390931132734, 50.017557346990642 ], [ -126.662419963176163, 50.018399682423301 ], [ -126.666097118823203, 50.016263732416583 ], [ -126.670460549811892, 50.015976137912133 ], [ -126.670673159849187, 50.016757342463002 ], [ -126.674325236632995, 50.018802072921766 ], [ -126.674319287592056, 50.020168433214593 ], [ -126.675384779359831, 50.02139347722612 ], [ -126.675412756572797, 50.023435267041329 ], [ -126.679277363126275, 50.02602767401455 ], [ -126.680068333117148, 50.02772644541168 ], [ -126.683517378602815, 50.028872836620877 ], [ -126.687880184292297, 50.029060704503536 ], [ -126.688951915279191, 50.029854219758001 ], [ -126.691407689997547, 50.029675700125154 ], [ -126.696431034535877, 50.032315774825662 ], [ -126.69380744805936, 50.033828655185189 ], [ -126.693139427474108, 50.034606877939282 ], [ -126.693174685601633, 50.03650450530187 ], [ -126.689820011568372, 50.038206703848964 ], [ -126.689798614972531, 50.038908189598075 ], [ -126.688838849126029, 50.039334851521268 ], [ -126.688903686249986, 50.040376297817616 ], [ -126.690304966917637, 50.04093058444294 ], [ -126.694048363424798, 50.045042358983217 ], [ -126.698376494690493, 50.045964878831448 ], [ -126.700688524767386, 50.048602224224076 ], [ -126.698854772780464, 50.049767162184139 ], [ -126.697211071436882, 50.04988021260101 ], [ -126.696651879838413, 50.053726296150849 ], [ -126.694486468603316, 50.055062834636317 ], [ -126.693964527200052, 50.056209146055913 ], [ -126.69729419107324, 50.05730818233004 ], [ -126.69866418721665, 50.060193697667202 ], [ -126.69811828745685, 50.06117899794112 ], [ -126.696090215627194, 50.061779538977852 ], [ -126.690469478262045, 50.062514060869759 ], [ -126.688146152093339, 50.061920772300226 ], [ -126.684624860699742, 50.063079774287182 ], [ -126.681587897564967, 50.063235493118746 ], [ -126.676936821995, 50.065450518510424 ], [ -126.674627437244325, 50.067252256050217 ], [ -126.67428870943462, 50.069384847081103 ], [ -126.677344071018922, 50.072381434645827 ], [ -126.677308354813874, 50.073453027683669 ], [ -126.674209587686931, 50.071841107298361 ], [ -126.669594606827417, 50.070589684856287 ], [ -126.667391767470363, 50.071055151795271 ], [ -126.662007161533325, 50.069055407123258 ], [ -126.659228914456321, 50.068868702068208 ], [ -126.656636409253721, 50.069515091376054 ], [ -126.655038527879086, 50.071987803351455 ], [ -126.651004433381985, 50.074042788557847 ], [ -126.652866693378272, 50.075373177741554 ], [ -126.651021908915482, 50.07874846653494 ], [ -126.648400841720502, 50.081438538563205 ], [ -126.649846452246237, 50.084338025402459 ], [ -126.651534959585575, 50.085292252732131 ], [ -126.650122254541756, 50.086785669265183 ], [ -126.64828028541146, 50.092562043835322 ], [ -126.645224674958243, 50.092352209130212 ], [ -126.643911593248006, 50.092966003806389 ], [ -126.643107178171931, 50.094960657841476 ], [ -126.64062963264503, 50.097511091594839 ], [ -126.640298472953205, 50.098908445121324 ], [ -126.641072755778367, 50.102078226916674 ], [ -126.639648158197375, 50.104901763048588 ], [ -126.641055530528334, 50.109207567876958 ], [ -126.635174524384595, 50.112235340954754 ], [ -126.635132598530973, 50.113665716645976 ], [ -126.636716200947092, 50.117053985210504 ], [ -126.6363852008148, 50.118003481333588 ], [ -126.631892372682415, 50.121756078915375 ], [ -126.6309451161315, 50.123992745151803 ], [ -126.628111365166532, 50.125136777706089 ], [ -126.624872192731075, 50.128674687525098 ], [ -126.611589466996733, 50.128649563341632 ], [ -126.61339953378706, 50.123891288021873 ], [ -126.612880683025395, 50.123071033862892 ], [ -126.611231378991576, 50.122468511910903 ], [ -126.606842739775786, 50.102194373215916 ], [ -126.604389780444521, 50.102018062193608 ], [ -126.600646595817224, 50.099140832530196 ], [ -126.594412930928868, 50.096824789776534 ], [ -126.593901042573876, 50.095812148764274 ], [ -126.595648441723682, 50.094238015761157 ], [ -126.593950465244092, 50.089448712842284 ], [ -126.591725807831082, 50.085639149413936 ], [ -126.590289921966018, 50.080617264789822 ], [ -126.589116437660735, 50.079644744150286 ], [ -126.589000803521898, 50.078414405530175 ], [ -126.585837627564871, 50.075481682625622 ], [ -126.585339807940642, 50.074100594526683 ], [ -126.585809960796169, 50.073612899444626 ], [ -126.584578111205772, 50.072903228216269 ], [ -126.580415132917778, 50.072350727277801 ], [ -126.574263486996387, 50.074238089367839 ], [ -126.570795249388155, 50.07424787688214 ], [ -126.57013565430303, 50.072137464682413 ], [ -126.571670726732194, 50.069089015257525 ], [ -126.571476253502198, 50.066443820829399 ], [ -126.566667608037747, 50.060728211207739 ], [ -126.562617733627818, 50.058576609756763 ], [ -126.563412091714625, 50.057834703485518 ], [ -126.563585562855707, 50.056044883540949 ], [ -126.56468719403577, 50.054012607584781 ], [ -126.569071514208659, 50.052773473698295 ], [ -126.568636273739372, 50.050687526596953 ], [ -126.569062999890946, 50.048970268764954 ], [ -126.568208537659444, 50.048085893605062 ], [ -126.56166025137469, 50.047680667460639 ], [ -126.561715459126376, 50.046609880836776 ], [ -126.560436420795128, 50.045446974171647 ], [ -126.56180589464195, 50.04197783591249 ], [ -126.561469830142883, 50.040929951461941 ], [ -126.559925046369486, 50.039651685352148 ], [ -126.559856692584901, 50.038760163328597 ], [ -126.554250396382628, 50.037125310488726 ], [ -126.555868047360306, 50.036323613885237 ], [ -126.556307534045402, 50.032841526708118 ], [ -126.55987114727273, 50.031866328171631 ], [ -126.559997045157573, 50.03056477260877 ], [ -126.562292819018296, 50.030810175308623 ], [ -126.565600139408289, 50.029726801799555 ] ] ] } },
{ "type": "Feature", "properties": { "name": "Schoen Lake Park", "kind": "Provincial" }, "geometry": { "type": "Polygon", "coordinates": [ [ [ -126.202000689711255, 50.210994431568047 ], [ -126.20239843017923, 50.210671609361412 ], [ -126.201961867315973, 50.210085466210714 ], [ -126.200770570176672, 50.209868970809204 ], [ -126.200993876923633, 50.207727206729665 ], [ -126.199384385013261, 50.205496896045233 ], [ -126.200217860358165, 50.200435251528887 ], [ -126.200630318047203, 50.199304435632293 ], [ -126.204291597406907, 50.198056834176143 ], [ -126.206214586856746, 50.196255204683531 ], [ -126.206044722014425, 50.194022042146543 ], [ -126.204012260048515, 50.190888792731847 ], [ -126.200892462723814, 50.189119908974398 ], [ -126.200596886852665, 50.18715450939208 ], [ -126.198978749552921, 50.186130494490754 ], [ -126.195296325133938, 50.187061941663899 ], [ -126.191351593339178, 50.186583399114468 ], [ -126.186841566039973, 50.188302090071581 ], [ -126.165634387317112, 50.175506700680394 ], [ -126.131524004741891, 50.174907436717511 ], [ -126.132334663367644, 50.149590750572784 ], [ -126.190528354949052, 50.15003992441288 ], [ -126.19206687813768, 50.144554983106026 ], [ -126.194437821361333, 50.143404226778038 ], [ -126.200550799088433, 50.142405852892729 ], [ -126.205261568752874, 50.143452641649084 ], [ -126.208200146994443, 50.146769626322744 ], [ -126.212244038202797, 50.147288041095784 ], [ -126.219222552742153, 50.146006256618548 ], [ -126.222722288889003, 50.147363524154699 ], [ -126.281993361774937, 50.135041061036596 ], [ -126.321602412661832, 50.159607674396518 ], [ -126.316842931942176, 50.167174134218634 ], [ -126.32084084985145, 50.167530339345376 ], [ -126.324720862229057, 50.167017122283283 ], [ -126.32642763296839, 50.167551206889321 ], [ -126.32968276488026, 50.166438714890958 ], [ -126.331205206924196, 50.167265342393186 ], [ -126.340150886165091, 50.168082375062589 ], [ -126.339538031788962, 50.169786478702925 ], [ -126.340596141061667, 50.170404421693028 ], [ -126.341198119041934, 50.170409221064972 ], [ -126.341627661643258, 50.169483519188766 ], [ -126.346326975306951, 50.169348160627102 ], [ -126.350136591723299, 50.173141339576937 ], [ -126.355140743923599, 50.172310941479168 ], [ -126.357618644699684, 50.173347883273266 ], [ -126.358454441846874, 50.17216150836888 ], [ -126.361487623020437, 50.172527344468044 ], [ -126.363063318670896, 50.173417720082099 ], [ -126.358492287301104, 50.17528380158425 ], [ -126.355835342296913, 50.177993943910046 ], [ -126.353455854602444, 50.178974190164105 ], [ -126.353040931328479, 50.179891269409524 ], [ -126.351304859037327, 50.180886150250572 ], [ -126.344722366426922, 50.182624837443491 ], [ -126.340089868068986, 50.18582013862703 ], [ -126.333005971446084, 50.18849119679227 ], [ -126.328531504805582, 50.189332832021222 ], [ -126.318277849831091, 50.188286831973635 ], [ -126.315350082700618, 50.188776896787225 ], [ -126.310878859617659, 50.191300104945526 ], [ -126.308190046928956, 50.19174125215676 ], [ -126.307756658048405, 50.199547592649957 ], [ -126.299164288527763, 50.201016339575567 ], [ -126.298137213281635, 50.202060287511515 ], [ -126.301205450068579, 50.203641145278091 ], [ -126.302767014570406, 50.207190279706118 ], [ -126.302574235016792, 50.209081645515539 ], [ -126.301520524580496, 50.209772375771969 ], [ -126.30042132351403, 50.211907271576372 ], [ -126.296407953057994, 50.213374207183712 ], [ -126.295162526681821, 50.214740016391744 ], [ -126.289609746997456, 50.215479183446782 ], [ -126.287350930693009, 50.216167075915166 ], [ -126.286735794796314, 50.216987415593017 ], [ -126.281205471022943, 50.216967479724396 ], [ -126.275492496871109, 50.217840522087599 ], [ -126.271568832674177, 50.223698294611538 ], [ -126.265524525052328, 50.227210400992632 ], [ -126.261960988718826, 50.227032371236604 ], [ -126.260431045487763, 50.227721689345721 ], [ -126.257905241637417, 50.227780071090109 ], [ -126.258016459440441, 50.225878760581004 ], [ -126.254866566361997, 50.22323399628948 ], [ -126.247377101403586, 50.221201653568812 ], [ -126.242288949993721, 50.217551400951919 ], [ -126.239571655415673, 50.217810611515596 ], [ -126.236376514028962, 50.216383547792468 ], [ -126.2352703352432, 50.21706574925625 ], [ -126.230631627971931, 50.21684357830727 ], [ -126.22929584592039, 50.217303594923955 ], [ -126.224455202774479, 50.215651505016922 ], [ -126.220452188063518, 50.215584568167536 ], [ -126.218726259769525, 50.214344088051831 ], [ -126.211347424105412, 50.213701776793201 ], [ -126.206359113689601, 50.214028742227505 ], [ -126.202000689711255, 50.210994431568047 ] ] ] } },
{ "type": "Feature", "properties": { "name": "Mount Derby Ecological Reserve", "kind": "Provincial" }, "geometry": { "type": "Polygon", "coordinates": [ [ [ -126.536065912472878, 50.430502727820844 ], [ -126.543083828959567, 50.428483432509601 ], [ -126.554589550809297, 50.426495207312485 ], [ -126.570776438653837, 50.435465073721659 ], [ -126.570433623329805, 50.443103582900413 ], [ -126.563348926509363, 50.452399995770968 ], [ -126.551443663491469, 50.455172250107502 ], [ -126.537898788236973, 50.453811434213648 ], [ -126.536832210821402, 50.452426118241071 ], [ -126.537184816624006, 50.450994402945078 ], [ -126.540742968856676, 50.449873374706222 ], [ -126.541081309992833, 50.448238953422745 ], [ -126.540901103332956, 50.447299669070865 ], [ -126.538464248514728, 50.445413148253124 ], [ -126.538663235625407, 50.443038210112675 ], [ -126.536691942358672, 50.441210986010844 ], [ -126.537024707374457, 50.439922756914079 ], [ -126.539122050803101, 50.438352568448281 ], [ -126.537957001809744, 50.436614374816358 ], [ -126.538968317022182, 50.4347153560797 ], [ -126.538317053926278, 50.432610256534126 ], [ -126.536065912472878, 50.430502727820844 ] ] ] } },
{ "type": "Feature", "properties": { "name": "Sooke Potholes Park", "kind": "Provincial" }, "geometry": { "type": "MultiPolygon", "coordinates": [ [ [ [ -123.712972624630893, 48.425439011405842 ], [ -123.711613553086863, 48.428969492255504 ], [ -123.712792935334832, 48.430903682404363 ], [ -123.711802383452365, 48.431235328460055 ], [ -123.710911767389405, 48.430745735116787 ], [ -123.710529352723356, 48.429197953815354 ], [ -123.711231543509157, 48.426873700738838 ], [ -123.712972624630893, 48.425439011405842 ] ] ], [ [ [ -123.712575227517718, 48.429964287222148 ], [ -123.713030422855752, 48.430825146466205 ], [ -123.712018083246676, 48.429569700363423 ], [ -123.712575227517718, 48.429964287222148 ] ] ], [ [ [ -123.713530802380816, 48.429994357023467 ], [ -123.712505116856448, 48.42936195670076 ], [ -123.713090252644662, 48.427680480497685 ], [ -123.713681302434026, 48.427708284551734 ], [ -123.713530802380816, 48.429994357023467 ] ] ] ] } },
{ "type": "Feature", "properties": { "name": "Haley Lake Ecological Reserve", "kind": "Provincial" }, "geometry": { "type": "Polygon", "coordinates": [ [ [ -124.340332923443611, 49.006005808759156 ], [ -124.340331582237113, 49.007815255350813 ], [ -124.338956181673424, 49.007815761020318 ], [ -124.338957449054377, 49.009625225651519 ], [ -124.340332889915985, 49.009624701753907 ], [ -124.340329609866473, 49.019574399595605 ], [ -124.338964998876804, 49.020481958928741 ], [ -124.337594303044042, 49.020468728872331 ], [ -124.336212965934877, 49.019578207262093 ], [ -124.336212716580377, 49.017770775217166 ], [ -124.332099761208724, 49.015055876495744 ], [ -124.327957115445088, 49.015057093173851 ], [ -124.327956234305745, 49.013247616188011 ], [ -124.325205384853021, 49.013248323999512 ], [ -124.325205078724039, 49.012504790841255 ], [ -124.318209023767437, 49.01250352661819 ], [ -124.31949943729434, 49.015240878976329 ], [ -124.317276469576584, 49.016149833762981 ], [ -124.321536152289156, 49.025010682570247 ], [ -124.32750849879298, 49.030920929269861 ], [ -124.296241237155712, 49.030863595399801 ], [ -124.296241351507064, 49.029958833894 ], [ -124.292113675608888, 49.029958808913065 ], [ -124.292114465060592, 49.026339795343851 ], [ -124.293490249893338, 49.026339833290372 ], [ -124.293490791868464, 49.023625580412791 ], [ -124.296242229152838, 49.023625594846564 ], [ -124.29624261007848, 49.02091135744012 ], [ -124.297618248556589, 49.020911342713639 ], [ -124.297619124592529, 49.013533881379018 ], [ -124.293161929995364, 49.013533833969277 ], [ -124.293119672759374, 49.004488611503724 ], [ -124.290374053974574, 49.004492788663306 ], [ -124.290364799890085, 49.002388326184004 ], [ -124.297721412244741, 49.000830033380879 ], [ -124.299125042851742, 49.001196688398942 ], [ -124.303833966595477, 49.000606224702807 ], [ -124.303309852027965, 48.999887208044854 ], [ -124.304506120179042, 48.999622658243439 ], [ -124.311379232754447, 48.999660908110478 ], [ -124.311392233659205, 49.00418318053471 ], [ -124.315515200040196, 49.004176419331969 ], [ -124.315532940535732, 49.007793614308113 ], [ -124.321030611437521, 49.007778548611903 ], [ -124.321016129116728, 49.004162943141672 ], [ -124.32238977001785, 49.004160390012963 ], [ -124.322376137474421, 49.000542914869051 ], [ -124.329247549061321, 49.000526819478416 ], [ -124.329204685700176, 48.996908688528102 ], [ -124.332134673759285, 48.996901581964195 ], [ -124.332115921726469, 48.994630474238924 ], [ -124.334662790334221, 48.996172568226491 ], [ -124.339029638046554, 48.996122777781174 ], [ -124.338987226545072, 48.997027207642809 ], [ -124.34036169630302, 48.997055088298744 ], [ -124.340283624697676, 48.998721077471082 ], [ -124.341700204370511, 48.998749807657028 ], [ -124.341703929335011, 49.005099641119777 ], [ -124.340332923443611, 49.006005808759156 ] ] ] } },
{ "type": "Feature", "properties": { "name": "Gibson Marine Park", "kind": "Provincial" }, "geometry": { "type": "Polygon", "coordinates": [ [ [ -126.057782195630708, 49.26129006386163 ], [ -126.058699609848631, 49.261908153739753 ], [ -126.063904203309619, 49.261536803577251 ], [ -126.065571726828054, 49.261003402156973 ], [ -126.06742237603072, 49.258540282059165 ], [ -126.069140957593547, 49.259231717397832 ], [ -126.073582170736813, 49.259209431748616 ], [ -126.079288218013133, 49.257788477181805 ], [ -126.08173264155073, 49.256274714136843 ], [ -126.081558262729189, 49.270274521089469 ], [ -126.076096451855804, 49.270245523676806 ], [ -126.074274840049242, 49.269573459804036 ], [ -126.073154272557048, 49.267367809739412 ], [ -126.069873437823119, 49.268211254482054 ], [ -126.068282490530535, 49.269364163870932 ], [ -126.068282714087218, 49.264197672488073 ], [ -126.057779551818541, 49.264194327087615 ], [ -126.057782195630708, 49.26129006386163 ] ] ] } },
{ "type": "Feature", "properties": { "name": "Helliwell Park", "kind": "Provincial" }, "geometry": { "type": "Polygon", "coordinates": [ [ [ -124.659066577802548, 49.489820446398923 ], [ -124.612557874014797, 49.503857943438959 ], [ -124.606126312990227, 49.516507955538032 ], [ -124.605992927773585, 49.518632347388206 ], [ -124.603068154587376, 49.518580374564024 ], [ -124.602931576121449, 49.523904539373738 ], [ -124.596625073293012, 49.523810193511196 ], [ -124.596656099174695, 49.52188393790189 ], [ -124.539805094855694, 49.521856360683074 ], [ -124.516848187105055, 49.51162165744968 ], [ -124.640469785811206, 49.472161223124772 ], [ -124.707534267926306, 49.503528475095017 ], [ -124.701117461421845, 49.507658179995268 ], [ -124.680526271104952, 49.497990879636106 ], [ -124.671037468386913, 49.490051837746591 ], [ -124.659066577802548, 49.489820446398923 ] ] ] } },
{ "type": "Feature", "properties": { "name": "Vargas Island Park", "kind": "Provincial" }, "geometry": { "type": "Polygon", "coordinates": [ [ [ -126.10226790060571, 49.161762673869355 ], [ -126.110518180210335, 49.17109704568503 ], [ -126.086035023471496, 49.194971220833985 ], [ -126.043903985755861, 49.216590189959902 ], [ -126.01965776186843, 49.21968687011347 ], [ -126.001560063138982, 49.197040264408827 ], [ -125.972405383678677, 49.176906062175021 ], [ -125.972429922709352, 49.169670495093307 ], [ -125.977820434218003, 49.169663458576267 ], [ -125.977859353435605, 49.162408271298368 ], [ -125.986161233906984, 49.162422997712056 ], [ -125.986129103690246, 49.158787300647546 ], [ -125.957322085463531, 49.158818417453453 ], [ -125.953717591615217, 49.150199509246413 ], [ -125.975242446321886, 49.133143804022204 ], [ -126.10226790060571, 49.161762673869355 ] ], [ [ -126.029139384686545, 49.198859489761595 ], [ -126.029186915661072, 49.207080286564249 ], [ -126.031389867595081, 49.207532834634158 ], [ -126.033031958417652, 49.206711345710559 ], [ -126.037158803679503, 49.20681737187823 ], [ -126.038723553888545, 49.205220077240462 ], [ -126.036854640222117, 49.204326374947208 ], [ -126.037177752372656, 49.203974794277215 ], [ -126.035907595882762, 49.204320060955936 ], [ -126.03471134239409, 49.20365951950231 ], [ -126.037631616898466, 49.201206354843649 ], [ -126.036903370340951, 49.200296951468943 ], [ -126.034636608619635, 49.200319701463627 ], [ -126.034044384527931, 49.198847854500777 ], [ -126.029139384686545, 49.198859489761595 ] ], [ [ -125.961063250615169, 49.153822197530452 ], [ -125.968590002071707, 49.153779702601156 ], [ -125.968427247330666, 49.149805511849053 ], [ -125.966381285754565, 49.150908194559328 ], [ -125.96645292211042, 49.15215170565812 ], [ -125.965881530786689, 49.152227372379429 ], [ -125.963914412305357, 49.14996215121792 ], [ -125.962320750948138, 49.149639820321752 ], [ -125.96141706522657, 49.150632552619307 ], [ -125.961123000040033, 49.152278661213572 ], [ -125.962177219352895, 49.153300196366715 ], [ -125.961063250615169, 49.153822197530452 ] ], [ [ -126.02004681054882, 49.162373909260374 ], [ -126.016548072415802, 49.162389535757931 ], [ -126.016584049566575, 49.167796837611093 ], [ -126.018062741920943, 49.166714461442581 ], [ -126.021763949994281, 49.166360973186663 ], [ -126.023797690387454, 49.165204834934443 ], [ -126.023574235993067, 49.164619630155251 ], [ -126.022198158328209, 49.16458968720945 ], [ -126.022064891756585, 49.16399851027866 ], [ -126.020086645408185, 49.163242671703891 ], [ -126.02004681054882, 49.162373909260374 ] ], [ [ -126.090849092796617, 49.168920373128337 ], [ -126.090008073386642, 49.170392669938131 ], [ -126.090074987012784, 49.172292729913814 ], [ -126.091410931274908, 49.173379063461041 ], [ -126.092853271142289, 49.17241674795693 ], [ -126.092143900305516, 49.171409197151235 ], [ -126.092840556894842, 49.171228818241431 ], [ -126.092798324156476, 49.170076133533726 ], [ -126.091569984459269, 49.17019813381031 ], [ -126.090849092796617, 49.168920373128337 ] ], [ [ -126.02142893053859, 49.210784460853581 ], [ -126.021332718380762, 49.21227063762904 ], [ -126.02280873152425, 49.211396446386892 ], [ -126.025032974406585, 49.212776370108905 ], [ -126.026055213840621, 49.212676761156743 ], [ -126.025542011177393, 49.212303646172131 ], [ -126.026052138121884, 49.211812953968625 ], [ -126.025501278166402, 49.211609824371351 ], [ -126.025566995526944, 49.210787816473953 ], [ -126.02142893053859, 49.210784460853581 ] ], [ [ -125.999989509026051, 49.159774057921886 ], [ -126.000000958909737, 49.169698046960065 ], [ -126.00812435866645, 49.169753656138674 ], [ -126.008835814525312, 49.168377025948942 ], [ -126.011363104590018, 49.166489012964036 ], [ -126.011374774506137, 49.160156347442587 ], [ -126.009296763358535, 49.160290675801576 ], [ -126.008788539112686, 49.162345819831749 ], [ -126.007010238594333, 49.162009940248694 ], [ -126.006862682450603, 49.161052101139155 ], [ -126.002889295881374, 49.16029502584766 ], [ -126.003290661760303, 49.159803226023627 ], [ -125.999989509026051, 49.159774057921886 ] ] ] } },
{ "type": "Feature", "properties": { "name": "Weymer Creek Park", "kind": "Provincial" }, "geometry": { "type": "Polygon", "coordinates": [ [ [ -126.60748790473356, 49.871043942531479 ], [ -126.608794015893437, 49.871070895302708 ], [ -126.612001180636156, 49.873280324127457 ], [ -126.616863705129347, 49.873435377301895 ], [ -126.619774194983762, 49.875240511545492 ], [ -126.621020907984644, 49.879122251129594 ], [ -126.626032537436416, 49.881369760355348 ], [ -126.631029555988249, 49.887170339601205 ], [ -126.630965954696961, 49.889740876659879 ], [ -126.622774552472563, 49.891276464729962 ], [ -126.622003302455965, 49.894155310455552 ], [ -126.615284607001982, 49.893712758088853 ], [ -126.612117370017884, 49.892071997599359 ], [ -126.611576505622068, 49.89066796771187 ], [ -126.612716526973372, 49.888175062663016 ], [ -126.611118382030682, 49.885941100174406 ], [ -126.606173540729756, 49.885175466672571 ], [ -126.605987725400809, 49.884409478759125 ], [ -126.602506898111216, 49.882011656816253 ], [ -126.60281361268396, 49.880336010681255 ], [ -126.601114497870739, 49.874570598360506 ], [ -126.605181420969728, 49.873463966130437 ], [ -126.607031581344259, 49.872432689887667 ], [ -126.60748790473356, 49.871043942531479 ] ] ] } },
{ "type": "Feature", "properties": { "name": "Tranquil Creek Park", "kind": "Provincial" }, "geometry": { "type": "Polygon", "coordinates": [ [ [ -125.620867178686254, 49.304668640268638 ], [ -125.637784065390989, 49.312398732741315 ], [ -125.637592787531304, 49.313088145647093 ], [ -125.632358669772657, 49.317119402090142 ], [ -125.631725881913056, 49.319572735024636 ], [ -125.623152842630674, 49.323347540820421 ], [ -125.618165109865998, 49.323900340761419 ], [ -125.614886147714685, 49.325425122398684 ], [ -125.611474851001319, 49.325042609076704 ], [ -125.607925025465036, 49.32376435803463 ], [ -125.606706969785066, 49.319986332134192 ], [ -125.610987442307788, 49.315310416606295 ], [ -125.610712006420968, 49.311403152153837 ], [ -125.612224002809157, 49.309812566926617 ], [ -125.620483593262932, 49.306773550434698 ], [ -125.62142399039206, 49.30608646320843 ], [ -125.620867178686254, 49.304668640268638 ] ] ] } },
{ "type": "Feature", "properties": { "name": "Mansons Landing Park", "kind": "Provincial" }, "geometry": { "type": "Polygon", "coordinates": [ [ [ -124.977713221485132, 50.061954339917108 ], [ -124.99329525475035, 50.062043360264575 ], [ -124.98156205503436, 50.074801682958466 ], [ -124.980033547492269, 50.074115653354653 ], [ -124.979848613296767, 50.0726796290488 ], [ -124.978130399592729, 50.072699940218762 ], [ -124.974333864667528, 50.071118523219354 ], [ -124.974625484009238, 50.070052166646576 ], [ -124.978148849293007, 50.067374640163401 ], [ -124.979404324797173, 50.065284422158669 ], [ -124.97518497868144, 50.065302341862619 ], [ -124.975224522329654, 50.064564086210012 ], [ -124.977713221485132, 50.061954339917108 ] ] ] } },
{ "type": "Feature", "properties": { "name": "Wood Mountain Ski Park", "kind": "Provincial" }, "geometry": { "type": "MultiPolygon", "coordinates": [ [ [ [ -125.173793984483666, 49.659502040552653 ], [ -125.174129184944263, 49.660191265305684 ], [ -125.174422158422743, 49.659710824636427 ], [ -125.174463210939308, 49.661771030509477 ], [ -125.159314593981648, 49.665655370281229 ], [ -125.159253883897236, 49.663564429309169 ], [ -125.160272733663689, 49.662736012188859 ], [ -125.161507544158582, 49.662612534806371 ], [ -125.164595340205494, 49.661385537726865 ], [ -125.167507384465011, 49.661879988115068 ], [ -125.167932827023776, 49.661253018650555 ], [ -125.168923807094956, 49.661415876335575 ], [ -125.168625880976478, 49.660691326252369 ], [ -125.170050917217438, 49.660738504096635 ], [ -125.171237934618517, 49.659927284558805 ], [ -125.172719538015244, 49.660828745684007 ], [ -125.173038745691741, 49.659845194070861 ], [ -125.173884169488801, 49.660758684200516 ], [ -125.173793984483666, 49.659502040552653 ] ] ], [ [ [ -125.170134878036492, 49.654280049023633 ], [ -125.170196238818647, 49.657906401134845 ], [ -125.174385439683604, 49.657868296525244 ], [ -125.174414347534622, 49.659319892355413 ], [ -125.174170651283703, 49.66002557133185 ], [ -125.173886069137311, 49.659382660395678 ], [ -125.173679927801075, 49.659390938099754 ], [ -125.173741107806379, 49.660499317556486 ], [ -125.173099064677785, 49.659760835120778 ], [ -125.172723303770582, 49.660102925701409 ], [ -125.172681797942403, 49.660723088263268 ], [ -125.17118090250662, 49.65984365314403 ], [ -125.169993991537211, 49.660655943399675 ], [ -125.168539071128194, 49.660618368611985 ], [ -125.168804137691566, 49.66136519257509 ], [ -125.167882600457148, 49.66116846611137 ], [ -125.16746028582088, 49.661794748725853 ], [ -125.166016214357526, 49.661286058942956 ], [ -125.163959957155399, 49.661408414918732 ], [ -125.160183441549165, 49.662666042324368 ], [ -125.159250267171004, 49.663438854292536 ], [ -125.158985790563207, 49.654323122964819 ], [ -125.170134878036492, 49.654280049023633 ] ] ] ] } },
{ "type": "Feature", "properties": { "name": "Jedediah Island Marine Park", "kind": "Provincial" }, "geometry": { "type": "Polygon", "coordinates": [ [ [ -124.205523347663984, 49.489387236898601 ], [ -124.227920445663983, 49.505349106567621 ], [ -124.228100570194499, 49.51254329458056 ], [ -124.206002711132314, 49.512775793800067 ], [ -124.18225184152837, 49.496451971023149 ], [ -124.181904707404684, 49.482058473627546 ], [ -124.19138336085669, 49.487069937089245 ], [ -124.205523347663984, 49.489387236898601 ] ], [ [ -124.20986525231389, 49.501220655184568 ], [ -124.208629173305226, 49.501630389895013 ], [ -124.208087493458478, 49.502067820919848 ], [ -124.209102577039147, 49.502345058863966 ], [ -124.210419839951726, 49.50173134026771 ], [ -124.20986525231389, 49.501220655184568 ] ], [ [ -124.210313752665726, 49.498406645543028 ], [ -124.20942201622492, 49.49793408835572 ], [ -124.209816497336845, 49.497129401268516 ], [ -124.209041608099596, 49.496507833138573 ], [ -124.206219753099191, 49.496321419329796 ], [ -124.206218539984008, 49.496834148051349 ], [ -124.208769259446754, 49.498345698592153 ], [ -124.210313752665726, 49.498406645543028 ] ] ] } },
{ "type": "Feature", "properties": { "name": "Lawn Point Park", "kind": "Provincial" }, "geometry": { "type": "Polygon", "coordinates": [ [ [ -127.940625332677499, 50.321677488394016 ], [ -127.939435810959111, 50.320020912737661 ], [ -127.940245998552783, 50.319685732963499 ], [ -127.942042870803959, 50.320441327561113 ], [ -127.946962024354406, 50.319001481496755 ], [ -127.948569790088428, 50.319394178595857 ], [ -127.949782632963618, 50.318504344788678 ], [ -127.950843245111386, 50.31914974485148 ], [ -127.951979049993739, 50.321440254968223 ], [ -127.953409427189783, 50.322117968882694 ], [ -127.957301854444026, 50.321460793354269 ], [ -127.958847139778328, 50.323973450632629 ], [ -127.964461547758646, 50.324277014716202 ], [ -127.964898625665882, 50.325386047654213 ], [ -127.96769032538792, 50.325413467152401 ], [ -127.97026699456697, 50.326688264816163 ], [ -127.973187736218392, 50.324301011152201 ], [ -127.975219745964779, 50.323852165490123 ], [ -127.976854182527887, 50.324237102948793 ], [ -127.977219779431024, 50.325621892638544 ], [ -127.975204792960241, 50.325553294224115 ], [ -127.974700948909444, 50.326274153096421 ], [ -127.975867406593196, 50.328807011833803 ], [ -127.974943899780556, 50.32997398767705 ], [ -127.974393244856927, 50.332474420829953 ], [ -127.975744968904053, 50.334401518301931 ], [ -127.977273743119255, 50.334766033523934 ], [ -127.979495217966658, 50.336436418101762 ], [ -127.981547552033518, 50.336647164906644 ], [ -127.983403802064231, 50.338767055968191 ], [ -127.986233934426195, 50.33972214515962 ], [ -127.987494064784514, 50.342443834256763 ], [ -127.990371368531044, 50.344703908667043 ], [ -127.989699998438567, 50.347710448339491 ], [ -127.990711503485898, 50.348374731841858 ], [ -127.99060991297705, 50.349386297056597 ], [ -127.992858547157169, 50.34991962787312 ], [ -127.99556603563812, 50.348895894681604 ], [ -127.99632965651108, 50.349533014718894 ], [ -127.996263387115135, 50.350680730431201 ], [ -127.993589957058106, 50.352928564605278 ], [ -127.989317682248526, 50.352942614753523 ], [ -127.98528690021918, 50.354656148775213 ], [ -127.984058349488578, 50.354304762353827 ], [ -127.983637927425079, 50.353061675181095 ], [ -127.981644192458376, 50.35300181036056 ], [ -127.975685406785345, 50.350886585436484 ], [ -127.971539184307787, 50.351621563599622 ], [ -127.969789019156693, 50.352420655309444 ], [ -127.969673625396524, 50.353191003406614 ], [ -127.970814785923068, 50.354596123801649 ], [ -127.972011079243387, 50.35796844854147 ], [ -127.971095251122108, 50.359412416264021 ], [ -127.967557219990766, 50.360918317747128 ], [ -127.967979159185262, 50.341457584172993 ], [ -127.95727453920405, 50.328686612468807 ], [ -127.954631012931443, 50.327255564377914 ], [ -127.941649495369973, 50.327075196419315 ], [ -127.930366560230837, 50.328735211056724 ], [ -127.921208004495369, 50.329168117263848 ], [ -127.921293174848884, 50.325405823136876 ], [ -127.923417838974757, 50.32521465637015 ], [ -127.926478166727648, 50.326380465050896 ], [ -127.929146197812912, 50.326150778559089 ], [ -127.93037525255923, 50.325792675936555 ], [ -127.931560597475126, 50.324084370709684 ], [ -127.933331077181734, 50.324112077871206 ], [ -127.934651830911392, 50.322892149680044 ], [ -127.938267804104981, 50.325096999854644 ], [ -127.943197787169879, 50.324412745018257 ], [ -127.942280990908543, 50.323324374164223 ], [ -127.943817767191504, 50.322541823501979 ], [ -127.940625332677499, 50.321677488394016 ] ] ] } },
{ "type": "Feature", "properties": { "name": "Morden Colliery Park", "kind": "Provincial" }, "geometry": { "type": "MultiPolygon", "coordinates": [ [ [ [ -123.869226373582734, 49.097408183743681 ], [ -123.872433462055568, 49.094834520137837 ], [ -123.871228370624053, 49.096877685939624 ], [ -123.869226373582734, 49.097408183743681 ] ] ], [ [ [ -123.873740490178577, 49.094072539270719 ], [ -123.874732076955468, 49.093851387565351 ], [ -123.874732159735998, 49.094477877415727 ], [ -123.871076940843935, 49.097412579250076 ], [ -123.870768066661611, 49.097411533825756 ], [ -123.873740490178577, 49.094072539270719 ] ] ] ] } },
{ "type": "Feature", "properties": { "name": "Morton Lake Park", "kind": "Provincial" }, "geometry": { "type": "Polygon", "coordinates": [ [ [ -125.481308218911408, 50.122000210643613 ], [ -125.48130788173664, 50.122904525692448 ], [ -125.488159591567239, 50.122905414474658 ], [ -125.485840069600968, 50.123022446466756 ], [ -125.48531410989537, 50.123402526082629 ], [ -125.489000539544861, 50.123800267206668 ], [ -125.488600399166572, 50.125257105447588 ], [ -125.486487583676194, 50.126606718934546 ], [ -125.4895924614449, 50.127301090870965 ], [ -125.474272400358814, 50.127967371553986 ], [ -125.47427378992252, 50.125254405193289 ], [ -125.471460502724966, 50.125253759991423 ], [ -125.471461540769212, 50.123445116380957 ], [ -125.469210980934832, 50.123444550208475 ], [ -125.469212671820245, 50.120731594719139 ], [ -125.477089154369409, 50.120733415452996 ], [ -125.477088562144871, 50.121999458299726 ], [ -125.481308218911408, 50.122000210643613 ] ] ] } },
{ "type": "Feature", "properties": { "name": "Nuchatlitz Park", "kind": "Provincial" }, "geometry": { "type": "Polygon", "coordinates": [ [ [ -126.93272803157204, 49.814298773570066 ], [ -126.932720809592908, 49.808030972375875 ], [ -126.938737003463785, 49.805782861666422 ], [ -126.93873465750498, 49.786000594598605 ], [ -126.99984270489216, 49.785981283963778 ], [ -126.999908000476765, 49.833639196923265 ], [ -126.965166253195704, 49.833653701665028 ], [ -126.964307134825717, 49.832254836450254 ], [ -126.961808869849605, 49.832253690489516 ], [ -126.949444191424817, 49.822762906148796 ], [ -126.94943683466154, 49.817796657288362 ], [ -126.937404034897028, 49.817800690874897 ], [ -126.938072987486024, 49.817362493718406 ], [ -126.936800682566542, 49.817204907408843 ], [ -126.934909685323063, 49.815579048843773 ], [ -126.935474663404733, 49.814716577589969 ], [ -126.934511355253193, 49.814159688571173 ], [ -126.93272803157204, 49.814298773570066 ] ], [ [ -126.963661722288336, 49.805655640997287 ], [ -126.959977928946458, 49.804448927821689 ], [ -126.953972103770738, 49.805274642155929 ], [ -126.95212859300652, 49.807671862981998 ], [ -126.953574272652162, 49.80838254036852 ], [ -126.95589614917877, 49.807208659531994 ], [ -126.961739036062852, 49.807421327192927 ], [ -126.963040672344192, 49.808033435302946 ], [ -126.964041030537359, 49.807571464850732 ], [ -126.963661722288336, 49.805655640997287 ] ], [ [ -126.968718457460469, 49.806269747163249 ], [ -126.965029666112017, 49.806880906307931 ], [ -126.965527336951837, 49.808497376295506 ], [ -126.967537196170369, 49.809395908115349 ], [ -126.969737333705268, 49.80808716720977 ], [ -126.968718457460469, 49.806269747163249 ] ], [ [ -126.968232898408473, 49.816809150506224 ], [ -126.96601693509497, 49.814735839760267 ], [ -126.963545284859222, 49.815263301258234 ], [ -126.963087438202578, 49.815067974414504 ], [ -126.963536909734515, 49.814614579357539 ], [ -126.962621414963962, 49.814187596644494 ], [ -126.962664107916311, 49.816897086792252 ], [ -126.968232898408473, 49.816809150506224 ] ], [ [ -126.958811901743815, 49.809736447821727 ], [ -126.957347221964028, 49.81150969107216 ], [ -126.960819812076423, 49.81157086682299 ], [ -126.960895377962245, 49.809773135067701 ], [ -126.958811901743815, 49.809736447821727 ] ], [ [ -126.950872004393773, 49.812220252344872 ], [ -126.948216704390532, 49.811976624990521 ], [ -126.94954984627033, 49.813809510129992 ], [ -126.950746090490199, 49.813850882429747 ], [ -126.950872004393773, 49.812220252344872 ] ], [ [ -126.959196995632283, 49.802055309417831 ], [ -126.959102486974089, 49.804302477904486 ], [ -126.960213546851762, 49.804322044133215 ], [ -126.960308015159853, 49.802074883617564 ], [ -126.959196995632283, 49.802055309417831 ] ], [ [ -126.958598990239992, 49.804171610953794 ], [ -126.957219614280149, 49.803922421820182 ], [ -126.957210167489364, 49.804147130918793 ], [ -126.958598990239992, 49.804171610953794 ] ], [ [ -126.96968888631406, 49.800000047529267 ], [ -126.969553569881938, 49.79861177336128 ], [ -126.966525275085857, 49.797141838107464 ], [ -126.966503816119399, 49.80431305685061 ], [ -126.971365243317436, 49.805420974459253 ], [ -126.972534214071715, 49.803778952064327 ], [ -126.971410785678444, 49.803124403471145 ], [ -126.96968888631406, 49.800000047529267 ] ] ] } },
{ "type": "Feature", "properties": { "name": "Lower Tsitika River Park", "kind": "Provincial" }, "geometry": { "type": "Polygon", "coordinates": [ [ [ -126.537898788236973, 50.453811434213648 ], [ -126.551443663491469, 50.455172250107502 ], [ -126.563348926509363, 50.452399995770968 ], [ -126.570433623329805, 50.443103582900413 ], [ -126.570776438653837, 50.435465073721659 ], [ -126.560069366252279, 50.429529163615214 ], [ -126.575843617385189, 50.429818585926057 ], [ -126.575753460275791, 50.427397077524404 ], [ -126.57670390190232, 50.426139612314387 ], [ -126.583725102586612, 50.422642771760657 ], [ -126.589147332297273, 50.422611388524018 ], [ -126.594077118972208, 50.423406092963972 ], [ -126.59661080723393, 50.422307146800932 ], [ -126.598952765655355, 50.422769282693245 ], [ -126.599749243427297, 50.42567309069117 ], [ -126.601956610771239, 50.427130816634701 ], [ -126.606152041776042, 50.42853948833914 ], [ -126.6120885165994, 50.433131983891087 ], [ -126.618191185545371, 50.434156612639946 ], [ -126.602993293508447, 50.435040687495174 ], [ -126.598621859427809, 50.448505747348754 ], [ -126.612568215227, 50.455080227807073 ], [ -126.618126590474304, 50.45058883249753 ], [ -126.622148141385793, 50.448773227671964 ], [ -126.651281426477937, 50.445056675039545 ], [ -126.6564345344554, 50.448650581214473 ], [ -126.661989632487831, 50.450851714121917 ], [ -126.662198525261275, 50.45388908852312 ], [ -126.660946717937591, 50.455078223444573 ], [ -126.660543713912332, 50.458641033560568 ], [ -126.657409954450458, 50.459185118649927 ], [ -126.655279242428335, 50.462434271103859 ], [ -126.651498479856784, 50.462645819932625 ], [ -126.649002203681306, 50.465617640224743 ], [ -126.647183806348735, 50.466745699509268 ], [ -126.645982971763345, 50.469181481302201 ], [ -126.64455092896192, 50.470542183193615 ], [ -126.640842745661971, 50.471368222670826 ], [ -126.634920596824699, 50.474052628643705 ], [ -126.634562994697589, 50.475515998145276 ], [ -126.636740479257398, 50.478681431318897 ], [ -126.636802483176069, 50.481853344853143 ], [ -126.621050990055068, 50.493319958844545 ], [ -126.608182628424473, 50.482518728323392 ], [ -126.59965749566426, 50.479419831927935 ], [ -126.576241198109386, 50.466323562736733 ], [ -126.574489420710222, 50.466287040360982 ], [ -126.569215617187368, 50.470247136433734 ], [ -126.568941467710331, 50.476362403976431 ], [ -126.572070903815273, 50.480259552610121 ], [ -126.56660661413234, 50.485456834604548 ], [ -126.516398002716755, 50.479628478807264 ], [ -126.52359877059898, 50.467274580685292 ], [ -126.532255087108496, 50.464116940982869 ], [ -126.538399576032262, 50.463990774538146 ], [ -126.538019270463323, 50.460087936697256 ], [ -126.538557548895525, 50.456065100457877 ], [ -126.537898788236973, 50.453811434213648 ] ] ] } },
{ "type": "Feature", "properties": { "name": "Robson Bight (Michael Bigg) Ecological Reserve", "kind": "Provincial" }, "geometry": { "type": "Polygon", "coordinates": [ [ [ -126.503797696763172, 50.485205496223791 ], [ -126.505774327276384, 50.482909210348403 ], [ -126.508188738098752, 50.482587655950816 ], [ -126.510929931251496, 50.480154743614769 ], [ -126.515387047348966, 50.479350538533019 ], [ -126.56660661413234, 50.485456834604548 ], [ -126.572070903815273, 50.480259552610121 ], [ -126.568941467710331, 50.476362403976431 ], [ -126.569215617187368, 50.470247136433734 ], [ -126.574489420710222, 50.466287040360982 ], [ -126.576241198109386, 50.466323562736733 ], [ -126.59965749566426, 50.479419831927935 ], [ -126.608182628424473, 50.482518728323392 ], [ -126.621050990055068, 50.493319958844545 ], [ -126.628549660970307, 50.49624341933206 ], [ -126.628099422853197, 50.505228983229948 ], [ -126.503323954560287, 50.494190234833837 ], [ -126.503797696763172, 50.485205496223791 ] ] ] } },
{ "type": "Feature", "properties": { "name": "Garden Bay Marine Park", "kind": "Provincial" }, "geometry": { "type": "MultiPolygon", "coordinates": [ [ [ [ -123.998306913275911, 49.645702078423682 ], [ -123.998567667477474, 49.633838807067207 ], [ -124.012480608437599, 49.634016295384882 ], [ -124.012477458552496, 49.635824965944018 ], [ -124.019605536884512, 49.635830012078138 ], [ -124.019738449230246, 49.630068646915809 ], [ -124.020451598225662, 49.628870559001953 ], [ -124.024762597680905, 49.630528128724826 ], [ -124.023700357188801, 49.631257611540441 ], [ -124.023618272409934, 49.637435912560228 ], [ -124.012474655714357, 49.637428210865231 ], [ -124.012464848325934, 49.643062354838541 ], [ -124.001315312109213, 49.642867519325073 ], [ -124.001173158090722, 49.646633344001103 ], [ -123.999750053957143, 49.646627118766418 ], [ -123.99974795440491, 49.6457008238554 ], [ -123.998306913275911, 49.645702078423682 ] ], [ [ -124.021020546690309, 49.630316206803705 ], [ -124.020827294021913, 49.630833360521443 ], [ -124.021782731663563, 49.630837255954845 ], [ -124.021782871770611, 49.630637616044837 ], [ -124.021020546690309, 49.630316206803705 ] ] ], [ [ [ -124.011602047833961, 49.650606354585861 ], [ -124.006880210770376, 49.648119624817994 ], [ -124.006882876154791, 49.646676822379455 ], [ -124.012458540170726, 49.6466810572174 ], [ -124.012453439280378, 49.648906806439136 ], [ -124.011719494574237, 49.649588911978526 ], [ -124.012440032213263, 49.650426611127251 ], [ -124.011602047833961, 49.650606354585861 ] ] ] ] } },
{ "type": "Feature", "properties": { "name": "Mount Richardson Park", "kind": "Provincial" }, "geometry": { "type": "MultiPolygon", "coordinates": [ [ [ [ -123.776180282747106, 49.55766369071091 ], [ -123.77693228293073, 49.557127943437202 ], [ -123.777375836232622, 49.557142956758447 ], [ -123.777310832052294, 49.557512175741032 ], [ -123.776180282747106, 49.55766369071091 ] ] ], [ [ [ -123.781451462559588, 49.566223628784698 ], [ -123.781456080915135, 49.566216135783527 ], [ -123.78145505416559, 49.566227986246034 ], [ -123.781451462559588, 49.566223628784698 ] ] ], [ [ [ -123.781464330737222, 49.566314092626044 ], [ -123.781464227794046, 49.566312785478814 ], [ -123.78147136111977, 49.56631478514425 ], [ -123.781464330737222, 49.566314092626044 ] ] ], [ [ [ -123.781573522077053, 49.59166315277438 ], [ -123.781570074272707, 49.589657819255173 ], [ -123.768601987312337, 49.582510793036953 ], [ -123.768031637872241, 49.574724596446117 ], [ -123.764050230394005, 49.572820060484226 ], [ -123.759225514064511, 49.574567192792394 ], [ -123.74657826722877, 49.584627406166518 ], [ -123.73648074778842, 49.582004208935665 ], [ -123.74287430153943, 49.5646163320272 ], [ -123.733763235620046, 49.563454165099557 ], [ -123.737836600631951, 49.550359758917395 ], [ -123.763454534929991, 49.550262404657261 ], [ -123.76412153362952, 49.551366580850711 ], [ -123.76634296948157, 49.551082048915667 ], [ -123.765390699627346, 49.552959283815291 ], [ -123.767503853682712, 49.55370084856655 ], [ -123.76679230157319, 49.554173299873945 ], [ -123.767455027750188, 49.554996434563627 ], [ -123.76701303273623, 49.555907853389478 ], [ -123.768519591832359, 49.557382264924769 ], [ -123.770074360563427, 49.557381301753189 ], [ -123.770070473437869, 49.556929496808706 ], [ -123.774168705330695, 49.558117910182197 ], [ -123.777428168266624, 49.557880182723956 ], [ -123.77660759262578, 49.558452376809967 ], [ -123.777091526453916, 49.559321629041136 ], [ -123.77613985611157, 49.560804823670786 ], [ -123.77600751848685, 49.562468107565628 ], [ -123.782072770113942, 49.563857458266305 ], [ -123.782232502138527, 49.56433310077108 ], [ -123.780485940698142, 49.565811061603313 ], [ -123.780779910260989, 49.566033954049281 ], [ -123.781152696974345, 49.565995465213689 ], [ -123.781403325692324, 49.566101699939715 ], [ -123.781458112810256, 49.566192596422752 ], [ -123.780209512995498, 49.566712153973825 ], [ -123.780761233446626, 49.567253772500273 ], [ -123.783278605760557, 49.566619732329649 ], [ -123.781725160210868, 49.568069399408571 ], [ -123.783894822724747, 49.568828287498881 ], [ -123.782726654115834, 49.571021941277991 ], [ -123.781936375071552, 49.570901361769046 ], [ -123.780641221791427, 49.572079430628804 ], [ -123.781454541483569, 49.572775541370916 ], [ -123.780685175863269, 49.573968063872371 ], [ -123.781857689277672, 49.574634762331939 ], [ -123.781482209072692, 49.57537486444923 ], [ -123.783078772994728, 49.576605376133074 ], [ -123.784177914895579, 49.576139191264851 ], [ -123.785125183582451, 49.576555518641264 ], [ -123.783962091993274, 49.577345954332294 ], [ -123.784754936278873, 49.577619435593242 ], [ -123.783563422743555, 49.578365078629083 ], [ -123.783957333870418, 49.578776179922578 ], [ -123.782475572493766, 49.580405269846118 ], [ -123.78298173434689, 49.580914549917708 ], [ -123.782599154560231, 49.58207747430847 ], [ -123.785821916556543, 49.583764658630066 ], [ -123.784127091984203, 49.585916924883641 ], [ -123.784895620718814, 49.588115451295565 ], [ -123.782955644884581, 49.589657698045158 ], [ -123.783153625111723, 49.590789713018253 ], [ -123.784296086788842, 49.591661135511529 ], [ -123.781573522077053, 49.59166315277438 ] ] ] ] } },
{ "type": "Feature", "properties": { "name": "Anderson Bay Park", "kind": "Provincial" }, "geometry": { "type": "MultiPolygon", "coordinates": [ [ [ [ -124.136864090061579, 49.520333655714616 ], [ -124.13533395916113, 49.517898548480915 ], [ -124.133801498475236, 49.516744166637253 ], [ -124.135878919265593, 49.517524295643916 ], [ -124.138121277759026, 49.519716957753054 ], [ -124.136864090061579, 49.520333655714616 ] ] ], [ [ [ -124.138484658344112, 49.518108465852279 ], [ -124.133885261877182, 49.511985042921999 ], [ -124.131294009627553, 49.50780807414548 ], [ -124.133909786245354, 49.506876116958246 ], [ -124.140939971873181, 49.516719625537789 ], [ -124.138484658344112, 49.518108465852279 ] ] ], [ [ [ -124.131992998423414, 49.51618629823507 ], [ -124.130207541428902, 49.514251849198089 ], [ -124.129317754746751, 49.512191611589202 ], [ -124.132148594146273, 49.513962953649163 ], [ -124.131992998423414, 49.51618629823507 ] ] ] ] } },
{ "type": "Feature", "properties": { "name": "Montague Harbour Marine Park", "kind": "Provincial" }, "geometry": { "type": "MultiPolygon", "coordinates": [ [ [ [ -123.399628750015623, 48.901219668991779 ], [ -123.405099638432432, 48.903720684248995 ], [ -123.407136382091593, 48.905020326660349 ], [ -123.399677871178412, 48.905061571800807 ], [ -123.399628750015623, 48.901219668991779 ] ] ], [ [ [ -123.396527267316699, 48.895748205064997 ], [ -123.403666646994381, 48.893560048527014 ], [ -123.406516547489275, 48.89349595594755 ], [ -123.407343311125985, 48.89443765797715 ], [ -123.409008002452794, 48.894521627737056 ], [ -123.410612676681112, 48.89550550827704 ], [ -123.410758824601189, 48.905000137980785 ], [ -123.407440486826658, 48.905018646002439 ], [ -123.405579942690508, 48.903738437255114 ], [ -123.399625569879774, 48.900972093892662 ], [ -123.399597286337212, 48.89827001905293 ], [ -123.396353481629575, 48.89650453588073 ], [ -123.396527267316699, 48.895748205064997 ] ] ] ] } },
{ "type": "Feature", "properties": { "name": "Hardy Island Marine Park", "kind": "Provincial" }, "geometry": { "type": "MultiPolygon", "coordinates": [ [ [ [ -124.214980139045508, 49.726501269274493 ], [ -124.216195633367775, 49.725741943591103 ], [ -124.215992985274255, 49.726985357140272 ], [ -124.218113602931084, 49.727124983236628 ], [ -124.218115253363422, 49.72810090691253 ], [ -124.219983477141213, 49.728701150002955 ], [ -124.218130488356095, 49.730155524891522 ], [ -124.213375867498627, 49.730190354342305 ], [ -124.212838155922654, 49.729060257868575 ], [ -124.215411076870296, 49.727054436153708 ], [ -124.214980139045508, 49.726501269274493 ] ] ], [ [ [ -124.214707575328063, 49.72664804434131 ], [ -124.213340118293573, 49.727435921623048 ], [ -124.212832661706216, 49.727117431736545 ], [ -124.213484622934118, 49.726570906799154 ], [ -124.214707575328063, 49.72664804434131 ] ] ] ] } },
{ "type": "Feature", "properties": { "name": "Thurston Bay Marine Park", "kind": "Provincial" }, "geometry": { "type": "MultiPolygon", "coordinates": [ [ [ [ -125.311981700096922, 50.373861194848558 ], [ -125.319858348615938, 50.373572092628848 ], [ -125.319852408428886, 50.371199554858066 ], [ -125.322704217359288, 50.369208717749046 ], [ -125.331022452471501, 50.369685361677547 ], [ -125.332096815525063, 50.370828639243577 ], [ -125.332031652425428, 50.3734969213859 ], [ -125.334799897828105, 50.374268882002347 ], [ -125.336614878852686, 50.376454145614908 ], [ -125.336299259822624, 50.37843037572015 ], [ -125.337535888847057, 50.379255522305634 ], [ -125.338042841757115, 50.38048212279881 ], [ -125.336762073203786, 50.383660566557374 ], [ -125.337797620589328, 50.384338085560593 ], [ -125.311984900759015, 50.384712818095423 ], [ -125.311981700096922, 50.373861194848558 ] ] ], [ [ [ -125.303563609533057, 50.348537191959053 ], [ -125.303557549384678, 50.344904492285252 ], [ -125.306824368072952, 50.344915432697739 ], [ -125.31296621323186, 50.347363505156778 ], [ -125.317279686602191, 50.346197234672324 ], [ -125.317310315088974, 50.344715416397349 ], [ -125.319024312212633, 50.343435445539662 ], [ -125.322596751240965, 50.343319136197778 ], [ -125.323771890673797, 50.344006237206031 ], [ -125.324359700519537, 50.345770981387574 ], [ -125.325862991970496, 50.346950720538992 ], [ -125.325491346887887, 50.349548690797349 ], [ -125.329244590397664, 50.351573837304613 ], [ -125.331867924042328, 50.354624474781673 ], [ -125.335418957836708, 50.356212743386841 ], [ -125.335983026560058, 50.359835339614293 ], [ -125.335244911055725, 50.36169861030897 ], [ -125.334015953567587, 50.362667756860851 ], [ -125.330539662661891, 50.363385138330834 ], [ -125.325963382892766, 50.365496137998214 ], [ -125.322375322927996, 50.365816283450691 ], [ -125.321151931023834, 50.365219029666584 ], [ -125.322903179550494, 50.363803899959102 ], [ -125.322442045916901, 50.363191895878067 ], [ -125.323645347113683, 50.361917570411315 ], [ -125.323170374740712, 50.36111751894817 ], [ -125.323823587165066, 50.360384883378856 ], [ -125.321272173919553, 50.360013836689149 ], [ -125.320641583469609, 50.359390942759013 ], [ -125.321143538124261, 50.355472073149585 ], [ -125.319115567817633, 50.354616489606315 ], [ -125.319234472103872, 50.356470251406385 ], [ -125.318101073857179, 50.357578714492064 ], [ -125.312040028234719, 50.357579600784064 ], [ -125.312038504278703, 50.352153761869715 ], [ -125.309211763957506, 50.352154055729244 ], [ -125.309210987971326, 50.348536821152585 ], [ -125.303563609533057, 50.348537191959053 ] ] ] ] } },
{ "type": "Feature", "properties": { "name": "Rock Bay Marine Park", "kind": "Provincial" }, "geometry": { "type": "Polygon", "coordinates": [ [ [ -125.472615663543394, 50.327064614831905 ], [ -125.47561035769742, 50.327909356665323 ], [ -125.47598361774601, 50.329142735055413 ], [ -125.479654598404224, 50.328668674028812 ], [ -125.482375407686789, 50.330454578064625 ], [ -125.488695083626126, 50.332262360714175 ], [ -125.485494593220906, 50.332330854537155 ], [ -125.487170750944728, 50.332942644281715 ], [ -125.485945930278945, 50.334246146352534 ], [ -125.486292406224052, 50.335767891631953 ], [ -125.489838204650496, 50.336654458998488 ], [ -125.491529754998822, 50.338093405020409 ], [ -125.495761480758233, 50.339640699698883 ], [ -125.495712271413041, 50.341624762075668 ], [ -125.481590832772397, 50.33689447751189 ], [ -125.467166371341818, 50.334875854132576 ], [ -125.453448896868437, 50.335477747301454 ], [ -125.427069630040322, 50.339719374716779 ], [ -125.427151012269604, 50.318460880173596 ], [ -125.442705745380408, 50.318457146418766 ], [ -125.444496970815536, 50.319087190452848 ], [ -125.444839241522047, 50.320555195184177 ], [ -125.442241958029797, 50.32004312292662 ], [ -125.441955770196785, 50.320489877906496 ], [ -125.442776504335001, 50.32142612345644 ], [ -125.449306791731829, 50.321918310010126 ], [ -125.454307956571753, 50.324088552948083 ], [ -125.454014166333295, 50.324931297775628 ], [ -125.444991330071247, 50.328170806283623 ], [ -125.443269652689906, 50.328027103750749 ], [ -125.442154647204134, 50.329300850792663 ], [ -125.441291244771463, 50.328905225182609 ], [ -125.438737930161025, 50.330631910171498 ], [ -125.441995085885551, 50.331669914614622 ], [ -125.443621339680035, 50.33132089306114 ], [ -125.44362031352145, 50.332670179676192 ], [ -125.446020305183509, 50.333977937033453 ], [ -125.450573600903553, 50.333432271680927 ], [ -125.455073053860573, 50.331844114890252 ], [ -125.456462959423135, 50.330456490344822 ], [ -125.457780232902479, 50.330113822248187 ], [ -125.457834426612251, 50.329258135864059 ], [ -125.461978036218596, 50.329224400452972 ], [ -125.463085434371905, 50.330802061119961 ], [ -125.465173055208425, 50.331225535881394 ], [ -125.467338053953497, 50.329344600162038 ], [ -125.471447458264038, 50.329464164221015 ], [ -125.472615663543394, 50.327064614831905 ] ] ] } },
{ "type": "Feature", "properties": { "name": "God'S Pocket Marine Park", "kind": "Provincial" }, "geometry": { "type": "Polygon", "coordinates": [ [ [ -127.521830315674876, 50.829930926445101 ], [ -127.520298951908501, 50.829911504195323 ], [ -127.518537975218678, 50.825722835284196 ], [ -127.51862233478883, 50.823057551971019 ], [ -127.606104331369849, 50.824135594090052 ], [ -127.605222080109428, 50.853735580402393 ], [ -127.515946970016316, 50.85263433030596 ], [ -127.516675618223033, 50.835140684436247 ], [ -127.517448563104864, 50.833868375710786 ], [ -127.523642323315912, 50.833694955147273 ], [ -127.523835321257963, 50.831180969442386 ], [ -127.522193697238166, 50.831005660473686 ], [ -127.521830315674876, 50.829930926445101 ] ] ] } },
{ "type": "Feature", "properties": { "name": "Hesquiat Lake Park", "kind": "Provincial" }, "geometry": { "type": "Polygon", "coordinates": [ [ [ -126.383657765875341, 49.506514761815765 ], [ -126.383652583433332, 49.496583138270417 ], [ -126.389690997852824, 49.495325834174494 ], [ -126.390079241703106, 49.502045838828771 ], [ -126.39250093395593, 49.503782790003996 ], [ -126.392613819207781, 49.505296703377873 ], [ -126.389142673750982, 49.506144987022857 ], [ -126.388991220181467, 49.506654362638344 ], [ -126.383747264325478, 49.505771119656075 ], [ -126.383657765875341, 49.506514761815765 ] ] ] } },
{ "type": "Feature", "properties": { "name": "Koksilah River Park", "kind": "Provincial" }, "geometry": { "type": "MultiPolygon", "coordinates": [ [ [ [ -123.735324341179421, 48.643877802873597 ], [ -123.738823805011535, 48.641579362379986 ], [ -123.738817777181225, 48.639946569573709 ], [ -123.742370114082902, 48.63763867560332 ], [ -123.742368053829452, 48.635879906354248 ], [ -123.73534444688849, 48.640562555407776 ], [ -123.735330860710988, 48.635835102246759 ], [ -123.751620839484104, 48.635761430949188 ], [ -123.75377938829827, 48.637524093249915 ], [ -123.745453480918357, 48.637587372069476 ], [ -123.745352882974785, 48.64670114885547 ], [ -123.735325200396986, 48.646680135129863 ], [ -123.735322058936887, 48.647481936105663 ], [ -123.723875625317703, 48.65003098738066 ], [ -123.720758015902476, 48.653694654189195 ], [ -123.720872775139782, 48.661743787513331 ], [ -123.718943033619965, 48.661755847624164 ], [ -123.718987309484405, 48.664869865596117 ], [ -123.703709911940877, 48.664919601527281 ], [ -123.706552140170629, 48.663548264859763 ], [ -123.707931761503644, 48.660238177604477 ], [ -123.710210160212327, 48.660053221316026 ], [ -123.714225316927241, 48.657842312062584 ], [ -123.716201042138238, 48.65439347942884 ], [ -123.720960965474561, 48.651763869076099 ], [ -123.722547516114957, 48.648830149087715 ], [ -123.725702238625175, 48.648342504058164 ], [ -123.72639063257644, 48.647294597317263 ], [ -123.735317052831988, 48.646383315886162 ], [ -123.735324341179421, 48.643877802873597 ] ] ], [ [ [ -123.780692019187057, 48.629270643178323 ], [ -123.780679525593229, 48.627278044410538 ], [ -123.786149443395587, 48.627272314837192 ], [ -123.786173528996585, 48.628931970652921 ], [ -123.784574341432347, 48.629433177711483 ], [ -123.783433608815159, 48.63114123898233 ], [ -123.781771872211465, 48.630756702639687 ], [ -123.780692019187057, 48.629270643178323 ] ] ] ] } },
{ "type": "Feature", "properties": { "name": "Ha'Thayim Marine Park", "kind": "Provincial" }, "geometry": { "type": "Polygon", "coordinates": [ [ [ -124.943270439304541, 50.150517749926678 ], [ -124.939342676671615, 50.143502151432351 ], [ -124.939658028026983, 50.13626580604555 ], [ -124.952069989882233, 50.135739972923972 ], [ -124.951782840383672, 50.141323880049903 ], [ -124.953981621776791, 50.141820414897623 ], [ -124.950716620426192, 50.141713415631187 ], [ -124.950777844370407, 50.14286371480739 ], [ -124.949020508283127, 50.141993759079845 ], [ -124.94870497934447, 50.142484780483365 ], [ -124.949686273917251, 50.144222280058877 ], [ -124.954179319153113, 50.146670866293583 ], [ -124.96279024308825, 50.146843579377332 ], [ -124.968112264929061, 50.154228510805474 ], [ -124.961341371168132, 50.15406656363745 ], [ -124.960508548041034, 50.154932687895624 ], [ -124.96323635534084, 50.156919399435665 ], [ -124.965130206803707, 50.160116477262108 ], [ -124.964975965549755, 50.161135490129922 ], [ -124.967805603636563, 50.163201339401361 ], [ -124.967859593086857, 50.164516031523661 ], [ -124.962262383257368, 50.164610750071446 ], [ -124.962372840715688, 50.167307300913386 ], [ -124.977858924553999, 50.176416973700036 ], [ -124.986052811199201, 50.176277121203583 ], [ -124.985055823363908, 50.178360686594836 ], [ -124.985843528743132, 50.179147759834571 ], [ -124.985694419330315, 50.179932848047258 ], [ -124.977134412269066, 50.193463058221134 ], [ -124.976143438107215, 50.193533895128034 ], [ -124.975149751124562, 50.195088894823726 ], [ -124.959130636739047, 50.195360226241725 ], [ -124.957620154235272, 50.193501316735748 ], [ -124.952596071780079, 50.191715003086593 ], [ -124.952366147842952, 50.190275209199513 ], [ -124.943838218513832, 50.184580716597402 ], [ -124.941564390607269, 50.181717955925187 ], [ -124.941189447402607, 50.180006235724932 ], [ -124.937628011050805, 50.179062821601811 ], [ -124.937543671425956, 50.177854434820802 ], [ -124.936324019330911, 50.177416042383506 ], [ -124.936593292280975, 50.176844893563498 ], [ -124.935707379659064, 50.176378446304241 ], [ -124.934841836219036, 50.174323925492217 ], [ -124.928052898924562, 50.165278328058996 ], [ -124.927879432952011, 50.160262569842615 ], [ -124.933615339853645, 50.160169522404658 ], [ -124.934486699796324, 50.159560698170232 ], [ -124.934580711877913, 50.157706220412898 ], [ -124.935824394815398, 50.15728971909779 ], [ -124.938275008534589, 50.157302807476853 ], [ -124.938674500671539, 50.15794738756108 ], [ -124.949262252258009, 50.158088596918084 ], [ -124.944650174998571, 50.151316756852218 ], [ -124.944698853859279, 50.15043329742133 ], [ -124.943270439304541, 50.150517749926678 ] ], [ [ -124.945437445609159, 50.137500968881113 ], [ -124.94541320831533, 50.138619877394973 ], [ -124.946614488316143, 50.13894881707887 ], [ -124.947341368258421, 50.14025896797871 ], [ -124.948657234037626, 50.140308848674636 ], [ -124.948831558609115, 50.13749956768352 ], [ -124.945437445609159, 50.137500968881113 ] ], [ [ -124.946869538548214, 50.16451170126291 ], [ -124.947027286384213, 50.170045570528202 ], [ -124.958381213683197, 50.170156899155536 ], [ -124.958108919203468, 50.169184863833792 ], [ -124.955772583121146, 50.169242226977147 ], [ -124.953304163753913, 50.167080072379107 ], [ -124.948368719087668, 50.165570922885344 ], [ -124.946869538548214, 50.16451170126291 ] ] ] } },
{ "type": "Feature", "properties": { "name": "Callaghan Lake Park", "kind": "Provincial" }, "geometry": { "type": "Polygon", "coordinates": [ [ [ -123.242276184020568, 50.22320299675097 ], [ -123.237580138582658, 50.223693894257799 ], [ -123.235646655809063, 50.224894002976527 ], [ -123.233848231035381, 50.227209011775834 ], [ -123.232207282875137, 50.227796897509151 ], [ -123.231248605392821, 50.229413180213264 ], [ -123.226937623365146, 50.230204132422116 ], [ -123.226532530716412, 50.231909235365421 ], [ -123.224233786431242, 50.233366181513922 ], [ -123.215222900690677, 50.235856774275469 ], [ -123.215583980928443, 50.236188610568746 ], [ -123.214798255057033, 50.236734088930454 ], [ -123.212605778886072, 50.236383728540915 ], [ -123.211009572386018, 50.236961958689008 ], [ -123.208929980371053, 50.235151793316227 ], [ -123.208584633542159, 50.232226463912234 ], [ -123.204933565081532, 50.231868984334611 ], [ -123.205637621923984, 50.230063087895211 ], [ -123.204462991279769, 50.228043556436056 ], [ -123.20089588000269, 50.226174999667961 ], [ -123.199100460868806, 50.227714569800987 ], [ -123.196224333733511, 50.227943866025704 ], [ -123.194181830899296, 50.227416909438674 ], [ -123.190926154781735, 50.229984758008044 ], [ -123.189143615876262, 50.230421987566977 ], [ -123.187781004898383, 50.229651496910037 ], [ -123.184215685766688, 50.230936120762557 ], [ -123.181622341088101, 50.228144668746431 ], [ -123.181767197057766, 50.226173567630269 ], [ -123.178383370351483, 50.225116803425024 ], [ -123.177526915267848, 50.223979824252091 ], [ -123.177515282840204, 50.220846742532025 ], [ -123.147908210621921, 50.220888210569079 ], [ -123.147819799499672, 50.192279241823876 ], [ -123.154196234303853, 50.192270956074438 ], [ -123.154152995681699, 50.178838809074428 ], [ -123.187882713253984, 50.178789152237954 ], [ -123.203571252822968, 50.191478386312021 ], [ -123.203686011733637, 50.190964270869685 ], [ -123.205153825384485, 50.190948595097339 ], [ -123.207132185379237, 50.19184728487685 ], [ -123.207904406945133, 50.193057846471959 ], [ -123.215057176418412, 50.196544316129071 ], [ -123.217876137997052, 50.199160594123292 ], [ -123.220559760807731, 50.199110743115725 ], [ -123.221068167829088, 50.200677371190629 ], [ -123.227488563558268, 50.207133308904169 ], [ -123.229568885170139, 50.20708062747434 ], [ -123.232055394512798, 50.208899325954036 ], [ -123.233461103473104, 50.210799228083324 ], [ -123.233980036565882, 50.212996791348829 ], [ -123.232974908052356, 50.213265957360306 ], [ -123.232646121164734, 50.2154264958886 ], [ -123.234229709384223, 50.216162806347896 ], [ -123.234303472915059, 50.21690482433533 ], [ -123.23989476492666, 50.218902980853962 ], [ -123.242276184020568, 50.22320299675097 ] ] ] } },
{ "type": "Feature", "properties": { "name": "Sechelt Inlets Marine Park - Thornhill Site", "kind": "Provincial" }, "geometry": { "type": "Polygon", "coordinates": [ [ [ -123.606732338554806, 49.656404703550066 ], [ -123.606734891200873, 49.65499556629787 ], [ -123.61107218208997, 49.654998974439501 ], [ -123.610738522055286, 49.65624809108941 ], [ -123.606732338554806, 49.656404703550066 ] ] ] } },
{ "type": "Feature", "properties": { "name": "Clayoquot Arm Park", "kind": "Provincial" }, "geometry": { "type": "Polygon", "coordinates": [ [ [ -125.526236406939461, 49.183860374996968 ], [ -125.526241399906894, 49.18787871608663 ], [ -125.5317203257095, 49.187873181290144 ], [ -125.531726344994794, 49.186463147936806 ], [ -125.532844076224237, 49.185145913802522 ], [ -125.534508036333762, 49.184315822333886 ], [ -125.537191183238562, 49.184294046721995 ], [ -125.537181318421432, 49.183648176940288 ], [ -125.539350328959713, 49.182939956386726 ], [ -125.540093577220915, 49.181702402002216 ], [ -125.55295989748312, 49.174803179446563 ], [ -125.552297123974569, 49.171748658489307 ], [ -125.554011869049205, 49.16796005722906 ], [ -125.555799949160601, 49.16745312201801 ], [ -125.559994537429631, 49.162729121275468 ], [ -125.560285116044199, 49.160729429140183 ], [ -125.571119982489805, 49.133537121312777 ], [ -125.575068769278303, 49.109185853904023 ], [ -125.590730292310951, 49.108837332632369 ], [ -125.594581717505221, 49.112923353902524 ], [ -125.593903056718204, 49.137510968650787 ], [ -125.597073878335195, 49.155870892274848 ], [ -125.59851402084162, 49.158966925319639 ], [ -125.608744681082143, 49.168559058933269 ], [ -125.60851621021493, 49.170276973752713 ], [ -125.60641003874025, 49.171558137526397 ], [ -125.605608768044988, 49.174140283148212 ], [ -125.599762671750455, 49.17622440339926 ], [ -125.597933936662514, 49.177628577742041 ], [ -125.598051235251816, 49.178885479862004 ], [ -125.593824875344865, 49.182205839740469 ], [ -125.593570993461995, 49.183403614228325 ], [ -125.589968645141823, 49.184082779270845 ], [ -125.586152950606902, 49.187285688654669 ], [ -125.582375528101878, 49.188431865793298 ], [ -125.577403751539848, 49.188192130571288 ], [ -125.568441245618374, 49.189044180985881 ], [ -125.567528338884586, 49.190764862310239 ], [ -125.566463776411453, 49.191296852310089 ], [ -125.566198712134423, 49.193551893772955 ], [ -125.563232028740444, 49.195196735490377 ], [ -125.56260678724054, 49.196744535877912 ], [ -125.561627756837353, 49.197333041296041 ], [ -125.561472850318339, 49.198735458822533 ], [ -125.558220661135422, 49.200534940603461 ], [ -125.557359457469445, 49.201863026944849 ], [ -125.557955722198713, 49.204013490507265 ], [ -125.556448943372004, 49.204789103313082 ], [ -125.556870600219611, 49.206025786721966 ], [ -125.5562843943258, 49.207446747552247 ], [ -125.557229503053719, 49.210727551509763 ], [ -125.55326232963597, 49.211553090123196 ], [ -125.549743034668737, 49.213587638992308 ], [ -125.547565853648962, 49.213518761854921 ], [ -125.547478501951332, 49.214933147051347 ], [ -125.54581251085142, 49.216553301376173 ], [ -125.542917540109471, 49.216014346836573 ], [ -125.536442174278704, 49.216381716403177 ], [ -125.520224295768884, 49.212326792080432 ], [ -125.506172250429117, 49.213048025774746 ], [ -125.494879014404205, 49.21978729850624 ], [ -125.489624462743123, 49.217948493922833 ], [ -125.49816164379115, 49.205608192097216 ], [ -125.506564726056908, 49.196959270675293 ], [ -125.506273415856583, 49.193187610185831 ], [ -125.50438656866416, 49.18853877466352 ], [ -125.505351825540998, 49.186712026540512 ], [ -125.509093086053582, 49.185185687383346 ], [ -125.51211809300419, 49.186001431086396 ], [ -125.526236406939461, 49.183860374996968 ] ] ] } },
{ "type": "Feature", "properties": { "name": "Duck Lake Protected Area", "kind": "Provincial" }, "geometry": { "type": "Polygon", "coordinates": [ [ [ -124.453730083367944, 49.857270922610958 ], [ -124.456656781775209, 49.858277000812784 ], [ -124.457133477178772, 49.859323402298713 ], [ -124.461846213565025, 49.859133629738089 ], [ -124.462258385985777, 49.860401195081963 ], [ -124.465905152960943, 49.862369954822348 ], [ -124.467924969791966, 49.865613986424634 ], [ -124.46563331912175, 49.870270791428858 ], [ -124.46478681545625, 49.870393926553739 ], [ -124.464300884267104, 49.871438959354947 ], [ -124.465573288788022, 49.872289270202813 ], [ -124.465983886332921, 49.87476822559514 ], [ -124.46231040212956, 49.876136847105343 ], [ -124.462357863241948, 49.878816686889067 ], [ -124.460628544063454, 49.880637429568125 ], [ -124.458483995329175, 49.880650936596417 ], [ -124.457139228631888, 49.879849344140673 ], [ -124.456786177214198, 49.882008013487528 ], [ -124.445387710601096, 49.884205984972198 ], [ -124.442627886814719, 49.885692998262925 ], [ -124.441454750145056, 49.885464742971237 ], [ -124.439313167195522, 49.886579698222576 ], [ -124.437614841661457, 49.886661460117118 ], [ -124.437557513353156, 49.881176654933199 ], [ -124.443189071550194, 49.881155849093616 ], [ -124.443123759998102, 49.877377458560545 ], [ -124.448733673321186, 49.87737805703896 ], [ -124.448661940856638, 49.874460180483545 ], [ -124.437565835852681, 49.874513644819316 ], [ -124.437429674192558, 49.867484792344378 ], [ -124.423916108463587, 49.867651586339917 ], [ -124.423500912563242, 49.853525390647292 ], [ -124.429113571512474, 49.852319046194381 ], [ -124.431292227601318, 49.850308820247172 ], [ -124.437720250697112, 49.850553075404441 ], [ -124.439588452935283, 49.84931559313457 ], [ -124.441075161797386, 49.849126222747522 ], [ -124.444005197391519, 49.84991726494804 ], [ -124.446988338403457, 49.848120030992455 ], [ -124.452073445026798, 49.855775505149268 ], [ -124.453730083367944, 49.857270922610958 ] ] ] } },
{ "type": "Feature", "properties": { "name": "Ts'Il?Os Park (A.K.A.  Ts'Yl-Os Park)", "kind": "Provincial" }, "geometry": { "type": "Polygon", "coordinates": [ [ [ -124.084283456295225, 51.000000046024134 ], [ -124.082320508896814, 51.00135674434334 ], [ -124.081792213655618, 51.002532384912818 ], [ -124.083634573678594, 51.004542062063805 ], [ -124.087201114980203, 51.006262177983018 ], [ -124.08545087924449, 51.008825881554515 ], [ -124.088643885308429, 51.012159698380671 ], [ -124.093694711061616, 51.010886937185973 ], [ -124.099417646215883, 51.011828392256191 ], [ -124.100570156151065, 51.012332269298689 ], [ -124.100210244707071, 51.015618447341581 ], [ -124.114280314150605, 51.016790344436593 ], [ -124.120774454000156, 51.018627071134119 ], [ -124.125223968317201, 51.02129551937702 ], [ -124.13470793105013, 51.020983522837355 ], [ -124.130398942777887, 51.063158730481106 ], [ -124.164935923766265, 51.07515436116681 ], [ -124.163276637697763, 51.072190981669138 ], [ -124.165370670525377, 51.070071161187919 ], [ -124.170163131675295, 51.068217183506164 ], [ -124.16969758825833, 51.065835883473959 ], [ -124.173319712699353, 51.063872283267358 ], [ -124.173622712227981, 51.06227088103801 ], [ -124.175128723281148, 51.06054332742859 ], [ -124.17314977298966, 51.058046060668282 ], [ -124.181877618809338, 51.059278586648382 ], [ -124.184593957797972, 51.058623997476275 ], [ -124.184983046519164, 51.057217266324919 ], [ -124.188130719709321, 51.055410608707966 ], [ -124.199676658520076, 51.053060179221283 ], [ -124.203935292500518, 51.05378618221787 ], [ -124.208303647493906, 51.051303030542421 ], [ -124.211194877074391, 51.050474944460618 ], [ -124.226748856016272, 51.051785867943977 ], [ -124.231719937350206, 51.060213998883881 ], [ -124.225359927240746, 51.074557864908073 ], [ -124.220519488377448, 51.073512682318601 ], [ -124.212317979768073, 51.073624731244607 ], [ -124.209133236328185, 51.074090580509818 ], [ -124.206198853471946, 51.076009699755275 ], [ -124.199712372419455, 51.077735689292268 ], [ -124.197953692054682, 51.078891309205694 ], [ -124.197110040438801, 51.081678884264491 ], [ -124.195522418480635, 51.083562028533699 ], [ -124.196830566654697, 51.087920296968107 ], [ -124.195564897000082, 51.089537786708576 ], [ -124.179632259884912, 51.092500847695497 ], [ -124.178688707760074, 51.094450146801684 ], [ -124.172836169120828, 51.099099194759525 ], [ -124.172793732581468, 51.100859941818037 ], [ -124.177462273952827, 51.107905538856265 ], [ -124.177384701830348, 51.110239003311506 ], [ -124.175277975883162, 51.112966255406434 ], [ -124.176877838098164, 51.114786451405671 ], [ -124.17733234713009, 51.116921450841033 ], [ -124.176561416138071, 51.119200523778289 ], [ -124.175320389846902, 51.120597685475602 ], [ -124.175192545476861, 51.122187398862629 ], [ -124.173890008306685, 51.123935114962748 ], [ -124.172665710993371, 51.124306226957714 ], [ -124.170800958894489, 51.126128136949589 ], [ -124.169650179953649, 51.128298823890162 ], [ -124.171648308033099, 51.130336175798789 ], [ -124.174686328409976, 51.131155907622762 ], [ -124.176620590938413, 51.130947328567665 ], [ -124.179391784150454, 51.130034042435518 ], [ -124.183352150890897, 51.126632159860108 ], [ -124.188726560144545, 51.127754630642386 ], [ -124.189911140120117, 51.12823792387799 ], [ -124.191053859278881, 51.130425731957075 ], [ -124.191031062525525, 51.133236254261604 ], [ -124.196070767543603, 51.137221563864827 ], [ -124.196488539917766, 51.139881474464673 ], [ -124.203485137187826, 51.140900347597125 ], [ -124.209326396536937, 51.138140118026215 ], [ -124.214703960702451, 51.137168748707843 ], [ -124.217254427290342, 51.139712119289335 ], [ -124.222470006097282, 51.141106317502853 ], [ -124.224770673600048, 51.142443816740908 ], [ -124.228050533030242, 51.145379088875764 ], [ -124.229893507203784, 51.148768193219247 ], [ -124.2336199548308, 51.150071106477448 ], [ -124.240398101052108, 51.150494330816827 ], [ -124.250516546596799, 51.148652881455511 ], [ -124.250479643565711, 51.146729971440529 ], [ -124.248671210113287, 51.145613433883973 ], [ -124.246649755267782, 51.1426701634743 ], [ -124.248553126049202, 51.141255460017668 ], [ -124.253813808561603, 51.142288383891966 ], [ -124.256213750809039, 51.143946466209712 ], [ -124.267715095530221, 51.142964518440024 ], [ -124.270727107221191, 51.143924048958148 ], [ -124.277524894462132, 51.144513563283013 ], [ -124.283498997265355, 51.144721001830419 ], [ -124.290709609138617, 51.143957789197458 ], [ -124.292129892457254, 51.142094030031835 ], [ -124.295520720608394, 51.140586685039374 ], [ -124.296104671292568, 51.139218085764369 ], [ -124.299223049620764, 51.137369720911259 ], [ -124.301666292991371, 51.13338313336461 ], [ -124.305467208959811, 51.131269838674655 ], [ -124.310931635543213, 51.132323420597316 ], [ -124.312996584902706, 51.135250789868877 ], [ -124.314977640468896, 51.136230891759311 ], [ -124.315265339929141, 51.139046926911348 ], [ -124.320959305215681, 51.140676250020583 ], [ -124.324074977173879, 51.140418250803535 ], [ -124.327107254482428, 51.141738658818589 ], [ -124.329797661205802, 51.144064135199606 ], [ -124.331413414988745, 51.147127339605532 ], [ -124.33024541455292, 51.148777268377358 ], [ -124.33844622938976, 51.149767300068447 ], [ -124.347079591537877, 51.148633898371294 ], [ -124.350375488900823, 51.149076385306124 ], [ -124.354567595333805, 51.148019555604641 ], [ -124.357402779787307, 51.148010847672516 ], [ -124.362990790298142, 51.145537058763701 ], [ -124.373784728430806, 51.144829862668331 ], [ -124.378149112713416, 51.145998793743999 ], [ -124.378969159278739, 51.14790085019348 ], [ -124.381485821959927, 51.150082533990997 ], [ -124.381996289567425, 51.151482644031326 ], [ -124.381802680801215, 51.152550988198797 ], [ -124.379897257649361, 51.154769970600711 ], [ -124.376654945685416, 51.155865309922213 ], [ -124.375708967253956, 51.156768864697568 ], [ -124.376344352113094, 51.157930344559361 ], [ -124.379069459784176, 51.159484704681397 ], [ -124.37913880328297, 51.161236048291308 ], [ -124.373909504246825, 51.163932121906093 ], [ -124.373031702005107, 51.165425668083984 ], [ -124.372981657407323, 51.167406058114445 ], [ -124.374182765355215, 51.168268309430125 ], [ -124.37474676486039, 51.170031328562175 ], [ -124.376926072637005, 51.170848324468047 ], [ -124.377454396166257, 51.171674016633908 ], [ -124.375761701931324, 51.17383195559114 ], [ -124.376440544135576, 51.175197586531745 ], [ -124.37595380640488, 51.177683436650113 ], [ -124.376621431041002, 51.181043422024842 ], [ -124.373115808302046, 51.185302525349648 ], [ -124.373553823639341, 51.188108221125283 ], [ -124.369595693242829, 51.192445788319169 ], [ -124.369470910054361, 51.195121478771448 ], [ -124.364418979169628, 51.1990811614329 ], [ -124.363681968118783, 51.202318390139844 ], [ -124.363630964184921, 51.205579257006676 ], [ -124.368243312093611, 51.20673781673166 ], [ -124.374600140796005, 51.211464477190297 ], [ -124.370729005771921, 51.213958925780361 ], [ -124.369168990300395, 51.216001793334343 ], [ -124.363269438615433, 51.218693596353731 ], [ -124.365270690076017, 51.221602175567838 ], [ -124.365638850831076, 51.224435744752753 ], [ -124.364755006971421, 51.225333464785628 ], [ -124.364933673854537, 51.226535716768161 ], [ -124.363182620937849, 51.228990640527059 ], [ -124.362477666863995, 51.231440401041681 ], [ -124.361635587981894, 51.232850981720809 ], [ -124.357446130692608, 51.235837862514877 ], [ -124.354577261750393, 51.236926652194136 ], [ -124.351209904084527, 51.241005419135575 ], [ -124.355865892769316, 51.243714014620032 ], [ -124.360973892433094, 51.245466091569419 ], [ -124.362321475787283, 51.246942863343087 ], [ -124.362123128600402, 51.24844651989843 ], [ -124.365996626725106, 51.252113135164883 ], [ -124.368393471986096, 51.253037445481326 ], [ -124.369718146003748, 51.254415555099527 ], [ -124.37001121091771, 51.256007161394784 ], [ -124.362823542312199, 51.259405536008629 ], [ -124.355974228049575, 51.259200833202797 ], [ -124.353376376487901, 51.262880357847969 ], [ -124.351932265158823, 51.263280893891945 ], [ -124.352122849130154, 51.265586506654969 ], [ -124.351310760878718, 51.267117194364936 ], [ -124.351661527166868, 51.269606433087539 ], [ -124.350968297019719, 51.270380163135705 ], [ -124.347119214562596, 51.27222921248574 ], [ -124.343173196295439, 51.276148135316284 ], [ -124.341285022770251, 51.276467282111454 ], [ -124.337908069655569, 51.275595568865135 ], [ -124.333196012058551, 51.277903595906707 ], [ -124.330003521698686, 51.278692135773639 ], [ -124.32713401444714, 51.281063539041831 ], [ -124.326512969783437, 51.284416927013901 ], [ -124.323352591617137, 51.28402385498152 ], [ -124.32013495291784, 51.286276521734464 ], [ -124.316759717926843, 51.287223004327302 ], [ -124.312864662364916, 51.28667189377034 ], [ -124.309094575603226, 51.287354667910378 ], [ -124.299193722903539, 51.286759254245574 ], [ -124.296079314649987, 51.287629212144417 ], [ -124.29461429476936, 51.289549092044659 ], [ -124.292325203628792, 51.291069372759644 ], [ -124.293955771420428, 51.292947817856067 ], [ -124.295174877538983, 51.296770894567487 ], [ -124.294572687264903, 51.299016989102626 ], [ -124.297066235025156, 51.3004135086831 ], [ -124.297540182835093, 51.302707299747297 ], [ -124.299647375261614, 51.304787345923224 ], [ -124.300020517485081, 51.310524061347948 ], [ -124.306985489881541, 51.314782578050007 ], [ -124.308121430195214, 51.31660739190032 ], [ -124.308300427294952, 51.318258748206752 ], [ -124.301058740550957, 51.321162925448249 ], [ -124.299357077082661, 51.322974803196708 ], [ -124.30152322817861, 51.326276819709115 ], [ -124.304151639360242, 51.326698564852762 ], [ -124.307929993687878, 51.328582061194744 ], [ -124.307106115827793, 51.332156164493 ], [ -124.30418045575523, 51.335653414928885 ], [ -124.30367884010677, 51.337624042551262 ], [ -124.304222756080037, 51.339071152972387 ], [ -124.301121065040192, 51.344764388258859 ], [ -124.304802602474695, 51.346914045381418 ], [ -124.305837325247822, 51.349484283287666 ], [ -124.303010979197595, 51.352884880016695 ], [ -124.299552298530003, 51.35952744433451 ], [ -124.298763938584159, 51.363232167570388 ], [ -124.295214581324899, 51.366813132485824 ], [ -124.297475106487937, 51.368867240321094 ], [ -124.29973010567123, 51.369500209936177 ], [ -124.304253438103729, 51.372581101290493 ], [ -124.305302564111926, 51.373858853819016 ], [ -124.305405593323698, 51.375107942591193 ], [ -124.302513293523987, 51.377944299745337 ], [ -124.298630159274751, 51.379442103138857 ], [ -124.294495429080527, 51.379962295758595 ], [ -124.291423091980917, 51.381968953471436 ], [ -124.290554601896972, 51.38586220928881 ], [ -124.292680255740734, 51.390121403901048 ], [ -124.291232082887205, 51.393595467046566 ], [ -124.291066053775594, 51.396457345369001 ], [ -124.292494640542969, 51.397767535490452 ], [ -124.295038825650067, 51.398555241346273 ], [ -124.297182852358077, 51.400618180087577 ], [ -124.295319205157654, 51.401568848109648 ], [ -124.275656358307955, 51.463440704351072 ], [ -124.274995994831713, 51.464023398417872 ], [ -124.275667174103944, 51.46744214498657 ], [ -124.274946312267843, 51.469242374498826 ], [ -124.275161793918969, 51.470383730532831 ], [ -124.270726291599289, 51.470369597853299 ], [ -124.265258727809339, 51.472149987202336 ], [ -124.265406808280531, 51.474900012793711 ], [ -124.262916724485507, 51.478065146252817 ], [ -124.262745961218229, 51.479585414787763 ], [ -124.258908309801384, 51.48214126603596 ], [ -124.261278134397671, 51.484440317491881 ], [ -124.259218102077583, 51.489650973327201 ], [ -124.259807205067062, 51.490642775183396 ], [ -124.261832662888807, 51.491484249502605 ], [ -124.260950873539215, 51.493265374631882 ], [ -124.262507177735699, 51.495300481369405 ], [ -124.258453262676767, 51.497198593134414 ], [ -124.255602652546841, 51.501115661022503 ], [ -124.252876582631487, 51.503182687225561 ], [ -124.251603672423926, 51.506126074029325 ], [ -124.253088160478583, 51.5116114309332 ], [ -124.25834072193814, 51.51881146703662 ], [ -124.271656576012845, 51.524743583466268 ], [ -124.27467749576418, 51.527746130274501 ], [ -124.277080641532933, 51.534205316265414 ], [ -124.273119209423385, 51.540174325506705 ], [ -124.270706220487682, 51.541341041733546 ], [ -124.269782324005959, 51.544939718649793 ], [ -124.273182567554301, 51.54662925712411 ], [ -124.273868070970778, 51.548335657438656 ], [ -124.267636515870748, 51.55230989698461 ], [ -124.266067422258487, 51.554013105793565 ], [ -124.263316996130229, 51.560060435026124 ], [ -124.263682230371813, 51.566160375368554 ], [ -124.263041841111061, 51.567898775685087 ], [ -124.252550521906286, 51.568810257273334 ], [ -124.243408738500705, 51.567747833814543 ], [ -124.23961577461975, 51.568955959154096 ], [ -124.236358743614716, 51.571698791372327 ], [ -124.234202733143988, 51.575794207352949 ], [ -124.231798096042894, 51.578660524538613 ], [ -124.230803452980524, 51.587518772930856 ], [ -124.222411442014362, 51.590899821205255 ], [ -124.220682256409333, 51.592944760765178 ], [ -124.215613120366939, 51.596134593394041 ], [ -124.207568496975853, 51.59752485461339 ], [ -124.202498410175764, 51.597223120314609 ], [ -124.199712379737861, 51.598188242892164 ], [ -124.198265815644845, 51.599298004018991 ], [ -124.197787116170304, 51.602295927188408 ], [ -124.195882608313809, 51.603596461391646 ], [ -124.192240333790195, 51.604034582109989 ], [ -124.186663018554839, 51.602761850575462 ], [ -124.184101406059654, 51.60294146030369 ], [ -124.18743951169759, 51.604240942765124 ], [ -124.185203863263254, 51.606984252501796 ], [ -124.186419468299448, 51.608803197775934 ], [ -124.188911307645768, 51.609651851868577 ], [ -124.189310743432117, 51.612456581301451 ], [ -124.184702644820035, 51.616040968995485 ], [ -124.178305539162594, 51.622679298248912 ], [ -124.158857873563392, 51.631128312283352 ], [ -124.151635297237078, 51.631199373961643 ], [ -124.15129786106958, 51.617870086654904 ], [ -124.150632983553578, 51.615684269421685 ], [ -124.148355432181177, 51.615292939224233 ], [ -124.147407001834793, 51.614340074559891 ], [ -124.14017630397683, 51.614336966917691 ], [ -124.137798302096527, 51.615341778495882 ], [ -124.138252237311875, 51.6155891483346 ], [ -124.138116062972514, 51.6170741460908 ], [ -124.136655381542894, 51.618158340761468 ], [ -124.136767412248673, 51.619173343640249 ], [ -124.13514384110178, 51.61952176059868 ], [ -124.136608874258997, 51.62034383745911 ], [ -124.137068642139383, 51.623711361219293 ], [ -124.136601642163129, 51.626413464286891 ], [ -124.134843288890522, 51.628318778361461 ], [ -124.124031536623917, 51.630463952089734 ], [ -124.120958532644352, 51.630061717513776 ], [ -124.120418618510826, 51.631604495569412 ], [ -124.1136579400508, 51.633431227415336 ], [ -124.10821129671335, 51.632277833065622 ], [ -124.107806805794283, 51.631688192711493 ], [ -124.103398179141394, 51.63229783586312 ], [ -124.090295371257639, 51.6196831013416 ], [ -124.091608662111469, 51.616371256162779 ], [ -124.093085488714721, 51.614807729707223 ], [ -124.099951138983727, 51.611550652403871 ], [ -124.103496660134837, 51.609378045209084 ], [ -124.105988671244361, 51.606864133751969 ], [ -124.110617635692492, 51.604753878803564 ], [ -124.112266671330886, 51.601454759794208 ], [ -124.118359856310576, 51.598000773641033 ], [ -124.120738769350794, 51.59737528453028 ], [ -124.123625332992773, 51.594779102326221 ], [ -124.123422073547033, 51.591938195519425 ], [ -124.127974796610999, 51.587229167821242 ], [ -124.128928895647931, 51.58519886871693 ], [ -124.133530005968638, 51.582510989261458 ], [ -124.13929721371484, 51.576232804044764 ], [ -124.139195575091293, 51.572474063387176 ], [ -124.143366582096917, 51.570634059871978 ], [ -124.146093927527232, 51.568347372412688 ], [ -124.152066745596755, 51.566209136032143 ], [ -124.154077517041756, 51.56324507214093 ], [ -124.154373673313245, 51.561300345448686 ], [ -124.160690219128156, 51.553108846434064 ], [ -124.16477477697596, 51.550338018804652 ], [ -124.167993821683794, 51.549663699644469 ], [ -124.171123204710625, 51.547816433493992 ], [ -124.174068942652639, 51.539277384848013 ], [ -124.183250288117051, 51.531575624049644 ], [ -124.178231474841482, 51.524383175007031 ], [ -124.153442469746338, 51.502285583437207 ], [ -124.153491395888494, 51.500600447493646 ], [ -124.154422537098881, 51.500089015499334 ], [ -124.155742257371699, 51.497546060627883 ], [ -124.15376205930032, 51.494921641026778 ], [ -124.145396495760991, 51.493852608773409 ], [ -124.13225241381862, 51.495691481654575 ], [ -124.131535812078056, 51.49648738581714 ], [ -124.127870857419268, 51.495253866651161 ], [ -124.12110206611834, 51.490884149911686 ], [ -124.114863385272969, 51.489695834748062 ], [ -124.10811249307595, 51.490359465433862 ], [ -124.108355985076358, 51.488299473954406 ], [ -124.105595521007885, 51.485406491876581 ], [ -124.103319643887332, 51.484718914233973 ], [ -124.099399771763785, 51.479373929398193 ], [ -124.097074571163063, 51.477802220723497 ], [ -124.093110868316316, 51.476849609912946 ], [ -124.092294174085751, 51.474429458858381 ], [ -124.092902826966977, 51.473834982498353 ], [ -124.096975232324624, 51.471893057492281 ], [ -124.099803026839652, 51.471937055667283 ], [ -124.102019422742259, 51.4707404142884 ], [ -124.104150095184607, 51.470505803503031 ], [ -124.11356711705227, 51.460316353779405 ], [ -124.117569595226499, 51.459622849583077 ], [ -124.120198442962803, 51.457052967317807 ], [ -124.121579520958676, 51.454674816448957 ], [ -124.121117670591303, 51.449922369567574 ], [ -124.122585759216705, 51.446994848629132 ], [ -124.12233861024616, 51.443957869468143 ], [ -124.124729909705295, 51.43762241980955 ], [ -124.134395627574548, 51.43054233056052 ], [ -124.134783425637778, 51.428190673385934 ], [ -124.142272551475955, 51.428191579655589 ], [ -124.139771394095817, 51.425742285009228 ], [ -124.136441369624791, 51.42486638716246 ], [ -124.135202398679681, 51.421883982243038 ], [ -124.133247869287345, 51.419618863171848 ], [ -124.125712318978756, 51.416715062206613 ], [ -124.121148936572439, 51.413000044791183 ], [ -124.120476241838375, 51.410776405142705 ], [ -124.121421217250628, 51.408997743899853 ], [ -124.112044113438515, 51.408974360634311 ], [ -124.112044139047171, 51.393862403518021 ], [ -124.107537592009407, 51.391207787270147 ], [ -124.106984673173429, 51.389809787450126 ], [ -124.107658202756284, 51.388436818995316 ], [ -124.106277278104798, 51.38559148991969 ], [ -124.098929378339548, 51.384419580117495 ], [ -124.096447279433491, 51.383195687422308 ], [ -124.094821073591561, 51.381287702118527 ], [ -124.094506323155017, 51.380229048972218 ], [ -124.09583674033307, 51.378899735306057 ], [ -124.093118846052462, 51.37752454926791 ], [ -124.091327332504719, 51.375479524685147 ], [ -124.090627299392949, 51.37140022281924 ], [ -124.087192078118832, 51.366598257901572 ], [ -124.086534839497844, 51.363578660658312 ], [ -124.082892796786837, 51.362178686536105 ], [ -124.080733361392404, 51.360074611777137 ], [ -124.079804874119105, 51.3580154022751 ], [ -124.079784926981603, 51.353157313026898 ], [ -124.078231619024223, 51.349509326215305 ], [ -124.049359193790622, 51.354784461792185 ], [ -124.047621512814644, 51.357460884529985 ], [ -124.053760107358372, 51.357091091153052 ], [ -124.055285179952449, 51.357832716310426 ], [ -124.059583422609691, 51.35550988297674 ], [ -124.060880154729674, 51.358177852554171 ], [ -124.065647148820759, 51.358737063883574 ], [ -124.06104797877147, 51.361089821348415 ], [ -124.060166262814207, 51.362716416408368 ], [ -124.055252519864965, 51.362661869664123 ], [ -124.054366354031103, 51.36347914658964 ], [ -124.05460438518314, 51.365086622806146 ], [ -124.051296449132522, 51.364909525003839 ], [ -124.051105171126778, 51.364083955331566 ], [ -124.048403561660024, 51.364665683620629 ], [ -124.050091421272199, 51.367492114996658 ], [ -124.047153248045973, 51.367158732720867 ], [ -124.045698521887729, 51.367621342288082 ], [ -124.046338824419664, 51.369872668503781 ], [ -124.047400476341593, 51.370438701728645 ], [ -124.046549124015058, 51.370904914076895 ], [ -124.047491781105904, 51.372551058782598 ], [ -124.046416688689092, 51.37391849041321 ], [ -124.045198191171835, 51.373407825317528 ], [ -124.035640803530484, 51.373906329887902 ], [ -124.035757575745137, 51.374624684480132 ], [ -124.038273692477148, 51.37660769050445 ], [ -124.037827818265882, 51.37722310106696 ], [ -124.033237110645359, 51.379457774997583 ], [ -124.032788509683755, 51.380594758610563 ], [ -124.030652307884694, 51.380811402287215 ], [ -124.030852800954989, 51.381421108229702 ], [ -124.027890516924302, 51.381968669807513 ], [ -124.027817202445931, 51.38254482323044 ], [ -124.02443342494719, 51.383527624851148 ], [ -124.019614440715188, 51.383308895563815 ], [ -124.015254948705532, 51.385019297329784 ], [ -124.015464627329393, 51.382805391079799 ], [ -124.014615862036223, 51.381463908989396 ], [ -124.015462360224575, 51.380755181407942 ], [ -124.015869721281732, 51.379034133253995 ], [ -124.014347522440033, 51.376475552781343 ], [ -124.015424455825467, 51.374496921480336 ], [ -124.015285524832166, 51.372762630316437 ], [ -124.016451308782308, 51.370909104686909 ], [ -124.01512865214184, 51.370866626048205 ], [ -124.015123580345787, 51.369337982916008 ], [ -124.013407925722717, 51.369712520758945 ], [ -124.013070393081932, 51.368087850566937 ], [ -124.010996276336201, 51.368492436058908 ], [ -124.004532696684038, 51.372477641361641 ], [ -124.002765419717278, 51.374444086896183 ], [ -124.001796104765887, 51.377428803795773 ], [ -124.002338122032398, 51.380535479631902 ], [ -124.001351860864773, 51.381434131423262 ], [ -124.001910971064447, 51.382031833571062 ], [ -124.000930405310712, 51.38253479025505 ], [ -124.001462356315486, 51.38320465787578 ], [ -124.000211073975066, 51.384474251624397 ], [ -124.000148383336551, 51.385553852049156 ], [ -123.99667285201528, 51.386986265361998 ], [ -123.997409506035723, 51.388481630596822 ], [ -123.991490916840519, 51.392587388566909 ], [ -123.989768643455491, 51.389382735841714 ], [ -123.989163734814056, 51.384657951253665 ], [ -123.985658543607897, 51.384040056461586 ], [ -123.983295934808297, 51.378412787216661 ], [ -123.983421784389179, 51.376910043250831 ], [ -123.985663438319463, 51.373573077500907 ], [ -123.984398139080824, 51.37151544607034 ], [ -123.982752767703801, 51.370486236294724 ], [ -123.978528687760218, 51.369793204728488 ], [ -123.977939580343687, 51.369123718568744 ], [ -123.976455532224989, 51.36959469066533 ], [ -123.97629649146792, 51.372248716146849 ], [ -123.975166612850032, 51.374515115324854 ], [ -123.97414383868491, 51.373705384377921 ], [ -123.974590196089324, 51.375104463261771 ], [ -123.973646913930168, 51.376020446298291 ], [ -123.970516249826957, 51.37473367419247 ], [ -123.964357003296044, 51.374955325903784 ], [ -123.964000302722056, 51.375758570828417 ], [ -123.966250476668719, 51.376855012706123 ], [ -123.969744804730368, 51.381070520808727 ], [ -123.971329595515854, 51.386695490536681 ], [ -123.971096275635674, 51.387884347558348 ], [ -123.96415637819355, 51.380442221388563 ], [ -123.961154283428414, 51.378443624871309 ], [ -123.960508228292099, 51.377100119519582 ], [ -123.956808225648501, 51.376060311373649 ], [ -123.957151585766127, 51.37667796907354 ], [ -123.9556369586617, 51.378461794277577 ], [ -123.955721452163019, 51.383208983036354 ], [ -123.954706541746503, 51.386229639367009 ], [ -123.955815480843114, 51.387722279891086 ], [ -123.953094472179771, 51.388877463166914 ], [ -123.954539144050557, 51.389926775750276 ], [ -123.955041059713224, 51.391253538610457 ], [ -123.956395423833385, 51.391529746493688 ], [ -123.957050063439226, 51.3924780634242 ], [ -123.956403076235048, 51.393157761461111 ], [ -123.959028960777985, 51.395006675704842 ], [ -123.958922904929594, 51.396122564653346 ], [ -123.959679578823469, 51.39724939109626 ], [ -123.958112745993816, 51.397927626892439 ], [ -123.959498616558662, 51.398905420939016 ], [ -123.961705663930047, 51.404066816589115 ], [ -123.959420303949216, 51.406837118530369 ], [ -123.956132456212913, 51.407745241913396 ], [ -123.951301448524575, 51.411210555508319 ], [ -123.947588624557923, 51.41245458010691 ], [ -123.945485294726311, 51.412264792988736 ], [ -123.941173198125412, 51.409547897103096 ], [ -123.936763492844676, 51.410473326112985 ], [ -123.93209678730112, 51.406554161177631 ], [ -123.928323215360862, 51.407636121560877 ], [ -123.926591887272167, 51.402371421796033 ], [ -123.926464417592115, 51.399620835743441 ], [ -123.9259244312655, 51.399211523775797 ], [ -123.925649890792656, 51.395589804953893 ], [ -123.926646782562756, 51.391571416129857 ], [ -123.925690953367152, 51.389789507804771 ], [ -123.922704048822894, 51.389192689416674 ], [ -123.921922173678709, 51.391060159998752 ], [ -123.919157221825785, 51.392943265543707 ], [ -123.917247169641428, 51.395179282735903 ], [ -123.91240902641006, 51.404146243219962 ], [ -123.909622357929436, 51.406442909888106 ], [ -123.907583013067992, 51.409462090667752 ], [ -123.906543657274113, 51.409245383907546 ], [ -123.906492226921102, 51.405199287611914 ], [ -123.905474422288364, 51.403165929758188 ], [ -123.905197550721581, 51.396423970085827 ], [ -123.902852481972289, 51.391208641376345 ], [ -123.900524833988442, 51.389050449824914 ], [ -123.899593516028659, 51.386998399537148 ], [ -123.899175790540127, 51.382550493566107 ], [ -123.898276137552685, 51.381361495806672 ], [ -123.898886627897085, 51.380259716626476 ], [ -123.898144500345822, 51.379051461519275 ], [ -123.898814121845291, 51.378758586035495 ], [ -123.898360584345895, 51.37760210225953 ], [ -123.896212479510737, 51.377231923414818 ], [ -123.892446324910694, 51.378636434629847 ], [ -123.891792895206805, 51.378272703777867 ], [ -123.888674901829134, 51.379015764283452 ], [ -123.889492320458771, 51.381167671242011 ], [ -123.887297509102581, 51.382847866364983 ], [ -123.887239239539682, 51.38577974360296 ], [ -123.890416350263749, 51.392499749619894 ], [ -123.891358486493729, 51.395864622442282 ], [ -123.891599029961711, 51.397886030046621 ], [ -123.891126950949158, 51.398743877087192 ], [ -123.891966917119802, 51.399061165104854 ], [ -123.891358419981557, 51.400297750514582 ], [ -123.892204522490502, 51.404625508646077 ], [ -123.891195035544825, 51.405936980765063 ], [ -123.892050170993741, 51.40703658046823 ], [ -123.889654936359079, 51.408808250022922 ], [ -123.890901935074766, 51.409356221352397 ], [ -123.891329389830446, 51.411376252378687 ], [ -123.88897002315548, 51.414280639282794 ], [ -123.890286571746117, 51.415430630296683 ], [ -123.889996375853698, 51.416772645883469 ], [ -123.892094367226505, 51.41743104570471 ], [ -123.892136173657747, 51.418105197577617 ], [ -123.890113831338994, 51.419856027540824 ], [ -123.886290411599674, 51.421449653085965 ], [ -123.878214775633026, 51.420323478370186 ], [ -123.875490342337102, 51.420748504052852 ], [ -123.871164206089915, 51.420142317559907 ], [ -123.868732696919309, 51.419333120035752 ], [ -123.868525614797832, 51.418282518576248 ], [ -123.866849581006946, 51.417099078439918 ], [ -123.86382851448974, 51.417804641920988 ], [ -123.859800593342499, 51.420037376303952 ], [ -123.859250003109551, 51.419061317736485 ], [ -123.85769755650675, 51.419872926074717 ], [ -123.853199594985455, 51.420049638343919 ], [ -123.848498452656131, 51.419364405519268 ], [ -123.838469923108192, 51.415974690421393 ], [ -123.827361113918826, 51.409219582881811 ], [ -123.825522220184368, 51.404502775849267 ], [ -123.826235844139617, 51.402627287938948 ], [ -123.824821660427077, 51.401531192663711 ], [ -123.821200251571767, 51.400792387376953 ], [ -123.814738539421612, 51.401206163906096 ], [ -123.809325737585041, 51.399157564268521 ], [ -123.805548657989959, 51.398554063757075 ], [ -123.805711036551799, 51.39715918175483 ], [ -123.80904381493751, 51.395409728219896 ], [ -123.810247001539025, 51.393540121330943 ], [ -123.808033640417648, 51.393537362589242 ], [ -123.802881720428303, 51.396468175550353 ], [ -123.801576820195208, 51.39583871538531 ], [ -123.801840681744238, 51.394488086179329 ], [ -123.80012182943365, 51.39235973454722 ], [ -123.800559191043405, 51.391889150221253 ], [ -123.801714219848989, 51.39218698316553 ], [ -123.803037417511732, 51.390595310653417 ], [ -123.800736158838774, 51.390485207003579 ], [ -123.799784158917831, 51.391693630954016 ], [ -123.798785413807735, 51.391550563848348 ], [ -123.798709623440445, 51.390499256778057 ], [ -123.79970663649712, 51.389979655618056 ], [ -123.799248035442432, 51.390054713132486 ], [ -123.798331522836747, 51.387767985120057 ], [ -123.797328278584359, 51.387100406906072 ], [ -123.79768873408581, 51.384688076240494 ], [ -123.796705249892682, 51.384326087939947 ], [ -123.795610954089469, 51.38171682009321 ], [ -123.796438856559419, 51.380569175813861 ], [ -123.794384312054078, 51.379755883975974 ], [ -123.793065369896667, 51.377435838401446 ], [ -123.791690582729757, 51.377696861322235 ], [ -123.788917013070829, 51.37682547384631 ], [ -123.786544075057435, 51.375033956525201 ], [ -123.781972219769401, 51.373167284302511 ], [ -123.78047254966684, 51.373680794185816 ], [ -123.779797699497863, 51.377102271907873 ], [ -123.778539370015409, 51.378306624984042 ], [ -123.77662816252402, 51.379146554016494 ], [ -123.769627814214942, 51.378985907974005 ], [ -123.775435186100736, 51.382526476443843 ], [ -123.776737288703586, 51.385593145309677 ], [ -123.779240394096846, 51.38912840638168 ], [ -123.782210552188886, 51.390529358154716 ], [ -123.783098888324389, 51.39205209011925 ], [ -123.78270442459791, 51.394203816639717 ], [ -123.777499719947343, 51.398356879933701 ], [ -123.774795338247856, 51.398230924404245 ], [ -123.769778082360361, 51.39649250916527 ], [ -123.768577644292421, 51.395196567582026 ], [ -123.764466104037894, 51.393434018332059 ], [ -123.760729960103475, 51.395238731668655 ], [ -123.758566658114333, 51.394803163809655 ], [ -123.757103879480624, 51.392393763407924 ], [ -123.755545842938233, 51.391171895332612 ], [ -123.753639271926986, 51.384476130848704 ], [ -123.7502409322435, 51.384039312203711 ], [ -123.748354178622407, 51.38201940601737 ], [ -123.74705941649303, 51.383708938352882 ], [ -123.747169905692317, 51.386082134394904 ], [ -123.74599576372492, 51.38811283589316 ], [ -123.746357173142712, 51.389126640820038 ], [ -123.745201644578046, 51.389655539229075 ], [ -123.745453837040387, 51.390139495583512 ], [ -123.744635662169017, 51.391088866660674 ], [ -123.740848611048662, 51.392416686500432 ], [ -123.740618700592449, 51.394216586356592 ], [ -123.739172061745293, 51.395412613136628 ], [ -123.732721590423878, 51.396523239456805 ], [ -123.727353160680636, 51.395189951930632 ], [ -123.723881282759038, 51.396533211567146 ], [ -123.723007190441862, 51.39761770255766 ], [ -123.709650970004887, 51.399317868497832 ], [ -123.708965581916416, 51.397775373938025 ], [ -123.707045560499722, 51.396312266466161 ], [ -123.703440323478119, 51.391801981845873 ], [ -123.702458902726718, 51.389658760988915 ], [ -123.700763264488998, 51.389659982145254 ], [ -123.699184117419591, 51.388842181091867 ], [ -123.695237603893887, 51.392075733020725 ], [ -123.689355861595942, 51.380039637330519 ], [ -123.693533331127668, 51.372857793997341 ], [ -123.691203986489782, 51.365355236851741 ], [ -123.691205263337324, 51.351867699739756 ], [ -123.708484989962116, 51.337504899503472 ], [ -123.731994951457494, 51.32718513868258 ], [ -123.734115460207562, 51.324332209143336 ], [ -123.730367484746338, 51.311050697859564 ], [ -123.718537632098588, 51.29174499651144 ], [ -123.715944948017324, 51.280169299161763 ], [ -123.714951068052827, 51.244207435716881 ], [ -123.722973059949851, 51.230100445065347 ], [ -123.751497876290571, 51.208743657877015 ], [ -123.751492543778113, 51.189099853341247 ], [ -123.752694173664551, 51.187721324810241 ], [ -123.752222045436383, 51.186155028510463 ], [ -123.762704399294762, 51.182603463658289 ], [ -123.761812850089669, 51.180596239044043 ], [ -123.764460035500164, 51.178480594036465 ], [ -123.762217967883444, 51.175271627359258 ], [ -123.762052791598904, 51.172496733211659 ], [ -123.759543130069915, 51.170675432332672 ], [ -123.75970947339944, 51.168188433097718 ], [ -123.758975250818466, 51.1667405071573 ], [ -123.711613615906231, 51.145245268777188 ], [ -123.70050183346892, 51.119078670762221 ], [ -123.700794693295549, 51.117028332371184 ], [ -123.699969588026903, 51.115358937018087 ], [ -123.700451460369536, 51.114652518943984 ], [ -123.69860307469267, 51.112116970962461 ], [ -123.699186619801765, 51.109222569640217 ], [ -123.702811967913846, 51.106975070179786 ], [ -123.702775159349983, 51.104517613228822 ], [ -123.701319740093226, 51.102590090090267 ], [ -123.703341205102333, 51.10141881025995 ], [ -123.704251834056024, 51.099470565731281 ], [ -123.699906422660632, 51.092802331052503 ], [ -123.700117444715431, 51.090680584513827 ], [ -123.701532893573571, 51.08969950999623 ], [ -123.699685981495577, 51.085224713986975 ], [ -123.701644996257073, 51.083797720605162 ], [ -123.701337795549222, 51.082848884122868 ], [ -123.691031563019422, 51.07888092426434 ], [ -123.686477841017151, 51.0793085342696 ], [ -123.678593279409384, 51.081416371602103 ], [ -123.65191103983328, 51.077220638227942 ], [ -123.623703309716589, 51.06571750763748 ], [ -123.586017436663212, 51.060454118681193 ], [ -123.578559792242359, 51.060895896275262 ], [ -123.573116009883364, 51.060338257269336 ], [ -123.570620834126501, 51.05934328427103 ], [ -123.568832584401918, 51.060025714759647 ], [ -123.563595152893498, 51.06030672977208 ], [ -123.539525846383256, 51.048871596817229 ], [ -123.541857459355768, 51.047142061449428 ], [ -123.541110243511525, 51.046712712982377 ], [ -123.543276319238274, 51.046304535194601 ], [ -123.54302659728593, 51.045043255884806 ], [ -123.543679897079059, 51.044903269048689 ], [ -123.54326318213657, 51.044193298500964 ], [ -123.543949754291589, 51.043922227005616 ], [ -123.543009581406281, 51.042366480212621 ], [ -123.544288186768412, 51.040659286126889 ], [ -123.543146919493196, 51.03854965526795 ], [ -123.543922001974835, 51.037402449930717 ], [ -123.541748579446477, 51.034041192433939 ], [ -123.54172463242999, 51.032047952206639 ], [ -123.541101668346926, 51.031245565321548 ], [ -123.54213641388553, 51.030527383499297 ], [ -123.542192720440354, 51.029770670542895 ], [ -123.539594882396528, 51.025661567775472 ], [ -123.538189396440174, 51.025228315275513 ], [ -123.538452301010906, 51.024346473578909 ], [ -123.536062839411912, 51.02130080511936 ], [ -123.535810811986551, 51.020058985545909 ], [ -123.530887734225146, 51.014995298043075 ], [ -123.52872364768362, 51.013705346184274 ], [ -123.527315050495019, 51.010529145634386 ], [ -123.525070748925188, 51.009368541635929 ], [ -123.524159265558254, 51.007262265386757 ], [ -123.519528079203127, 51.004088600547846 ], [ -123.516367023267989, 51.000167496632194 ], [ -123.5168365472977, 50.996714145918887 ], [ -123.516384821022328, 50.994111788093313 ], [ -123.518672129262669, 50.986398638640154 ], [ -123.518816249995652, 50.982500489334903 ], [ -123.518450031502056, 50.980218078280217 ], [ -123.514981442613291, 50.978069115023679 ], [ -123.515282699741419, 50.97503614757693 ], [ -123.512140372026167, 50.972544251948868 ], [ -123.459665496837331, 50.964222226009952 ], [ -123.465423940500855, 50.963935492161717 ], [ -123.46643047920783, 50.963099056798377 ], [ -123.46813971515499, 50.962974209876585 ], [ -123.46885704636891, 50.961838168412697 ], [ -123.472103144973531, 50.959620869755383 ], [ -123.475474179226055, 50.961971655028151 ], [ -123.480341449510846, 50.963497690647699 ], [ -123.484704092276502, 50.963745444442978 ], [ -123.486413818609932, 50.965068432116972 ], [ -123.490720170762117, 50.96648154900091 ], [ -123.496576694611917, 50.96463498154462 ], [ -123.497903430699878, 50.963284838640291 ], [ -123.500664073691709, 50.96240776317142 ], [ -123.502162655522454, 50.959941671613578 ], [ -123.506275353535756, 50.957837197680092 ], [ -123.51169750982416, 50.953113030835972 ], [ -123.515020397446804, 50.946648223356128 ], [ -123.517476686218771, 50.943840908481576 ], [ -123.515411362333779, 50.941595793236004 ], [ -123.517132042089258, 50.938022316027279 ], [ -123.524214662371037, 50.934786585806663 ], [ -123.525761844285114, 50.933518821526015 ], [ -123.532559391634408, 50.933804539270923 ], [ -123.537587386398414, 50.932215103388209 ], [ -123.542778404672262, 50.932352492628517 ], [ -123.555111655837578, 50.928139705306535 ], [ -123.560205960927547, 50.927974821917871 ], [ -123.5771667249644, 50.931161070091093 ], [ -123.582525507657806, 50.929365644342155 ], [ -123.58804547850967, 50.926581342460111 ], [ -123.589644341097454, 50.924678460022051 ], [ -123.589376725584259, 50.923662150903432 ], [ -123.593022108001392, 50.922508089943115 ], [ -123.592257674153544, 50.921270049231467 ], [ -123.598993794538245, 50.916291327374388 ], [ -123.600855473352524, 50.913812612173899 ], [ -123.600760543741472, 50.911526749832831 ], [ -123.601477911778602, 50.909334804795634 ], [ -123.603437359644076, 50.909167936343493 ], [ -123.605094302419133, 50.907958360394694 ], [ -123.605406778228954, 50.906539432222083 ], [ -123.604632712635961, 50.904588060258355 ], [ -123.608062332640088, 50.90045537350418 ], [ -123.608174647719295, 50.89941085443418 ], [ -123.609575213472638, 50.898527162940844 ], [ -123.609978527488892, 50.896401689658333 ], [ -123.613773437887318, 50.893935952808377 ], [ -123.618682978799413, 50.893364283289465 ], [ -123.630013630147232, 50.894207909562958 ], [ -123.632985531530196, 50.895203491082896 ], [ -123.635390463188742, 50.897109669526372 ], [ -123.639373425166937, 50.897777100475658 ], [ -123.641418175526184, 50.900561700971522 ], [ -123.652108540457746, 50.900323539306093 ], [ -123.656913278977569, 50.902358490894109 ], [ -123.663180627898186, 50.900659002941303 ], [ -123.664206088485585, 50.898733046519141 ], [ -123.66604020402518, 50.897331973218634 ], [ -123.664767852637766, 50.89546778740003 ], [ -123.665312324400986, 50.892968401172446 ], [ -123.664431416416591, 50.889316698121768 ], [ -123.666468999339941, 50.886252432875324 ], [ -123.666083569897182, 50.883597697221973 ], [ -123.664293253107701, 50.882167283285177 ], [ -123.66608483372768, 50.880871644966199 ], [ -123.666136715755826, 50.879096093327114 ], [ -123.667633660012243, 50.878025867690305 ], [ -123.668415171177131, 50.876468504549464 ], [ -123.673138417393815, 50.87604443200938 ], [ -123.67316760746742, 50.876934909289318 ], [ -123.674173899706986, 50.877794361902808 ], [ -123.679456309496317, 50.879499913400252 ], [ -123.69576682176168, 50.879830283765827 ], [ -123.699043623737452, 50.880743473161637 ], [ -123.700350620501609, 50.88193910460177 ], [ -123.69963392331951, 50.88306187782684 ], [ -123.699996220683119, 50.885709891965753 ], [ -123.700711856684165, 50.888487793444845 ], [ -123.702583519495917, 50.890498370783405 ], [ -123.702687079738425, 50.891747213125228 ], [ -123.707755747539295, 50.894268205145394 ], [ -123.708564465314907, 50.895004980774885 ], [ -123.708273162071862, 50.896234002208317 ], [ -123.710701170847656, 50.897376227954112 ], [ -123.713686136765418, 50.895741839728245 ], [ -123.717495228690211, 50.895060623100242 ], [ -123.72421551686088, 50.892071325548272 ], [ -123.724910721837432, 50.889456165438311 ], [ -123.726550133824134, 50.887774122239421 ], [ -123.726643884755092, 50.886716491108771 ], [ -123.733338288795721, 50.883593851352877 ], [ -123.732058516688213, 50.882339577697756 ], [ -123.73242303149874, 50.881112654365019 ], [ -123.731481856759842, 50.880067297012637 ], [ -123.731460016991093, 50.878860568362221 ], [ -123.732370683122994, 50.878187359325814 ], [ -123.739953243118748, 50.878064883585864 ], [ -123.756927620057709, 50.874735242062251 ], [ -123.762214344136083, 50.874258046294521 ], [ -123.764342498478015, 50.874679564079038 ], [ -123.766021948655805, 50.877103715388081 ], [ -123.765644933675375, 50.878631450516636 ], [ -123.764777000012259, 50.879345728686211 ], [ -123.764717192462214, 50.881316836680348 ], [ -123.766380065611628, 50.882749108824981 ], [ -123.76652760605883, 50.88555958108612 ], [ -123.76747892391306, 50.886440296195204 ], [ -123.768057357074497, 50.889005175265545 ], [ -123.771015142247947, 50.892035375104399 ], [ -123.767843439613316, 50.894422787461806 ], [ -123.767746244473898, 50.895477121350289 ], [ -123.766686045207749, 50.896051151078439 ], [ -123.765879706653124, 50.897905073205933 ], [ -123.765812774639812, 50.89935764111322 ], [ -123.764009434544974, 50.901328011557247 ], [ -123.764532627639795, 50.905213660303502 ], [ -123.768381852781744, 50.906958071602695 ], [ -123.774914016287269, 50.906403092558634 ], [ -123.778781755856201, 50.907745622587008 ], [ -123.779182454575718, 50.908536489910148 ], [ -123.78493171341205, 50.908673030816303 ], [ -123.790062890415498, 50.913481235862243 ], [ -123.794853652738794, 50.914667581286594 ], [ -123.795799242255129, 50.913811765395707 ], [ -123.7958749690209, 50.912384129819209 ], [ -123.798308440937532, 50.911455285756212 ], [ -123.811148865762092, 50.911912854009692 ], [ -123.81335361760523, 50.910773999811667 ], [ -123.815828480321159, 50.908012047933724 ], [ -123.822169680201085, 50.905225147480088 ], [ -123.823481059420089, 50.902733969281066 ], [ -123.828332312506873, 50.901820014525974 ], [ -123.831465847016361, 50.900424025949278 ], [ -123.831457155834627, 50.902272578113966 ], [ -123.829754640335935, 50.906263239303961 ], [ -123.829723116203098, 50.910398031334971 ], [ -123.831310951971773, 50.912497224166103 ], [ -123.832657146815734, 50.916530476637618 ], [ -123.834096247218909, 50.91805892744047 ], [ -123.834571421222833, 50.920960384493867 ], [ -123.83608394390447, 50.920863761307359 ], [ -123.840042671131712, 50.924650182613689 ], [ -123.840127130601331, 50.927014087304542 ], [ -123.838427459189191, 50.929098267959432 ], [ -123.841308570889026, 50.932588865153981 ], [ -123.841322020149335, 50.934400250827672 ], [ -123.846668475239511, 50.933388071313523 ], [ -123.848548341304067, 50.931895406902427 ], [ -123.853040058441593, 50.930811222504076 ], [ -123.857961217838181, 50.9319560305346 ], [ -123.86312461480037, 50.934435820810215 ], [ -123.867053782184584, 50.938798989441658 ], [ -123.875725763354183, 50.939518616283046 ], [ -123.876930975136801, 50.940193241204618 ], [ -123.877592345370985, 50.941750106338958 ], [ -123.877049592481853, 50.94419765454294 ], [ -123.877976976125254, 50.945845399902602 ], [ -123.877997887709071, 50.948707847021424 ], [ -123.883557062522726, 50.94715871446077 ], [ -123.890017220392735, 50.947188818130755 ], [ -123.892635609815144, 50.945342772241347 ], [ -123.89405587003894, 50.943995764700752 ], [ -123.894333845024619, 50.942779683269023 ], [ -123.897160062803806, 50.941038077108018 ], [ -123.899535571245025, 50.938420985503917 ], [ -123.905994055275784, 50.940512876770136 ], [ -123.907451524320805, 50.942333025580382 ], [ -123.913674069902768, 50.942499377299505 ], [ -123.922633934518828, 50.941153658949332 ], [ -123.92418566918009, 50.93973801354813 ], [ -123.925065001870934, 50.935871973839483 ], [ -123.927786765393407, 50.934190488788623 ], [ -123.932305356127657, 50.933964870029797 ], [ -123.937720420443085, 50.93552758238112 ], [ -123.942423293372883, 50.935245683898827 ], [ -123.943401770296745, 50.93573787687496 ], [ -123.943817916695778, 50.937593045927507 ], [ -123.945457470643419, 50.939051300809886 ], [ -123.945430131468967, 50.941123712187668 ], [ -123.943933388002989, 50.942830137965124 ], [ -123.943654934191471, 50.944887466473368 ], [ -123.944731096717973, 50.948140654792688 ], [ -123.945537678307261, 50.948862553796481 ], [ -123.951675358738001, 50.950857553621333 ], [ -123.957374490332342, 50.949848478963474 ], [ -123.96104293560677, 50.950020669909193 ], [ -123.96669740837612, 50.952727912522221 ], [ -123.970382178364801, 50.95613717886642 ], [ -123.973748249966576, 50.957231564874903 ], [ -123.977465518036766, 50.959820421331372 ], [ -123.979347105528831, 50.960192433843311 ], [ -123.984213346261285, 50.95961272978878 ], [ -123.98740479980107, 50.96064726650981 ], [ -123.988827590072091, 50.962195061429441 ], [ -123.991463867340272, 50.963330385681438 ], [ -123.994238598076578, 50.963683895395484 ], [ -123.994872001895487, 50.960849582627375 ], [ -123.998978751207304, 50.95813669813257 ], [ -124.002194481225146, 50.957220120792933 ], [ -124.003221810186645, 50.956161938775224 ], [ -124.004824999422937, 50.956162212028545 ], [ -124.006098766708092, 50.957657865732777 ], [ -124.008490937710519, 50.957512503284512 ], [ -124.007825736669815, 50.95568007304049 ], [ -124.008364877444905, 50.954833778858223 ], [ -124.013146427206493, 50.952872701987999 ], [ -124.013160251630168, 50.950097011493263 ], [ -124.015119584905207, 50.948808354207721 ], [ -124.017426929806149, 50.945523403218601 ], [ -124.018874891303341, 50.944978974451814 ], [ -124.021265580643274, 50.945475759273045 ], [ -124.023769719139153, 50.945105699187231 ], [ -124.025535811203014, 50.942881316798527 ], [ -124.025710454072126, 50.939494943444544 ], [ -124.026901029549038, 50.937872120953195 ], [ -124.032314025478996, 50.937836495969819 ], [ -124.033399443004086, 50.93680064109666 ], [ -124.035514293102509, 50.936405536609819 ], [ -124.038309942878385, 50.938213700442944 ], [ -124.041553572173768, 50.941590702180903 ], [ -124.050723707829263, 50.942640062003228 ], [ -124.05796429718832, 50.947264622993437 ], [ -124.059530718887871, 50.948940317554566 ], [ -124.063846662253553, 50.958862001780574 ], [ -124.063150797493151, 50.964958060665843 ], [ -124.061347781452739, 50.968172864391377 ], [ -124.05912885125646, 50.970263705836466 ], [ -124.059961585132839, 50.972500566464369 ], [ -124.060020364299476, 50.975192838926333 ], [ -124.060722332136876, 50.975482193779747 ], [ -124.064216414366882, 50.974023520368036 ], [ -124.068102105868476, 50.974308010463012 ], [ -124.069420476695143, 50.97815349465192 ], [ -124.072011928296675, 50.979412062695118 ], [ -124.071910741671189, 50.981034764989779 ], [ -124.070749531194139, 50.983231331455656 ], [ -124.07165775449414, 50.984102329085907 ], [ -124.07505126876444, 50.984099040350259 ], [ -124.078263770150954, 50.982988404110998 ], [ -124.080351678203343, 50.983488996669308 ], [ -124.090137346693126, 50.981876906127304 ], [ -124.092234064769471, 50.983255347171664 ], [ -124.092863477766755, 50.987899592547514 ], [ -124.091979125821297, 50.993227861820536 ], [ -124.089009525857691, 50.995839654621271 ], [ -124.08422137945611, 50.996826733142356 ], [ -124.082869294459073, 50.998396926378796 ], [ -124.084283456295225, 51.000000046024134 ] ] ] } },
{ "type": "Feature", "properties": { "name": "Misty Lake Ecological Reserve", "kind": "Provincial" }, "geometry": { "type": "MultiPolygon", "coordinates": [ [ [ [ -127.270554688511154, 50.605913675755154 ], [ -127.26848761422923, 50.607126879142832 ], [ -127.267931766316494, 50.611732449441234 ], [ -127.266002641074351, 50.612542103902157 ], [ -127.260515674240594, 50.611303704567476 ], [ -127.260956397001166, 50.610946877723961 ], [ -127.258893997088592, 50.609582507796773 ], [ -127.256081437043804, 50.609580314267141 ], [ -127.253894762103243, 50.60774277892606 ], [ -127.254938953983597, 50.604875882466239 ], [ -127.257108825248338, 50.603811108758677 ], [ -127.26213620034487, 50.60456077547903 ], [ -127.264312739379122, 50.604125548485165 ], [ -127.268619701094337, 50.604580899354211 ], [ -127.269492818105377, 50.604737774629257 ], [ -127.268468044965687, 50.60473670084685 ], [ -127.26931706447877, 50.605364726800254 ], [ -127.269103341651231, 50.605913357705148 ], [ -127.270554688511154, 50.605913675755154 ] ] ], [ [ [ -127.271186431151236, 50.605117372153195 ], [ -127.270554688511154, 50.605913675755154 ], [ -127.270555196320629, 50.60493953848912 ], [ -127.271186431151236, 50.605117372153195 ] ] ] ] } },
{ "type": "Feature", "properties": { "name": "Petroglyph Park", "kind": "Provincial" }, "geometry": { "type": "Polygon", "coordinates": [ [ [ -123.926385202230279, 49.139746673008958 ], [ -123.927041688509917, 49.140783853802944 ], [ -123.926958002951892, 49.141882385241949 ], [ -123.924943681849129, 49.140421436136563 ], [ -123.926385202230279, 49.139746673008958 ] ] ] } },
{ "type": "Feature", "properties": { "name": "Drumbeg Park", "kind": "Provincial" }, "geometry": { "type": "Polygon", "coordinates": [ [ [ -123.689081526435658, 49.134396264667899 ], [ -123.689001553775768, 49.128837966171794 ], [ -123.699423093100634, 49.128774719123498 ], [ -123.699443307793189, 49.136152132985139 ], [ -123.694472650164883, 49.136134002334401 ], [ -123.69445735990638, 49.134780355377558 ], [ -123.689081526435658, 49.134396264667899 ] ] ] } },
{ "type": "Feature", "properties": { "name": "Flores Island Park", "kind": "Provincial" }, "geometry": { "type": "Polygon", "coordinates": [ [ [ -126.227030505457336, 49.300000016854874 ], [ -126.232384209429782, 49.302835227966455 ], [ -126.23232632859559, 49.3057387721433 ], [ -126.231280348628744, 49.308126032184965 ], [ -126.239785987956367, 49.30965279451884 ], [ -126.243627248138026, 49.311250415763638 ], [ -126.244632844636712, 49.314357936974567 ], [ -126.242978404869532, 49.317084613499738 ], [ -126.244210472801583, 49.3183938998245 ], [ -126.245099319377019, 49.322086342786655 ], [ -126.241039460627718, 49.326325189864839 ], [ -126.243762779651831, 49.327160160476986 ], [ -126.246246479779217, 49.329561342175211 ], [ -126.247319954055101, 49.330708479405864 ], [ -126.248097742538576, 49.333467093707007 ], [ -126.245048852965908, 49.336392793783077 ], [ -126.244805471138903, 49.337545637884382 ], [ -126.245843635854001, 49.338275421373638 ], [ -126.240461048650701, 49.342567029248599 ], [ -126.242936666942867, 49.346142045406005 ], [ -126.243653494058108, 49.348731092084527 ], [ -126.243203922605048, 49.350541072120954 ], [ -126.238957582992171, 49.354910762540356 ], [ -126.241691499084936, 49.357108451270491 ], [ -126.24206041897105, 49.360054167497765 ], [ -126.227145346810985, 49.364371205148245 ], [ -126.20340511783661, 49.363802196468953 ], [ -126.197363868798632, 49.354628075008151 ], [ -126.190791752187536, 49.348690491952034 ], [ -126.188542715509612, 49.347577898422244 ], [ -126.177335419873785, 49.347304551271954 ], [ -126.175251295535702, 49.346273145702739 ], [ -126.172761055205541, 49.343320326652638 ], [ -126.170006871260682, 49.341311361052654 ], [ -126.168187979874773, 49.330633760149858 ], [ -126.179313315406588, 49.327187986372685 ], [ -126.187658396603837, 49.321221780151234 ], [ -126.195775009754968, 49.318276312569502 ], [ -126.196113554308255, 49.31703723459831 ], [ -126.191905307283321, 49.313369193673488 ], [ -126.187418272090966, 49.310715479361029 ], [ -126.186330821084141, 49.309311952926876 ], [ -126.186947729960409, 49.307055137621575 ], [ -126.194737244414952, 49.296239147049981 ], [ -126.194634450999672, 49.294352329500981 ], [ -126.192857458092476, 49.292170136365748 ], [ -126.18891483816742, 49.290366971822472 ], [ -126.176293974869949, 49.281045640768873 ], [ -126.164843587800576, 49.277706705364345 ], [ -126.132473955495016, 49.277702192655454 ], [ -126.123839822644271, 49.27618753728963 ], [ -126.114632942016243, 49.272777027078952 ], [ -126.106378986781564, 49.264762626635346 ], [ -126.102113934605867, 49.256643325211002 ], [ -126.098084374890959, 49.250979117944041 ], [ -126.099258346903412, 49.247850609411259 ], [ -126.099199328726485, 49.247818119142337 ], [ -126.098140716638497, 49.249231019368082 ], [ -126.096650744552946, 49.249796347570438 ], [ -126.096003102007941, 49.249357197601043 ], [ -126.09302255891501, 49.252134207047966 ], [ -126.093234229309147, 49.25321016390923 ], [ -126.094719583084881, 49.254363183004457 ], [ -126.099219736017005, 49.25567294053473 ], [ -126.092928029926796, 49.253976189625433 ], [ -126.091340363547559, 49.251758935919646 ], [ -126.083593155580019, 49.247721775813289 ], [ -126.080307949586413, 49.24866437069565 ], [ -126.080602774199406, 49.249490551526186 ], [ -126.083431133956026, 49.250236824969804 ], [ -126.083506969572895, 49.25104845883294 ], [ -126.08504332491583, 49.2517980292183 ], [ -126.084234292380543, 49.25386489198408 ], [ -126.081350585406369, 49.25614937131666 ], [ -126.081403209699587, 49.256888287705962 ], [ -126.073582170736813, 49.259209431748616 ], [ -126.069140957593547, 49.259231717397832 ], [ -126.06742237603072, 49.258540282059165 ], [ -126.065571726828054, 49.261003402156973 ], [ -126.063695652799026, 49.261576490615617 ], [ -126.058699609848631, 49.261908153739753 ], [ -126.057782195630708, 49.26129006386163 ], [ -126.051717839842937, 49.252943682776319 ], [ -126.108457608746363, 49.226972973172082 ], [ -126.230082000634255, 49.278630612600075 ], [ -126.233474928089734, 49.279260568738515 ], [ -126.236250833435037, 49.280569729214498 ], [ -126.238002351593622, 49.283087553208979 ], [ -126.237110217290081, 49.285674298485603 ], [ -126.235697023182908, 49.2870697200959 ], [ -126.23530346328829, 49.289460368832273 ], [ -126.234061369261056, 49.291016309796007 ], [ -126.235081771109989, 49.291848851696251 ], [ -126.233896345313809, 49.296624150154898 ], [ -126.228344690447102, 49.297772699634116 ], [ -126.224410430094949, 49.297588091635269 ], [ -126.227030505457336, 49.300000016854874 ] ], [ [ -126.224374035650129, 49.359664705055849 ], [ -126.224322808032085, 49.361472794744287 ], [ -126.227546245288522, 49.361442236230694 ], [ -126.229976751413929, 49.362429765425809 ], [ -126.229391756749067, 49.361779460527522 ], [ -126.229910945995272, 49.359731496887584 ], [ -126.224374035650129, 49.359664705055849 ] ] ] } },
{ "type": "Feature", "properties": { "name": "Wakes Cove Park", "kind": "Provincial" }, "geometry": { "type": "Polygon", "coordinates": [ [ [ -123.701489420663037, 49.12895549119817 ], [ -123.692873422355419, 49.125643699058358 ], [ -123.681131045393499, 49.118521808072522 ], [ -123.684361790515652, 49.117786345105138 ], [ -123.708857494151687, 49.117788330719499 ], [ -123.714718001473969, 49.123186986979476 ], [ -123.71656451145769, 49.12251234505846 ], [ -123.719254490425158, 49.125233299656898 ], [ -123.714885078409338, 49.128871838875746 ], [ -123.701489420663037, 49.12895549119817 ] ], [ [ -123.711816385127761, 49.124689730988777 ], [ -123.711429821000664, 49.126497629464062 ], [ -123.714189004291114, 49.127472983228991 ], [ -123.715212272860057, 49.127142131552688 ], [ -123.714814128433161, 49.126101180301063 ], [ -123.716294847943402, 49.125138626167015 ], [ -123.711816385127761, 49.124689730988777 ] ], [ [ -123.707824147935526, 49.126781296214673 ], [ -123.708072844484548, 49.126259883603666 ], [ -123.706651784849782, 49.125620715347111 ], [ -123.708371452060419, 49.125096988662044 ], [ -123.707697309851824, 49.124405893010646 ], [ -123.705749788162393, 49.124836225002767 ], [ -123.705503514022084, 49.125287839626552 ], [ -123.707824147935526, 49.126781296214673 ] ], [ [ -123.704008996916656, 49.127768988774676 ], [ -123.701858854060305, 49.125519010860877 ], [ -123.700974599452394, 49.125999028898292 ], [ -123.703189315492764, 49.128110818603602 ], [ -123.704008996916656, 49.127768988774676 ] ], [ [ -123.693766146421126, 49.125042995546018 ], [ -123.695919787812102, 49.123628772074319 ], [ -123.691375101873447, 49.121134493916578 ], [ -123.689194807071132, 49.121678403316722 ], [ -123.689407997753506, 49.122611983780658 ], [ -123.691970998168614, 49.124656988676065 ], [ -123.693766146421126, 49.125042995546018 ] ] ] } },
{ "type": "Feature", "properties": { "name": "Kennedy Lake Park", "kind": "Provincial" }, "geometry": { "type": "MultiPolygon", "coordinates": [ [ [ [ -125.58095079548221, 49.055895600131755 ], [ -125.581490994595868, 49.055455372469808 ], [ -125.581473318348515, 49.053575493056591 ], [ -125.583720638676979, 49.051637119103894 ], [ -125.586265654269354, 49.051219135561254 ], [ -125.588215847665722, 49.050093264913052 ], [ -125.594146661209365, 49.049606882499802 ], [ -125.596373593796287, 49.04845716664245 ], [ -125.595387745563571, 49.045295597585287 ], [ -125.591920895751784, 49.042155028464848 ], [ -125.592766034874117, 49.041324122031838 ], [ -125.601040337196181, 49.04150702827102 ], [ -125.601120543080981, 49.05586970514134 ], [ -125.58095079548221, 49.055895600131755 ] ] ], [ [ [ -125.538417764426427, 49.036608103762262 ], [ -125.538315478885238, 49.042626985557106 ], [ -125.502335224194354, 49.048273555348594 ], [ -125.497788518973437, 49.048274266064517 ], [ -125.497789310521767, 49.047553524267272 ], [ -125.502418005693301, 49.046766436618626 ], [ -125.507415205562168, 49.044557179312392 ], [ -125.519855176104585, 49.041634430964621 ], [ -125.529305493401054, 49.040707432198261 ], [ -125.531138240672874, 49.039236922283706 ], [ -125.534470064442274, 49.038554465760939 ], [ -125.538417764426427, 49.036608103762262 ] ] ] ] } },
{ "type": "Feature", "properties": { "name": "Spectacle Lake Park", "kind": "Provincial" }, "geometry": { "type": "Polygon", "coordinates": [ [ [ -123.571901955375196, 48.582453059803647 ], [ -123.564649145256197, 48.582394581973766 ], [ -123.564783801582905, 48.57504963098075 ], [ -123.575740084142538, 48.575218432320291 ], [ -123.575520352621169, 48.58248213760195 ], [ -123.574747025652201, 48.58247591087347 ], [ -123.574733883612069, 48.583195552173329 ], [ -123.571888757322114, 48.583172682460813 ], [ -123.571901955375196, 48.582453059803647 ] ] ] } },
{ "type": "Feature", "properties": { "name": "Tsitika River Ecological Reserve", "kind": "Provincial" }, "geometry": { "type": "Polygon", "coordinates": [ [ [ -126.416488658886493, 50.306465147913713 ], [ -126.418601998074109, 50.3064651508449 ], [ -126.418708812813193, 50.307575224731806 ], [ -126.419380197297428, 50.307849884990667 ], [ -126.422096263452644, 50.307785030128564 ], [ -126.424415594082063, 50.309516906947515 ], [ -126.424949650631419, 50.3106384340727 ], [ -126.428466811950685, 50.311630256083909 ], [ -126.428657531009279, 50.313209538436027 ], [ -126.430252095670966, 50.314884181947541 ], [ -126.43026734668689, 50.315784449218519 ], [ -126.426963814337384, 50.318607329723065 ], [ -126.426475538073618, 50.322425837102912 ], [ -126.418960579988791, 50.32503890806305 ], [ -126.412803657334791, 50.325748448234066 ], [ -126.412818925063888, 50.324077612782773 ], [ -126.415107729886216, 50.323516847541107 ], [ -126.416603105645208, 50.32163239003259 ], [ -126.417770398028637, 50.317798611334439 ], [ -126.420486460552851, 50.314800271012651 ], [ -126.416488658886493, 50.306465147913713 ] ] ] } },
{ "type": "Feature", "properties": { "name": "Ambrose Lake Ecological Reserve", "kind": "Provincial" }, "geometry": { "type": "Polygon", "coordinates": [ [ [ -124.035485609128543, 49.726352629612791 ], [ -124.035025295936833, 49.729454406785685 ], [ -124.03679132471207, 49.736796283820667 ], [ -124.036499498436797, 49.738732764836968 ], [ -124.034544712749295, 49.740157895487343 ], [ -124.017481398741523, 49.74016497067516 ], [ -124.017478667508882, 49.736565043090437 ], [ -124.013224398552907, 49.736567622873721 ], [ -124.012293802598677, 49.736005550246219 ], [ -124.012462407128467, 49.735437402385955 ], [ -124.014209352404038, 49.735359160511372 ], [ -124.013844860225163, 49.734516851015087 ], [ -124.011142064684321, 49.732003971812183 ], [ -124.006846875414112, 49.729546734410356 ], [ -124.006777652408601, 49.72552283310047 ], [ -124.005351940937828, 49.725515941006442 ], [ -124.005961878399688, 49.723746965996071 ], [ -124.005011100132023, 49.722720824731333 ], [ -124.001597974293063, 49.721185088920087 ], [ -124.011688608398899, 49.721209839211419 ], [ -124.011775055488741, 49.725546898791954 ], [ -124.017470421486763, 49.725574027602129 ], [ -124.017471116292342, 49.726523443408333 ], [ -124.035485609128543, 49.726352629612791 ] ] ] } },
{ "type": "Feature", "properties": { "name": "Stamp River Park", "kind": "Provincial" }, "geometry": { "type": "MultiPolygon", "coordinates": [ [ [ [ -124.967768465303635, 49.366848869087661 ], [ -124.973042481815824, 49.366820705334412 ], [ -124.973128129959619, 49.373627958555566 ], [ -124.967853979129004, 49.373704522034608 ], [ -124.967768465303635, 49.366848869087661 ] ] ], [ [ [ -124.916605083354852, 49.343932330771828 ], [ -124.916702704672502, 49.336728398520378 ], [ -124.909206720428898, 49.336668952677272 ], [ -124.909244746219358, 49.329100795165218 ], [ -124.927265590802875, 49.329236608274051 ], [ -124.927023086485519, 49.336817571495381 ], [ -124.924833744483067, 49.336842717053337 ], [ -124.925725817919897, 49.339741744891334 ], [ -124.92791007662656, 49.340326031309296 ], [ -124.931645406311745, 49.338329533523229 ], [ -124.93425123207399, 49.337728209666906 ], [ -124.935351098091132, 49.339095152162407 ], [ -124.935183184490995, 49.340078503552952 ], [ -124.933465451827814, 49.341915430798302 ], [ -124.934336071962548, 49.343403159688414 ], [ -124.94286192941712, 49.345969302558039 ], [ -124.946107415205603, 49.348814063167026 ], [ -124.9508154688085, 49.348864734038777 ], [ -124.952887376914617, 49.349516178156016 ], [ -124.95375449648013, 49.351163419605967 ], [ -124.95281712763429, 49.356540717286315 ], [ -124.949907538721419, 49.358909301423786 ], [ -124.949911347908014, 49.360264041682157 ], [ -124.95179261085687, 49.361219626723731 ], [ -124.955711679820027, 49.361806386980184 ], [ -124.961957284202214, 49.361153941353045 ], [ -124.964319034530149, 49.361496777076439 ], [ -124.967588194840459, 49.363499224237302 ], [ -124.967627994627023, 49.366692593970654 ], [ -124.961876254794873, 49.364824898804841 ], [ -124.956128771790191, 49.364855032829581 ], [ -124.956093682435466, 49.361987130581163 ], [ -124.951863552125673, 49.361513925517684 ], [ -124.949556413530161, 49.360280449659257 ], [ -124.947808129933165, 49.360305257208395 ], [ -124.947784208349063, 49.358509473795223 ], [ -124.9511878117642, 49.35552304782216 ], [ -124.951137673771129, 49.350424104004027 ], [ -124.942994762251075, 49.349089568430244 ], [ -124.942985935873054, 49.348533134135351 ], [ -124.932170556279218, 49.348590851281926 ], [ -124.932027181444099, 49.346715315263793 ], [ -124.924506568100043, 49.346931747768508 ], [ -124.920853997564137, 49.34399907904681 ], [ -124.916605083354852, 49.343932330771828 ] ] ] ] } },
{ "type": "Feature", "properties": { "name": "Mount Geoffrey Escarpment Park", "kind": "Provincial" }, "geometry": { "type": "Polygon", "coordinates": [ [ [ -124.676660289341015, 49.512057466860554 ], [ -124.676789251896139, 49.503103265158082 ], [ -124.665773582034362, 49.502849988412585 ], [ -124.665787415598686, 49.497120667403195 ], [ -124.668544496036915, 49.497597495961799 ], [ -124.673195611336624, 49.497291689789748 ], [ -124.67338787693474, 49.498535212180627 ], [ -124.674230613281978, 49.499057596235041 ], [ -124.674910228333957, 49.498592491414264 ], [ -124.676480619120298, 49.500028431547769 ], [ -124.691884837783846, 49.505554837297268 ], [ -124.693913118053615, 49.507381509517884 ], [ -124.697539132810903, 49.507935627909674 ], [ -124.701431613881851, 49.510391880497849 ], [ -124.699154534925214, 49.510381205953991 ], [ -124.699118652255891, 49.512182373616547 ], [ -124.676660289341015, 49.512057466860554 ] ] ] } },
{ "type": "Feature", "properties": { "name": "Ruckle Park", "kind": "Provincial" }, "geometry": { "type": "Polygon", "coordinates": [ [ [ -123.372183379386342, 48.774641223758415 ], [ -123.366623545955761, 48.775495593584154 ], [ -123.366335795842815, 48.773508451939264 ], [ -123.367107340480814, 48.772930087302036 ], [ -123.366875148627116, 48.770951898873918 ], [ -123.368843735457304, 48.770324765529551 ], [ -123.372097202707266, 48.766563104294264 ], [ -123.375955793086291, 48.767585016823809 ], [ -123.377315535704881, 48.769244733976379 ], [ -123.378692482117614, 48.769564176121641 ], [ -123.378977117038062, 48.76890341730477 ], [ -123.399783686114077, 48.76883426693724 ], [ -123.399851175339535, 48.792464880353165 ], [ -123.404022124300468, 48.792194577750628 ], [ -123.402306235428696, 48.793119730910796 ], [ -123.402476830259559, 48.794134031921409 ], [ -123.399857422942659, 48.794153194783377 ], [ -123.410946755698433, 48.794185914306574 ], [ -123.410944554351374, 48.799410757958995 ], [ -123.405373024667213, 48.797594699847927 ], [ -123.404508023363633, 48.798173568034976 ], [ -123.401738015263945, 48.797933489697613 ], [ -123.402052865195756, 48.797134239825894 ], [ -123.399653106931069, 48.797345152776678 ], [ -123.400066463935133, 48.798045238115883 ], [ -123.391658091918316, 48.797138583382761 ], [ -123.392821844032952, 48.796324896782082 ], [ -123.393007187575876, 48.795406747423954 ], [ -123.390408866077294, 48.793958153180427 ], [ -123.389291469568349, 48.792198698633797 ], [ -123.388782613982187, 48.789798446207044 ], [ -123.387632340499636, 48.790585116434634 ], [ -123.3862933649594, 48.789968758931543 ], [ -123.385049023647014, 48.787625117366552 ], [ -123.378107507588524, 48.785992795437544 ], [ -123.377427014567004, 48.784150986827385 ], [ -123.378097499049503, 48.78273636942599 ], [ -123.377523912998967, 48.780624257033132 ], [ -123.374266450107072, 48.780409801975772 ], [ -123.373429758360118, 48.779207122461095 ], [ -123.376082848026684, 48.777435148624612 ], [ -123.373289811089293, 48.776850735728935 ], [ -123.371156115114047, 48.777388268396145 ], [ -123.372591028371971, 48.776403163925622 ], [ -123.372183379386342, 48.774641223758415 ] ], [ [ -123.400278509120611, 48.796982981450512 ], [ -123.400280641627319, 48.795165791901411 ], [ -123.399861169174613, 48.795167257275509 ], [ -123.399867816403244, 48.796966834168188 ], [ -123.400278509120611, 48.796982981450512 ] ] ] } },
{ "type": "Feature", "properties": { "name": "Canoe Islets Ecological Reserve", "kind": "Provincial" }, "geometry": { "type": "MultiPolygon", "coordinates": [ [ [ [ -123.588108830616079, 49.027469162145252 ], [ -123.589186399174196, 49.028363238440555 ], [ -123.58934473409667, 49.029028100574408 ], [ -123.588422921152869, 49.028583028095248 ], [ -123.588108830616079, 49.027469162145252 ] ] ], [ [ [ -123.586830823853916, 49.025811479618497 ], [ -123.587203515823788, 49.026097443930546 ], [ -123.587567954339804, 49.026842227862723 ], [ -123.586908627086842, 49.026611700885503 ], [ -123.586830823853916, 49.025811479618497 ] ] ] ] } },
{ "type": "Feature", "properties": { "name": "Cypress Park", "kind": "Provincial" }, "geometry": { "type": "MultiPolygon", "coordinates": [ [ [ [ -123.206618952663632, 49.359805377521987 ], [ -123.206599041993712, 49.358711011081638 ], [ -123.209318072299396, 49.358112177226893 ], [ -123.209962737613907, 49.358324745904824 ], [ -123.208933152683542, 49.359027285273989 ], [ -123.210699192227679, 49.359773466105409 ], [ -123.206618952663632, 49.359805377521987 ] ] ], [ [ [ -123.190206844038244, 49.362110001422579 ], [ -123.197370892577482, 49.360270060375967 ], [ -123.20208975750198, 49.360467219462379 ], [ -123.202037924843481, 49.360885181397585 ], [ -123.195812778090357, 49.361227340020285 ], [ -123.190202194361646, 49.362573475146071 ], [ -123.190206844038244, 49.362110001422579 ] ] ], [ [ [ -123.192463856146176, 49.5023382088755 ], [ -123.186927476608872, 49.500503465011825 ], [ -123.186276328691903, 49.498990145946486 ], [ -123.18368649801279, 49.498991833412092 ], [ -123.182971379070054, 49.496785460618845 ], [ -123.183903347666032, 49.495109062607611 ], [ -123.18690890643181, 49.493678911282778 ], [ -123.18703349900656, 49.491373668266114 ], [ -123.187819517261005, 49.490434852433665 ], [ -123.189631109139981, 49.490138388292635 ], [ -123.191388294880483, 49.4884059517588 ], [ -123.193558761661265, 49.487455579754901 ], [ -123.18908616254221, 49.485083240268565 ], [ -123.189126170137953, 49.48425882067523 ], [ -123.187448516817781, 49.483819763632717 ], [ -123.187752807392854, 49.482615118250934 ], [ -123.186064797470408, 49.481352981240214 ], [ -123.187602459448229, 49.478902548294144 ], [ -123.188401412386639, 49.475945354066141 ], [ -123.183805990980204, 49.473064731939722 ], [ -123.184170116357976, 49.472318839963179 ], [ -123.180010627676296, 49.469134059884517 ], [ -123.178398194598216, 49.463321072661458 ], [ -123.179816116965057, 49.462026721077798 ], [ -123.180022230629973, 49.460796388978167 ], [ -123.181983444497575, 49.458139279588238 ], [ -123.183798796525068, 49.457052536965122 ], [ -123.186321176869356, 49.457706174639654 ], [ -123.18856185467925, 49.456144983086553 ], [ -123.190060445320583, 49.453477923534741 ], [ -123.197988032115163, 49.449031957878297 ], [ -123.1974704767985, 49.446981846714436 ], [ -123.197994700121072, 49.445780583951311 ], [ -123.200269326377438, 49.444544270518477 ], [ -123.202307110865164, 49.441456555466978 ], [ -123.203971045095116, 49.440893848198435 ], [ -123.204009617087877, 49.438782612322164 ], [ -123.205100437713995, 49.437819034485983 ], [ -123.205097459844765, 49.436387674890923 ], [ -123.20820092260594, 49.432649329838831 ], [ -123.207198893299577, 49.43023240159544 ], [ -123.207461830396369, 49.428995370087158 ], [ -123.205996675329629, 49.427997623811734 ], [ -123.205600864754373, 49.425322954515558 ], [ -123.206163119480863, 49.424369031569952 ], [ -123.205610101648077, 49.420636070911456 ], [ -123.207460880898054, 49.416705944809067 ], [ -123.204770567924243, 49.415169298847438 ], [ -123.20297863900457, 49.415159761654337 ], [ -123.202952894307003, 49.414200982345626 ], [ -123.202287359521847, 49.413805997021953 ], [ -123.193523624647511, 49.412924119465131 ], [ -123.193631304082359, 49.41176798510034 ], [ -123.1963539718638, 49.410061539333356 ], [ -123.195870602614704, 49.406874314541334 ], [ -123.193696358279112, 49.404037299952911 ], [ -123.191003064213362, 49.404126177506946 ], [ -123.183821003616359, 49.40224740488943 ], [ -123.182902030112729, 49.4009451809182 ], [ -123.183040927563951, 49.39809883191802 ], [ -123.181615043576215, 49.394856191788385 ], [ -123.179807936523076, 49.392971102276931 ], [ -123.179700258186514, 49.389778944861924 ], [ -123.180667764885143, 49.38798866023388 ], [ -123.177756844138074, 49.388511250770783 ], [ -123.17392312565029, 49.386301388523592 ], [ -123.170586462871057, 49.385321822430448 ], [ -123.16925162754562, 49.383585280602695 ], [ -123.166276720036876, 49.383599508042849 ], [ -123.165968349878398, 49.381472700128022 ], [ -123.167807211555797, 49.3814796999959 ], [ -123.162386350055101, 49.380282818486798 ], [ -123.160598169350081, 49.379054400849782 ], [ -123.156995593429855, 49.379086194931688 ], [ -123.156918592259387, 49.375358056073715 ], [ -123.158008150185523, 49.374467130884668 ], [ -123.19413503784503, 49.374517241347363 ], [ -123.194584388129627, 49.371488451443867 ], [ -123.191384353857927, 49.365587085475497 ], [ -123.190178595746346, 49.364914046461202 ], [ -123.190185451420746, 49.364234640004291 ], [ -123.191113710601996, 49.364565167022249 ], [ -123.192755898733097, 49.366038533245174 ], [ -123.195037471837409, 49.370338421942421 ], [ -123.195413582567056, 49.372200270013067 ], [ -123.194958297245748, 49.376073042721913 ], [ -123.194567516854192, 49.378279983185116 ], [ -123.193546792625881, 49.379439250412517 ], [ -123.191515110377651, 49.380557521449589 ], [ -123.191217717587563, 49.379607265787143 ], [ -123.189738913159744, 49.383235032228349 ], [ -123.18839217742277, 49.384842832184233 ], [ -123.18833977543423, 49.387216566185927 ], [ -123.187499401919595, 49.388335906093161 ], [ -123.188809689813368, 49.388467657591669 ], [ -123.191981304425482, 49.392688865150689 ], [ -123.194413961360837, 49.394639115391399 ], [ -123.198674838938928, 49.394409806122837 ], [ -123.202053411667862, 49.395757297831317 ], [ -123.203438938094422, 49.395063612026867 ], [ -123.203515875618251, 49.394344347727177 ], [ -123.200825612235022, 49.392184832936863 ], [ -123.200234759892055, 49.392604503143659 ], [ -123.202145576481058, 49.395082058388361 ], [ -123.198875785028761, 49.39344314567235 ], [ -123.194487928469229, 49.393833272123324 ], [ -123.191997228735318, 49.391330355089877 ], [ -123.189194965290042, 49.386258016411027 ], [ -123.191511732213655, 49.38282202587493 ], [ -123.192070472596825, 49.380691256546811 ], [ -123.195118944145804, 49.378952405946777 ], [ -123.19600988859554, 49.372548733218586 ], [ -123.195736940287517, 49.370714760630712 ], [ -123.192978565274728, 49.365557927143819 ], [ -123.190196804562788, 49.363106966440498 ], [ -123.1964959812112, 49.361667317860807 ], [ -123.208889614909822, 49.361064088248646 ], [ -123.205727041503025, 49.362281046386428 ], [ -123.197764789747609, 49.361936569934684 ], [ -123.19155420934274, 49.363531643382274 ], [ -123.19352761209943, 49.364599115748412 ], [ -123.195569849808081, 49.368372775228373 ], [ -123.197389119861697, 49.369056671801573 ], [ -123.201086259323105, 49.372495060017471 ], [ -123.19794731289322, 49.374525070865346 ], [ -123.202019670151486, 49.374520373987885 ], [ -123.202001362681727, 49.375685998471909 ], [ -123.224583109961031, 49.3757963153083 ], [ -123.224576581696425, 49.379430779050871 ], [ -123.254053010619018, 49.380131390476613 ], [ -123.253785204196646, 49.383736387503625 ], [ -123.257164100760434, 49.383759533046828 ], [ -123.25694131928546, 49.386470257782875 ], [ -123.254588571893066, 49.389309466759173 ], [ -123.252814024628151, 49.389270849337009 ], [ -123.252674146037876, 49.391809264093148 ], [ -123.251855659746852, 49.392818744401445 ], [ -123.247157989931125, 49.392709301254449 ], [ -123.246961109665747, 49.396274700650025 ], [ -123.243050592986521, 49.396183466634959 ], [ -123.242554920767972, 49.401938255096475 ], [ -123.241595560850712, 49.40295188098299 ], [ -123.239626737635703, 49.403186119168254 ], [ -123.239840512225484, 49.405211416835606 ], [ -123.239436902867908, 49.405198452125646 ], [ -123.238920247134615, 49.410674864347143 ], [ -123.234868877914437, 49.410509592284278 ], [ -123.23479772213382, 49.411313624615588 ], [ -123.227123477269927, 49.41113552133573 ], [ -123.221356062579872, 49.413026611369226 ], [ -123.219684668658616, 49.413005331113908 ], [ -123.216350002293495, 49.414803639814203 ], [ -123.210120328873515, 49.416239285543476 ], [ -123.210175481497402, 49.417223451244368 ], [ -123.208326794110661, 49.420954257763505 ], [ -123.208920094479907, 49.424327207293445 ], [ -123.208389648043976, 49.425704222542876 ], [ -123.208574755761731, 49.427129399857449 ], [ -123.210154684826065, 49.428605011782011 ], [ -123.210935745269154, 49.432878928407035 ], [ -123.207902594366331, 49.436833583739407 ], [ -123.206568640294847, 49.441500145988009 ], [ -123.20383278882737, 49.443132503877742 ], [ -123.202725448623198, 49.445314788060223 ], [ -123.200495457751757, 49.446911088497039 ], [ -123.200872372680593, 49.448997997728497 ], [ -123.200154617357285, 49.450149056832416 ], [ -123.192323311995438, 49.454528747206517 ], [ -123.190949817810434, 49.45704219836967 ], [ -123.188210417363933, 49.459017526011344 ], [ -123.184229673791606, 49.459267926630801 ], [ -123.181428849099731, 49.463691488453613 ], [ -123.182796518227804, 49.468574747964816 ], [ -123.191021212772512, 49.475388041142843 ], [ -123.190687890648675, 49.478214221594186 ], [ -123.189314103977097, 49.480737698366667 ], [ -123.19065705742652, 49.482671015565046 ], [ -123.196295948702414, 49.487235524954684 ], [ -123.200202732094411, 49.486927338717543 ], [ -123.201342863651675, 49.487416809855922 ], [ -123.201190187715667, 49.488087726467619 ], [ -123.20572634422588, 49.490167967158392 ], [ -123.205653986283252, 49.491523026668098 ], [ -123.208629379757028, 49.493425646076652 ], [ -123.209351826752894, 49.494590249494131 ], [ -123.209644536416974, 49.500061477504872 ], [ -123.210286756306601, 49.501248820262973 ], [ -123.211690734462906, 49.502762435754782 ], [ -123.214187416828011, 49.50350765508842 ], [ -123.215269853414057, 49.504533793174474 ], [ -123.2152247820231, 49.50542390922454 ], [ -123.213819785168553, 49.507074733978698 ], [ -123.216639139806134, 49.507750269654046 ], [ -123.218914337120523, 49.51110843113473 ], [ -123.221775312694589, 49.51210109205369 ], [ -123.222786008550145, 49.513156772818384 ], [ -123.227741390516059, 49.51462438910648 ], [ -123.22773332858803, 49.523381204125194 ], [ -123.216614732603276, 49.523373817706684 ], [ -123.216614738164822, 49.520846284306145 ], [ -123.196214356887808, 49.520845026980432 ], [ -123.198661929085105, 49.519707160149466 ], [ -123.198938702718749, 49.518459115862235 ], [ -123.197878279794182, 49.516662119374239 ], [ -123.198982444342235, 49.512899996284517 ], [ -123.197937304672436, 49.512030241212607 ], [ -123.197857152911752, 49.51006584870801 ], [ -123.196004882268213, 49.5094149588802 ], [ -123.196422038403611, 49.508546929344561 ], [ -123.194729601732462, 49.507238810055263 ], [ -123.194826181327187, 49.506172661253089 ], [ -123.193773937390205, 49.505400511910722 ], [ -123.192463856146176, 49.5023382088755 ] ] ], [ [ [ -123.233292626768147, 49.523384488513614 ], [ -123.23329758020455, 49.51976548169165 ], [ -123.238856497743825, 49.519768491713052 ], [ -123.238851924628975, 49.523387506347973 ], [ -123.233292626768147, 49.523384488513614 ] ] ] ] } },
{ "type": "Feature", "properties": { "name": "Macmillan Park", "kind": "Provincial" }, "geometry": { "type": "MultiPolygon", "coordinates": [ [ [ [ -124.660476359884015, 49.293787864341112 ], [ -124.653910337336654, 49.292770257045241 ], [ -124.654783633513276, 49.291115838963229 ], [ -124.660791710243686, 49.291713150280529 ], [ -124.663767901540936, 49.291180520481298 ], [ -124.667928597993907, 49.289578700796561 ], [ -124.675409636175658, 49.282670899316294 ], [ -124.675129428318684, 49.275506208157211 ], [ -124.679013245484668, 49.277297252998167 ], [ -124.679026940603876, 49.28153583285934 ], [ -124.678220394908578, 49.2850279993662 ], [ -124.671898124173282, 49.290830401193453 ], [ -124.665477666732386, 49.293676012880354 ], [ -124.662104984565261, 49.29272993585888 ], [ -124.660476359884015, 49.293787864341112 ] ] ], [ [ [ -124.655172890410611, 49.290833809143528 ], [ -124.657094191541134, 49.289440519783177 ], [ -124.657055000551011, 49.28520101585837 ], [ -124.663319704060228, 49.280765078474076 ], [ -124.661047539203352, 49.273982943784858 ], [ -124.661895181908434, 49.271709389458735 ], [ -124.666852147284231, 49.268814338845388 ], [ -124.67390319713769, 49.268709989258639 ], [ -124.675427061251696, 49.270992847263948 ], [ -124.674583920729802, 49.274035831739106 ], [ -124.675263198695134, 49.281343480369685 ], [ -124.674846910439939, 49.282875138534351 ], [ -124.66792039762305, 49.289182656369832 ], [ -124.665954285617872, 49.290126027430212 ], [ -124.660530749633494, 49.291460402841899 ], [ -124.655172890410611, 49.290833809143528 ] ] ] ] } },
{ "type": "Feature", "properties": { "name": "Mount Maxwell Park", "kind": "Provincial" }, "geometry": { "type": "Polygon", "coordinates": [ [ [ -123.519552358789838, 48.809126924348917 ], [ -123.519606520122309, 48.808175161387176 ], [ -123.509291630947033, 48.808175758967636 ], [ -123.509285520997295, 48.804565222653572 ], [ -123.498356534278571, 48.804564777641545 ], [ -123.498375532119312, 48.798882147622024 ], [ -123.498939315861548, 48.799039196455531 ], [ -123.501730905967563, 48.794881659261328 ], [ -123.516833342964702, 48.799003936324674 ], [ -123.517921027006338, 48.797334463316659 ], [ -123.520284180342799, 48.797333703722629 ], [ -123.520303855611118, 48.804563389069706 ], [ -123.531241598096997, 48.804557492717926 ], [ -123.531249923598196, 48.811794270146216 ], [ -123.532169416832815, 48.812744989439068 ], [ -123.531622597919494, 48.814097522260433 ], [ -123.530213268661583, 48.814597564754173 ], [ -123.528614496075917, 48.812283221422859 ], [ -123.522329620733416, 48.811010747378596 ], [ -123.522350070177794, 48.810503091185801 ], [ -123.519552358789838, 48.809126924348917 ] ] ] } },
{ "type": "Feature", "properties": { "name": "Bligh Island Park", "kind": "Provincial" }, "geometry": { "type": "Polygon", "coordinates": [ [ [ -126.521717939604841, 49.600985206504362 ], [ -126.5986965345177, 49.600986583287273 ], [ -126.597942084616108, 49.674748433294667 ], [ -126.561922197917355, 49.674743777093106 ], [ -126.561285412247372, 49.644837371762513 ], [ -126.56064644387078, 49.644679100335416 ], [ -126.548556479471983, 49.645162810402823 ], [ -126.545890673795824, 49.647131727430903 ], [ -126.543256878335157, 49.647395192864934 ], [ -126.540547733389388, 49.651045816918 ], [ -126.536954465310018, 49.653719743335181 ], [ -126.534342449597446, 49.653702056633918 ], [ -126.532176651755037, 49.652397583875356 ], [ -126.530317624069838, 49.654026132260611 ], [ -126.529837350111322, 49.656551549061689 ], [ -126.527263788448394, 49.657497505658498 ], [ -126.522148544111019, 49.656010641956236 ], [ -126.518148083028919, 49.656716120410962 ], [ -126.513240010040604, 49.655204691065251 ], [ -126.508788312629804, 49.657125093206545 ], [ -126.508336910442125, 49.658488073110725 ], [ -126.507319511829209, 49.658857002019609 ], [ -126.49737878565378, 49.655267443744158 ], [ -126.495140967761941, 49.650531164022397 ], [ -126.488276087841086, 49.640659907217653 ], [ -126.501925080573145, 49.62244297293568 ], [ -126.513276378545513, 49.609471818094249 ], [ -126.521717939604841, 49.600985206504362 ] ] ] } },
{ "type": "Feature", "properties": { "name": "Teakerne Arm Park", "kind": "Provincial" }, "geometry": { "type": "Polygon", "coordinates": [ [ [ -124.836372661758475, 50.195082642207147 ], [ -124.843372750614392, 50.195082850367669 ], [ -124.847496160242642, 50.197279296521856 ], [ -124.847986666141068, 50.199114476927562 ], [ -124.850380390086841, 50.19865380903672 ], [ -124.850381927771409, 50.208570355460715 ], [ -124.836370780101461, 50.208570420218706 ], [ -124.836372661758475, 50.195082642207147 ] ] ] } },
{ "type": "Feature", "properties": { "name": "Mount Maxwell Ecological Reserve", "kind": "Provincial" }, "geometry": { "type": "Polygon", "coordinates": [ [ [ -123.553155534396197, 48.819036743691626 ], [ -123.539967221603561, 48.819041496965824 ], [ -123.537192911101073, 48.81714132822696 ], [ -123.531225330830651, 48.815776296432603 ], [ -123.532472885962321, 48.812600909750536 ], [ -123.531249923598196, 48.811794270146216 ], [ -123.531241598096997, 48.804557492717926 ], [ -123.520303855611118, 48.804563389069706 ], [ -123.520284180342799, 48.797333703722629 ], [ -123.531241164609298, 48.800566029464783 ], [ -123.534181132854783, 48.800562494858227 ], [ -123.538321000268539, 48.801989984026342 ], [ -123.539662997428252, 48.80376398200687 ], [ -123.543605998776286, 48.80450199686571 ], [ -123.547032006032254, 48.806518996387233 ], [ -123.546958006268468, 48.808443989199191 ], [ -123.548333998920626, 48.809768981061843 ], [ -123.553718994860418, 48.812656996368233 ], [ -123.55386499651901, 48.81360998560902 ], [ -123.559086997301918, 48.816328996504346 ], [ -123.567989000170869, 48.818282981655415 ], [ -123.568740999870286, 48.819753983855783 ], [ -123.571138999923079, 48.821028995941006 ], [ -123.572380003337059, 48.823415986092442 ], [ -123.572464995038459, 48.826168983235199 ], [ -123.557251302515425, 48.826232132142771 ], [ -123.553139665540698, 48.822626309065434 ], [ -123.553155534396197, 48.819036743691626 ] ] ] } },
{ "type": "Feature", "properties": { "name": "Lasqueti Island Ecological Reserve", "kind": "Provincial" }, "geometry": { "type": "Polygon", "coordinates": [ [ [ -124.283660898069897, 49.455406197309088 ], [ -124.284622188910831, 49.456340794328824 ], [ -124.285560605331895, 49.455886836170379 ], [ -124.285995476947249, 49.456394191182518 ], [ -124.291084284282093, 49.456348414407124 ], [ -124.295310965055918, 49.457244867323602 ], [ -124.296348568660974, 49.458366392569232 ], [ -124.304801935461768, 49.460750581471508 ], [ -124.300765987554243, 49.460739137046495 ], [ -124.30074310708504, 49.468734749936246 ], [ -124.278457640602355, 49.468612673884913 ], [ -124.278381344545309, 49.456569672323873 ], [ -124.282150274334981, 49.457851402344644 ], [ -124.282081593494183, 49.456779479145972 ], [ -124.282814026939874, 49.456394190689629 ], [ -124.282279976027667, 49.455818183261997 ], [ -124.283660898069897, 49.455406197309088 ] ] ] } },
{ "type": "Feature", "properties": { "name": "Comox Lake Bluffs Ecological Reserve", "kind": "Provincial" }, "geometry": { "type": "MultiPolygon", "coordinates": [ [ [ [ -125.09752654546466, 49.639980324372601 ], [ -125.094841021720853, 49.639976505385924 ], [ -125.094673152836634, 49.639556891671518 ], [ -125.096664426667644, 49.638763436960176 ], [ -125.09752654546466, 49.639980324372601 ] ] ], [ [ [ -125.113914486729172, 49.636722570692804 ], [ -125.119430536468272, 49.63554381881918 ], [ -125.119438166850131, 49.63997650625118 ], [ -125.098579408005477, 49.639980309186527 ], [ -125.100028989790644, 49.638828283629515 ], [ -125.106483469244907, 49.638523106538017 ], [ -125.107559206594956, 49.638980883538039 ], [ -125.107666016868734, 49.638320927264928 ], [ -125.111373905981822, 49.636264803843673 ], [ -125.113914486729172, 49.636722570692804 ] ] ] ] } },
{ "type": "Feature", "properties": { "name": "Rose Islets Ecological Reserve", "kind": "Provincial" }, "geometry": { "type": "MultiPolygon", "coordinates": [ [ [ [ -123.646778595868042, 49.010432301823705 ], [ -123.647168466028319, 49.010969851560226 ], [ -123.647009038347363, 49.011330565128269 ], [ -123.646360995449058, 49.010920406689074 ], [ -123.646778595868042, 49.010432301823705 ] ] ], [ [ [ -123.643260218725942, 49.00694363897793 ], [ -123.644158132992985, 49.007649298436725 ], [ -123.64464032270871, 49.008986954662156 ], [ -123.644119803473018, 49.008917909319159 ], [ -123.643260218725942, 49.00694363897793 ] ] ], [ [ [ -123.641954017712322, 49.006384196342886 ], [ -123.642061901836712, 49.006266655401724 ], [ -123.642104874616194, 49.006419338699303 ], [ -123.641954017712322, 49.006384196342886 ] ] ], [ [ [ -123.637750473536101, 49.005939731141012 ], [ -123.638159743016132, 49.00586551171633 ], [ -123.638258208494264, 49.006080847493344 ], [ -123.637750473536101, 49.005939731141012 ] ] ], [ [ [ -123.636863831543636, 49.005036056087505 ], [ -123.636930134831388, 49.004873777496854 ], [ -123.637055128385157, 49.005026017914687 ], [ -123.636863831543636, 49.005036056087505 ] ] ] ] } },
{ "type": "Feature", "properties": { "name": "San Juan Ridge Ecological Reserve", "kind": "Provincial" }, "geometry": { "type": "Polygon", "coordinates": [ [ [ -124.108744027578012, 48.524281285403653 ], [ -124.111760889494889, 48.524367697498093 ], [ -124.111883490972104, 48.530341719270012 ], [ -124.106171761784978, 48.530466376050406 ], [ -124.106216304458286, 48.53137048200837 ], [ -124.103493152090707, 48.531429448705609 ], [ -124.100144394433258, 48.537578759503198 ], [ -124.098101627526049, 48.537622718270946 ], [ -124.092145074364552, 48.531572848708706 ], [ -124.092016999159469, 48.52898868914297 ], [ -124.102346585953143, 48.528224119638345 ], [ -124.104707124404399, 48.527339302686535 ], [ -124.108744027578012, 48.524281285403653 ] ] ] } },
{ "type": "Feature", "properties": { "name": "San Juan River Estuary Ecological Reserve", "kind": "Provincial" }, "geometry": { "type": "MultiPolygon", "coordinates": [ [ [ [ -124.359745803165737, 48.574331177046496 ], [ -124.360615436825682, 48.576557265015261 ], [ -124.361749549693101, 48.577175388186838 ], [ -124.365235717253896, 48.577752465354415 ], [ -124.365244035267537, 48.581080894586457 ], [ -124.36111999442322, 48.578389311406397 ], [ -124.346496527805968, 48.578380146679372 ], [ -124.357247882485382, 48.574121608117579 ], [ -124.359745803165737, 48.574331177046496 ] ] ], [ [ [ -124.354361472878452, 48.573495863289978 ], [ -124.354366001794148, 48.574869672662409 ], [ -124.353720543435685, 48.573951974242654 ], [ -124.354361472878452, 48.573495863289978 ] ] ], [ [ [ -124.361579314300997, 48.568817759986459 ], [ -124.362566535089258, 48.56772128061651 ], [ -124.371589472691113, 48.567034568506429 ], [ -124.373794146974419, 48.568456728834036 ], [ -124.373857517707805, 48.570917970055341 ], [ -124.375965050204158, 48.571427238421329 ], [ -124.381788437294617, 48.568226119242816 ], [ -124.382621175778581, 48.566677684816796 ], [ -124.382649508753445, 48.564462914206757 ], [ -124.3855397921334, 48.564466981334604 ], [ -124.386984166311947, 48.566939718555119 ], [ -124.387048519187061, 48.573333973007799 ], [ -124.381450936103789, 48.574736061170739 ], [ -124.381447647204297, 48.572930719320702 ], [ -124.380646452097281, 48.572936391720745 ], [ -124.379555136466635, 48.574360983878925 ], [ -124.377869550414403, 48.574772091540353 ], [ -124.376143185240608, 48.574405370343072 ], [ -124.376139204636246, 48.572040718544812 ], [ -124.357291826996203, 48.57202509177997 ], [ -124.358202042313422, 48.571277744270702 ], [ -124.360122095633216, 48.571092490905798 ], [ -124.362962163029721, 48.571510898960469 ], [ -124.362826933832693, 48.570188478754709 ], [ -124.361579314300997, 48.568817759986459 ] ] ], [ [ [ -124.38582135503141, 48.564493907814068 ], [ -124.386956448145668, 48.564663924993823 ], [ -124.386978503528027, 48.5664749084372 ], [ -124.386143433595791, 48.565045223075394 ], [ -124.38582135503141, 48.564493907814068 ] ] ] ] } },
{ "type": "Feature", "properties": { "name": "White River Park", "kind": "Provincial" }, "geometry": { "type": "Polygon", "coordinates": [ [ [ -126.038427657854541, 50.137533285584169 ], [ -126.043394424588669, 50.137659936421421 ], [ -126.043418540796054, 50.139357264318406 ], [ -126.041534049025302, 50.140561984503172 ], [ -126.033490795755952, 50.143193863449319 ], [ -126.029034133311626, 50.143720969238679 ], [ -126.027095081500306, 50.144546269310489 ], [ -126.022060012662124, 50.144506089086562 ], [ -126.024588245172112, 50.139781404665406 ], [ -126.029791810808277, 50.139879338801215 ], [ -126.035320561641825, 50.137657822734354 ], [ -126.036236286196257, 50.135523731462584 ], [ -126.038400169611251, 50.134072405681749 ], [ -126.04013016424571, 50.134116535614737 ], [ -126.038679805505609, 50.135368625274538 ], [ -126.038427657854541, 50.137533285584169 ] ] ] } },
{ "type": "Feature", "properties": { "name": "Plumper Cove Marine Park", "kind": "Provincial" }, "geometry": { "type": "Polygon", "coordinates": [ [ [ -123.477817941043199, 49.400346881003848 ], [ -123.477187289412967, 49.40286574342251 ], [ -123.474930143373655, 49.402866104651537 ], [ -123.4749576353896, 49.406474404763102 ], [ -123.467337083028895, 49.40957081936039 ], [ -123.462435877418216, 49.405624253133936 ], [ -123.459250358324866, 49.405672921467101 ], [ -123.459205505336769, 49.402064149990508 ], [ -123.465219075695344, 49.402202864126487 ], [ -123.46513062754309, 49.403836922084778 ], [ -123.472084256337538, 49.404008669896392 ], [ -123.472086258024675, 49.401235954077897 ], [ -123.476782346033332, 49.399822255984361 ], [ -123.477817941043199, 49.400346881003848 ] ] ] } },
{ "type": "Feature", "properties": { "name": "Sutton Pass Ecological Reserve", "kind": "Provincial" }, "geometry": { "type": "Polygon", "coordinates": [ [ [ -125.354583050447872, 49.279785465575046 ], [ -125.350121207621257, 49.281775698197308 ], [ -125.349369561781643, 49.280868250886861 ], [ -125.351761122101621, 49.279514610393278 ], [ -125.354583050447872, 49.279785465575046 ] ] ] } },
{ "type": "Feature", "properties": { "name": "Nitinat Lake Ecological Reserve", "kind": "Provincial" }, "geometry": { "type": "Polygon", "coordinates": [ [ [ -124.727070205120683, 48.759682018457802 ], [ -124.72496755026792, 48.756861062453481 ], [ -124.727123013369777, 48.75701825730772 ], [ -124.728691060750464, 48.755924144991866 ], [ -124.73160752198342, 48.759227056663875 ], [ -124.727252189182593, 48.765149179598431 ], [ -124.723086628195844, 48.767100819524941 ], [ -124.720263565506642, 48.769716001149092 ], [ -124.717759551654183, 48.772515280313634 ], [ -124.71678492590388, 48.77506681791921 ], [ -124.713073027918725, 48.776756913014083 ], [ -124.713072027111878, 48.773591639882142 ], [ -124.715324258675139, 48.769699673500988 ], [ -124.720050140329789, 48.765099481062137 ], [ -124.723795117472108, 48.76360857152789 ], [ -124.727070205120683, 48.759682018457802 ] ] ] } },
{ "type": "Feature", "properties": { "name": "Hesquiat Peninsula Park", "kind": "Provincial" }, "geometry": { "type": "Polygon", "coordinates": [ [ [ -126.524246016635047, 49.447483817587326 ], [ -126.485406139306761, 49.447484653738563 ], [ -126.485409907828355, 49.436632013840971 ], [ -126.483418429497164, 49.440231389556054 ], [ -126.47806479779797, 49.442938121079656 ], [ -126.477259131920476, 49.444176120829439 ], [ -126.477695180586139, 49.445709225105595 ], [ -126.477084014433217, 49.44593342103051 ], [ -126.477080743884031, 49.447483041201934 ], [ -126.485406139306761, 49.447484653738563 ], [ -126.460314883571897, 49.469182936578321 ], [ -126.4482639107718, 49.469177654869213 ], [ -126.435428547171895, 49.475400028312734 ], [ -126.435427241681197, 49.476304491248079 ], [ -126.452082663314542, 49.476414391620366 ], [ -126.451983988268793, 49.481975552895435 ], [ -126.436794862283634, 49.481967478912061 ], [ -126.437060224289837, 49.480840818288236 ], [ -126.435950918774708, 49.478164995688289 ], [ -126.423589526045589, 49.478012428767002 ], [ -126.418851763298662, 49.477243474792147 ], [ -126.414758367578997, 49.475459222706718 ], [ -126.41347851092678, 49.473989476511221 ], [ -126.410658065923087, 49.47439328780532 ], [ -126.403484810879675, 49.477480734110451 ], [ -126.401813878405633, 49.476416923473288 ], [ -126.401629093849365, 49.475313153177929 ], [ -126.400769307522268, 49.474668594410382 ], [ -126.40203700807885, 49.473363585648393 ], [ -126.403216914293054, 49.470573748480398 ], [ -126.406616080806444, 49.468290391055703 ], [ -126.408974198635775, 49.461113162095536 ], [ -126.419240727507628, 49.461122685536878 ], [ -126.419204820238775, 49.462356821176193 ], [ -126.422257058425586, 49.464553106762331 ], [ -126.421812611657145, 49.465531358025771 ], [ -126.41965957857893, 49.46651342229827 ], [ -126.419269181215469, 49.468987420554662 ], [ -126.424384579753095, 49.472118370452556 ], [ -126.427314628041145, 49.471399204655 ], [ -126.431582189699313, 49.471373314172375 ], [ -126.435538117755669, 49.469029671464206 ], [ -126.441912790004039, 49.466530848517394 ], [ -126.445391286082227, 49.463464837862951 ], [ -126.444508597432986, 49.462410793025455 ], [ -126.444633568050577, 49.460014511321482 ], [ -126.446035639227034, 49.458114775571708 ], [ -126.447550058809625, 49.457335138565739 ], [ -126.447634960985596, 49.455067547994531 ], [ -126.45001460196211, 49.450598280341815 ], [ -126.456418304761826, 49.44767116819947 ], [ -126.455137236622249, 49.446777553473204 ], [ -126.454510011931575, 49.442527926607966 ], [ -126.459009547604367, 49.440338808421984 ], [ -126.462270481119617, 49.440022520278717 ], [ -126.466103204188485, 49.438670823845399 ], [ -126.469326562519242, 49.438727540141308 ], [ -126.472022423324177, 49.439560059664004 ], [ -126.475276669952208, 49.437384746021777 ], [ -126.481386249000849, 49.430672804200604 ], [ -126.483054296935038, 49.427152967144487 ], [ -126.483120374192936, 49.423260622762854 ], [ -126.479061061698914, 49.4209594819702 ], [ -126.465983045960044, 49.420519892503272 ], [ -126.463695606729488, 49.416392004323171 ], [ -126.465195743130323, 49.414108178457816 ], [ -126.465041314993996, 49.412379981681994 ], [ -126.458236041522156, 49.410394551425384 ], [ -126.456586019129091, 49.409352343815868 ], [ -126.455353264621252, 49.407139341437237 ], [ -126.456162219934455, 49.402611728852825 ], [ -126.460489229094023, 49.397838434659832 ], [ -126.456914965096203, 49.393385046191362 ], [ -126.45636225562896, 49.389516279612842 ], [ -126.459507538382496, 49.388464523957715 ], [ -126.463565776715313, 49.384932824616548 ], [ -126.465759172847243, 49.381562235826244 ], [ -126.468564359312438, 49.380050659533211 ], [ -126.468174031185626, 49.375501640485595 ], [ -126.474202212860519, 49.372563361144145 ], [ -126.475337185128566, 49.372910788100015 ], [ -126.478503258362664, 49.372203779351693 ], [ -126.484145401093087, 49.373388208370251 ], [ -126.487285498751476, 49.376108011573258 ], [ -126.494391935821042, 49.375967732856054 ], [ -126.496111987380232, 49.376792190958248 ], [ -126.496857390169566, 49.376087626531522 ], [ -126.502877867696782, 49.375095855016674 ], [ -126.511662237499351, 49.374649983410279 ], [ -126.515100101997163, 49.373725118718887 ], [ -126.532525716147433, 49.373169340851973 ], [ -126.539706927369465, 49.374893728070951 ], [ -126.545095245549874, 49.377004300056669 ], [ -126.545307418476554, 49.384240032131238 ], [ -126.541715686424027, 49.38552210725905 ], [ -126.541076654974148, 49.387280771970538 ], [ -126.541462780989121, 49.390311731822401 ], [ -126.545072345069002, 49.393654115260688 ], [ -126.547358982657997, 49.394233463957264 ], [ -126.549694995858317, 49.396037279302739 ], [ -126.552995039918812, 49.400000015576346 ], [ -126.560267235307563, 49.402378563902317 ], [ -126.560278168123787, 49.411294369199432 ], [ -126.568617002417369, 49.411289749869233 ], [ -126.568633428943372, 49.423001257688092 ], [ -126.563899307815035, 49.425404387474856 ], [ -126.562769181716945, 49.42928491183865 ], [ -126.564949771630722, 49.434548659516025 ], [ -126.563542219023176, 49.434400205662882 ], [ -126.561130408770751, 49.43534974175892 ], [ -126.559334177594295, 49.437353973204608 ], [ -126.557380390321782, 49.441414955214491 ], [ -126.558066045656375, 49.442886825092536 ], [ -126.557567086427213, 49.443488033410667 ], [ -126.555505697789982, 49.444434033299459 ], [ -126.55346698045085, 49.443815137502796 ], [ -126.548320225074789, 49.444101909786298 ], [ -126.546565756482693, 49.445252179709215 ], [ -126.549355704038263, 49.445194422184649 ], [ -126.547886451737313, 49.448923660126532 ], [ -126.550964676207641, 49.451390912899178 ], [ -126.55579096185636, 49.451735952823 ], [ -126.566629034704505, 49.456354746994442 ], [ -126.570974387676912, 49.459180969147901 ], [ -126.572016048881224, 49.460723208767817 ], [ -126.57133697047685, 49.461896435692388 ], [ -126.574269042964715, 49.464288001493252 ], [ -126.572484204908747, 49.465492001064653 ], [ -126.570447490062392, 49.465368236387036 ], [ -126.569706028933908, 49.466405208581961 ], [ -126.567333437179769, 49.466931040348328 ], [ -126.566032276979755, 49.46811814493784 ], [ -126.569350592280344, 49.47079684031668 ], [ -126.569218029726201, 49.471801613380542 ], [ -126.571158532273301, 49.474991045194017 ], [ -126.569019541747068, 49.476367474074458 ], [ -126.56761012798647, 49.476112925251563 ], [ -126.566221125523427, 49.477118250969703 ], [ -126.566035461888404, 49.478634687040298 ], [ -126.567853765616888, 49.480112327022781 ], [ -126.565796268655077, 49.481787287801566 ], [ -126.563236931670957, 49.482165190272426 ], [ -126.561177067795668, 49.483327234433737 ], [ -126.561829447717827, 49.485482074607717 ], [ -126.561270027388446, 49.485902090132399 ], [ -126.561611507646575, 49.489867578494191 ], [ -126.557806213637491, 49.495013999080435 ], [ -126.558467170115236, 49.49838350943164 ], [ -126.557751193388825, 49.502776475120939 ], [ -126.558149194080912, 49.504215271827832 ], [ -126.556993046545188, 49.507735315463307 ], [ -126.557949954357738, 49.508493207684133 ], [ -126.558001358119867, 49.509402892604548 ], [ -126.553229060857859, 49.511461071075466 ], [ -126.550110415857972, 49.511386046598986 ], [ -126.55103004265986, 49.512889881187078 ], [ -126.550199713516776, 49.515957958418426 ], [ -126.552300578492435, 49.521202177793995 ], [ -126.554982855022686, 49.521726718144158 ], [ -126.555777782286214, 49.524352391215672 ], [ -126.556806591423154, 49.525336716029116 ], [ -126.562630551591852, 49.526053360773886 ], [ -126.562977714919796, 49.527131211010314 ], [ -126.562132661038234, 49.528282880564092 ], [ -126.568818662813342, 49.531689209325293 ], [ -126.569011448861829, 49.532817762880519 ], [ -126.570556948789516, 49.534541505638373 ], [ -126.568491569572075, 49.534102268361764 ], [ -126.551328396089261, 49.534259832599162 ], [ -126.550247147405983, 49.532780003028556 ], [ -126.546586513552739, 49.531546819404177 ], [ -126.538687358901697, 49.532681503578729 ], [ -126.526533524474047, 49.52702974468238 ], [ -126.535416875008139, 49.527022371723945 ], [ -126.535349032404511, 49.454714822621973 ], [ -126.524246016635047, 49.447483817587326 ] ], [ [ -126.468682182505901, 49.396710983396702 ], [ -126.467664275086705, 49.399081705479865 ], [ -126.46306362901845, 49.404068907450814 ], [ -126.479876938201173, 49.40407309219453 ], [ -126.479884030701811, 49.387793988730429 ], [ -126.468937430240871, 49.387791235114726 ], [ -126.466055642340521, 49.389897162157276 ], [ -126.46516882451391, 49.39159601377996 ], [ -126.463660123637126, 49.392180324623382 ], [ -126.464885971102277, 49.393074195973902 ], [ -126.465619527764687, 49.394837611721364 ], [ -126.468453076016232, 49.395448176405417 ], [ -126.468682182505901, 49.396710983396702 ] ] ] } },
{ "type": "Feature", "properties": { "name": "Burgoyne Bay Park", "kind": "Provincial" }, "geometry": { "type": "MultiPolygon", "coordinates": [ [ [ [ -123.501730905967563, 48.794881659261328 ], [ -123.504821360012969, 48.789998075904002 ], [ -123.508115736337317, 48.792215076124243 ], [ -123.5140634809067, 48.793199718140244 ], [ -123.515415667109551, 48.792969122696249 ], [ -123.51616878786318, 48.793593150813059 ], [ -123.523276049689727, 48.795307014157835 ], [ -123.525913303448377, 48.797578682823833 ], [ -123.528755985585462, 48.798304179006102 ], [ -123.526088572961683, 48.797440760098311 ], [ -123.523440262483689, 48.795161133525347 ], [ -123.519770689987965, 48.794070685978589 ], [ -123.520985356643948, 48.793718479355981 ], [ -123.521972117055981, 48.794642969663037 ], [ -123.526941727574922, 48.795915778907307 ], [ -123.528123070761879, 48.796899928405871 ], [ -123.533888820435862, 48.798735536077672 ], [ -123.534181132854783, 48.800562494858227 ], [ -123.531241164609298, 48.800566029464783 ], [ -123.520284180342799, 48.797333703722629 ], [ -123.517921027006338, 48.797334463316659 ], [ -123.516833342964702, 48.799003936324674 ], [ -123.501730905967563, 48.794881659261328 ] ] ], [ [ [ -123.515271846983197, 48.792775935862331 ], [ -123.508229412565058, 48.792051419351218 ], [ -123.504895765248989, 48.789794760683193 ], [ -123.507319820226598, 48.785964821710778 ], [ -123.509492364323151, 48.785512180782099 ], [ -123.511966385767991, 48.783915283129097 ], [ -123.518112646448515, 48.784977865840105 ], [ -123.521480270851995, 48.78631721268966 ], [ -123.522572408474616, 48.786369150718869 ], [ -123.520268214254273, 48.784494846456589 ], [ -123.517258603347685, 48.782671118867121 ], [ -123.510857985744408, 48.780397880618025 ], [ -123.512090718670478, 48.778362894463655 ], [ -123.507825073510048, 48.777163749878731 ], [ -123.50427698695303, 48.774286896513559 ], [ -123.511938354668999, 48.777362002299469 ], [ -123.515339909906388, 48.77813242889922 ], [ -123.518882730813687, 48.778382161465814 ], [ -123.520636409155969, 48.778060855370356 ], [ -123.521528956184341, 48.777468354132196 ], [ -123.525888449552824, 48.77964504467348 ], [ -123.528017252472154, 48.78156759576553 ], [ -123.527346241513072, 48.782654181978167 ], [ -123.550488106079555, 48.789220893469505 ], [ -123.547558876712657, 48.791078792813693 ], [ -123.541579748364654, 48.792150586642258 ], [ -123.535649177630646, 48.791413630973985 ], [ -123.533282803936387, 48.790381075929147 ], [ -123.518755538746035, 48.787730584038414 ], [ -123.517403332511023, 48.788627253461243 ], [ -123.51752944258034, 48.790299954452131 ], [ -123.520665378842793, 48.792049043114893 ], [ -123.521455491503659, 48.793403869929136 ], [ -123.519521397352264, 48.793932345150601 ], [ -123.515271846983197, 48.792775935862331 ] ] ], [ [ [ -123.50948087609143, 48.782526749145859 ], [ -123.510716771285658, 48.780555033136558 ], [ -123.517096402581984, 48.782818481126846 ], [ -123.521924632213185, 48.786237326429884 ], [ -123.518219279465399, 48.784811429455885 ], [ -123.50948087609143, 48.782526749145859 ] ] ], [ [ [ -123.518832522661384, 48.778205254577934 ], [ -123.51206792113426, 48.777203548734612 ], [ -123.505012412637555, 48.774156703797161 ], [ -123.504260757190707, 48.774090415787647 ], [ -123.503966290056439, 48.774413437372054 ], [ -123.502444824085813, 48.772827540107649 ], [ -123.497966980026021, 48.771015583116423 ], [ -123.497249607593716, 48.76985427162959 ], [ -123.495486360570311, 48.768501163355339 ], [ -123.496510540160969, 48.768055581441665 ], [ -123.498280245647166, 48.768704757953813 ], [ -123.499063846429351, 48.76841138380896 ], [ -123.499352099848721, 48.767858317457971 ], [ -123.508314188371884, 48.772558727474582 ], [ -123.521308481533367, 48.777361908668738 ], [ -123.518832522661384, 48.778205254577934 ] ] ], [ [ [ -123.488126465941946, 48.771603608643844 ], [ -123.488169765376355, 48.767705805521395 ], [ -123.499053773963624, 48.767758108890327 ], [ -123.498419990368433, 48.768486073789802 ], [ -123.496306270321682, 48.76788082103603 ], [ -123.495216509610117, 48.768678225290515 ], [ -123.497769807828661, 48.771139640157429 ], [ -123.502256629513369, 48.77297146221256 ], [ -123.502966165906059, 48.774130473970366 ], [ -123.50737587611124, 48.777037450717124 ], [ -123.488126465941946, 48.771603608643844 ] ] ] ] } },
{ "type": "Feature", "properties": { "name": "Gerald Island Park", "kind": "Provincial" }, "geometry": { "type": "Polygon", "coordinates": [ [ [ -124.159117255370305, 49.309737551015132 ], [ -124.162377426172185, 49.309731852272087 ], [ -124.166304855133674, 49.312291161558264 ], [ -124.165823177650708, 49.312828093405962 ], [ -124.163732018232835, 49.312254136263618 ], [ -124.163149177623367, 49.313295239034488 ], [ -124.16078738230712, 49.312896445546848 ], [ -124.159453988574271, 49.310535105312297 ], [ -124.160226485979024, 49.310113555462479 ], [ -124.159117255370305, 49.309737551015132 ] ] ] } },
{ "type": "Feature", "properties": { "name": "Juan De Fuca Park", "kind": "Provincial" }, "geometry": { "type": "MultiPolygon", "coordinates": [ [ [ [ -124.437998780349417, 48.542249105484942 ], [ -124.437090955696775, 48.544771446420789 ], [ -124.437096302393542, 48.540380764063862 ], [ -124.43438923346892, 48.540432177557484 ], [ -124.434479324207516, 48.529023311382907 ], [ -124.412898322481638, 48.528982030836794 ], [ -124.412777294185901, 48.525697376834977 ], [ -124.39120488128043, 48.525714556746593 ], [ -124.39118583856289, 48.515214254852033 ], [ -124.394782208521193, 48.5163151608063 ], [ -124.395677435525926, 48.517341997483797 ], [ -124.397302889847211, 48.517395400529374 ], [ -124.399564401807012, 48.520992970086816 ], [ -124.400536809398673, 48.5214199684685 ], [ -124.402360547563092, 48.518722269326531 ], [ -124.406560245244151, 48.518634437090753 ], [ -124.408907296752801, 48.518948511141893 ], [ -124.40959058258953, 48.519282937386421 ], [ -124.408951779893172, 48.519560430877647 ], [ -124.410472826659188, 48.520094820901491 ], [ -124.41231999745159, 48.519743093669625 ], [ -124.416093347243745, 48.521942268200249 ], [ -124.417608853829023, 48.521958764548245 ], [ -124.418942556587993, 48.523414063528406 ], [ -124.430449444727515, 48.52267279328337 ], [ -124.431333474840841, 48.523045733433356 ], [ -124.429909755918146, 48.52329197208465 ], [ -124.431519985405458, 48.523806704933293 ], [ -124.432806032870985, 48.523068533492847 ], [ -124.43460442191811, 48.5234254808584 ], [ -124.433750586764816, 48.523879482134795 ], [ -124.43456671806247, 48.524674854447518 ], [ -124.440203278373048, 48.521163925414228 ], [ -124.449214506446125, 48.522221733606202 ], [ -124.451122552958267, 48.524372256408576 ], [ -124.459961877157909, 48.527309298306797 ], [ -124.456148087939269, 48.52984297098503 ], [ -124.456172445465171, 48.532424206272438 ], [ -124.452595093310549, 48.53239658042498 ], [ -124.44736845371294, 48.535160630138044 ], [ -124.445566672211882, 48.537010010875335 ], [ -124.444756370768729, 48.538942443565844 ], [ -124.439991203431347, 48.541739552564287 ], [ -124.437998780349417, 48.542249105484942 ] ], [ [ -124.445370952910167, 48.527330761055389 ], [ -124.445373023847694, 48.525380749289958 ], [ -124.444614262892657, 48.525434686375633 ], [ -124.444166793958772, 48.527345878446042 ], [ -124.445370952910167, 48.527330761055389 ] ] ], [ [ [ -124.189641611621852, 48.456739254049126 ], [ -124.189621232931046, 48.455702410354135 ], [ -124.183693165633784, 48.455703071295709 ], [ -124.182501032452137, 48.454573824670767 ], [ -124.170641240249083, 48.453320895322356 ], [ -124.170652485095246, 48.452006308572102 ], [ -124.182773385944799, 48.453249318310341 ], [ -124.184858650053755, 48.45465784995816 ], [ -124.187172917781652, 48.454476702973928 ], [ -124.20329112013674, 48.457370824878701 ], [ -124.206968532553432, 48.4572702938327 ], [ -124.20693275970568, 48.458306986175536 ], [ -124.211751964922513, 48.459492257685646 ], [ -124.212053613494732, 48.460187343091995 ], [ -124.215853593591731, 48.460921115490947 ], [ -124.218079166699283, 48.462059082651528 ], [ -124.226174678431562, 48.46382476013482 ], [ -124.239134216666471, 48.46820651993373 ], [ -124.250864148152971, 48.47070616323888 ], [ -124.260391128489118, 48.475163534682089 ], [ -124.268888457769151, 48.477877135841965 ], [ -124.272313808073037, 48.479575683648704 ], [ -124.273070672990499, 48.48061992171904 ], [ -124.274528130800434, 48.48045984895014 ], [ -124.28818535325091, 48.484329312883062 ], [ -124.292312209046756, 48.484831832202815 ], [ -124.292866080207745, 48.486921846839678 ], [ -124.294132786789518, 48.488302108601722 ], [ -124.293468326732636, 48.489847997126191 ], [ -124.291620209188025, 48.491155281249938 ], [ -124.294264809005014, 48.493306477378951 ], [ -124.297850956226611, 48.494702645828575 ], [ -124.299070699655275, 48.497239210913897 ], [ -124.299381116967751, 48.499913123546136 ], [ -124.301362492146893, 48.500232428337426 ], [ -124.300440583918785, 48.500927345949648 ], [ -124.302903011438914, 48.500917683346117 ], [ -124.305745793765155, 48.502915400698029 ], [ -124.305213375421047, 48.510203956028462 ], [ -124.294227264264052, 48.51028443546813 ], [ -124.294264638063254, 48.494888792179722 ], [ -124.290491270435098, 48.492445093995002 ], [ -124.289563734341741, 48.490843864322805 ], [ -124.275101371788907, 48.490874643023055 ], [ -124.273613487521118, 48.492334464474858 ], [ -124.264743697431484, 48.493563224378285 ], [ -124.264738952738497, 48.496318120230441 ], [ -124.25520307316657, 48.496315046682092 ], [ -124.255204561480625, 48.494505428568019 ], [ -124.264745199198074, 48.492696969749524 ], [ -124.264746442465295, 48.491966059559495 ], [ -124.272606113369903, 48.490637034130579 ], [ -124.271143742830574, 48.489187819032999 ], [ -124.271586904595694, 48.487428330497799 ], [ -124.272445546104677, 48.486743521291459 ], [ -124.272473505187364, 48.484154234580394 ], [ -124.270878702296841, 48.480580311688819 ], [ -124.268118223114939, 48.479200164840691 ], [ -124.259488573175332, 48.476410235071903 ], [ -124.248586725447737, 48.471579747027697 ], [ -124.23864205854386, 48.469344085741973 ], [ -124.236968571771854, 48.47223244963277 ], [ -124.235595233207505, 48.472766851499237 ], [ -124.235087468916163, 48.47287961140762 ], [ -124.235100769769716, 48.471939671017147 ], [ -124.230165912307868, 48.471948436461574 ], [ -124.233439792271554, 48.467813938631011 ], [ -124.210507318347823, 48.461175313934156 ], [ -124.205359586929063, 48.458801081943598 ], [ -124.202866370128646, 48.4585782258522 ], [ -124.202458192345702, 48.45943550536105 ], [ -124.197700160906678, 48.458424772095285 ], [ -124.198087801780048, 48.457615088727884 ], [ -124.189641611621852, 48.456739254049126 ] ] ], [ [ [ -124.169875065817337, 48.45312891391805 ], [ -124.15858653605126, 48.450433511625057 ], [ -124.156377926949133, 48.448585031163105 ], [ -124.15101137183963, 48.447658744283359 ], [ -124.148361062161058, 48.448098342543105 ], [ -124.143747045307961, 48.446890536759845 ], [ -124.139587469229838, 48.444925660230673 ], [ -124.137170110984357, 48.44505447982111 ], [ -124.131083415989323, 48.443179998198836 ], [ -124.122956661647194, 48.442635838901985 ], [ -124.114281120029219, 48.440222324818777 ], [ -124.083928464001943, 48.439256331462062 ], [ -124.083976086057959, 48.436745272514528 ], [ -124.073325558163546, 48.436682281310667 ], [ -124.073956908982055, 48.424147205551755 ], [ -124.079065526893885, 48.426769359080133 ], [ -124.089457218176236, 48.430487227541313 ], [ -124.095870897287853, 48.434987032798105 ], [ -124.101642362433239, 48.434191533527908 ], [ -124.106928358153638, 48.432235092937432 ], [ -124.10828152292332, 48.433519892696836 ], [ -124.111419989070825, 48.433855192915416 ], [ -124.111473177456702, 48.435033718847443 ], [ -124.112785931993216, 48.436825728793558 ], [ -124.116026451725944, 48.439268476191565 ], [ -124.123576059524439, 48.440988759240639 ], [ -124.133875843954399, 48.44222815140246 ], [ -124.137226884202462, 48.44354929530401 ], [ -124.141338949781499, 48.443650209155969 ], [ -124.143034639000504, 48.444804222936909 ], [ -124.144615842058329, 48.445000027469327 ], [ -124.145367718519907, 48.445887548065556 ], [ -124.148284370115093, 48.44665647880548 ], [ -124.151055399483525, 48.445602523204556 ], [ -124.153381046982588, 48.446925906292151 ], [ -124.157064726332649, 48.44723568442204 ], [ -124.159892670127775, 48.449287224519217 ], [ -124.164315590576265, 48.450792405644464 ], [ -124.169984514882188, 48.45186368299224 ], [ -124.169875065817337, 48.45312891391805 ] ] ], [ [ [ -124.437108602268211, 48.548230882844365 ], [ -124.437090432424995, 48.545202330700761 ], [ -124.438322686463465, 48.543593405487684 ], [ -124.438118924990292, 48.542663002628458 ], [ -124.443284420059783, 48.540367146983122 ], [ -124.444980652858433, 48.539056735308115 ], [ -124.445830889151821, 48.537076002209027 ], [ -124.447532566932253, 48.535338296650963 ], [ -124.452644893700977, 48.532603819838002 ], [ -124.456172297201846, 48.532605175853959 ], [ -124.456171137382682, 48.533988906021527 ], [ -124.462753654762309, 48.533988355047342 ], [ -124.462630924431053, 48.536001831742354 ], [ -124.461028885239699, 48.538607642725843 ], [ -124.452195816351718, 48.545789405151673 ], [ -124.447534073241314, 48.542694029664069 ], [ -124.444703528322464, 48.545130285852345 ], [ -124.441143789262384, 48.546868657073816 ], [ -124.438218050543838, 48.54682756905531 ], [ -124.437108602268211, 48.548230882844365 ] ] ], [ [ [ -124.380157468866926, 48.513649763144606 ], [ -124.375155859037946, 48.513237104100021 ], [ -124.37361221319361, 48.512028136627855 ], [ -124.368830710887664, 48.511473716974436 ], [ -124.364534114168336, 48.510014489416797 ], [ -124.35525987051858, 48.510047793168837 ], [ -124.351818323031239, 48.508964594512854 ], [ -124.347775193436235, 48.509078727740288 ], [ -124.344582315613565, 48.508102840319076 ], [ -124.342061792106847, 48.508976161276479 ], [ -124.34017363331121, 48.507960032161392 ], [ -124.336905166300568, 48.507532922140918 ], [ -124.327456279430862, 48.507489566543143 ], [ -124.327646897305442, 48.503762970455185 ], [ -124.330244521255082, 48.504477373816776 ], [ -124.335251650474888, 48.504183852951996 ], [ -124.345469501341825, 48.505303601112594 ], [ -124.352223162533704, 48.505219031654043 ], [ -124.354828465043383, 48.506139535785245 ], [ -124.362572835175783, 48.507129535356221 ], [ -124.365731185068199, 48.506835958731145 ], [ -124.370793259762678, 48.508496669678941 ], [ -124.37516479430505, 48.508778013904603 ], [ -124.377622166118442, 48.510347838253935 ], [ -124.380152085352307, 48.510252387227773 ], [ -124.380157468866926, 48.513649763144606 ] ] ], [ [ [ -124.228776414773165, 48.473966339318174 ], [ -124.23006818915799, 48.472054208128753 ], [ -124.234196030356017, 48.472072597495732 ], [ -124.234140270445607, 48.473216153067582 ], [ -124.231667775240368, 48.473585241249097 ], [ -124.23069346493223, 48.474372220932153 ], [ -124.228776414773165, 48.473966339318174 ] ] ], [ [ [ -124.189621232931046, 48.455702410354135 ], [ -124.18951971705269, 48.456847301464485 ], [ -124.18378998440275, 48.45585209116544 ], [ -124.184219346737706, 48.455840311707583 ], [ -124.189621232931046, 48.455702410354135 ] ] ] ] } },
{ "type": "Feature", "properties": { "name": "Skookumchuck Narrows Park", "kind": "Provincial" }, "geometry": { "type": "MultiPolygon", "coordinates": [ [ [ [ -123.905620563944666, 49.733971756883534 ], [ -123.905620585644584, 49.737209612135565 ], [ -123.920379641895039, 49.737208654222634 ], [ -123.920379629289428, 49.744461160019888 ], [ -123.919685859786043, 49.74445052124068 ], [ -123.919649072126163, 49.745469524077365 ], [ -123.911595088307692, 49.745746123429761 ], [ -123.911591089437565, 49.746585883419655 ], [ -123.908662626284226, 49.746504952795839 ], [ -123.908610408565892, 49.74729929627042 ], [ -123.907763699632142, 49.747062792724499 ], [ -123.90695296692077, 49.746016763259611 ], [ -123.909368789508036, 49.745305237030522 ], [ -123.90624968480823, 49.741794793084139 ], [ -123.90608813889088, 49.740572771912845 ], [ -123.903372066231867, 49.740800865918793 ], [ -123.901499391629201, 49.739358328863148 ], [ -123.902658700423899, 49.739007510317442 ], [ -123.901608829060663, 49.737774418700965 ], [ -123.89753724999504, 49.737491219371677 ], [ -123.896828460370202, 49.735931642256801 ], [ -123.893146848814268, 49.733977597925652 ], [ -123.905620563944666, 49.733971756883534 ] ] ], [ [ [ -123.903301892877067, 49.74524476319862 ], [ -123.904317698908955, 49.745380763217049 ], [ -123.904321374318116, 49.745578608826527 ], [ -123.903301892877067, 49.74524476319862 ] ] ], [ [ [ -123.888010853204193, 49.736972757628195 ], [ -123.889698605866798, 49.736981520017189 ], [ -123.888448956041486, 49.737837025607931 ], [ -123.888534280533122, 49.738357609788267 ], [ -123.892332413163231, 49.739743593459522 ], [ -123.89343919813318, 49.743026372837527 ], [ -123.893093958190846, 49.743826551710995 ], [ -123.891235751078085, 49.743895091188818 ], [ -123.892300494333398, 49.741654626923918 ], [ -123.892142210874638, 49.739749448461005 ], [ -123.888297254516644, 49.73863128615325 ], [ -123.887569550307745, 49.737896594580739 ], [ -123.888010853204193, 49.736972757628195 ] ] ], [ [ [ -123.900824360606634, 49.742628630314343 ], [ -123.901689287697209, 49.742864758874667 ], [ -123.900846890350778, 49.743096182593426 ], [ -123.900824360606634, 49.742628630314343 ] ] ], [ [ [ -123.894641985685382, 49.742307764010491 ], [ -123.895481729848655, 49.741932491439783 ], [ -123.895866707977362, 49.742487176449487 ], [ -123.894641985685382, 49.742307764010491 ] ] ], [ [ [ -123.896728838196523, 49.741068358904407 ], [ -123.897236712897538, 49.741514152381413 ], [ -123.896291054562127, 49.741413536877026 ], [ -123.896728838196523, 49.741068358904407 ] ] ], [ [ [ -123.898701088135113, 49.739640906123796 ], [ -123.898017109701073, 49.74093244528035 ], [ -123.89736735901495, 49.74107240278628 ], [ -123.897242750944997, 49.74033580420852 ], [ -123.898701088135113, 49.739640906123796 ] ] ], [ [ [ -123.894097090195231, 49.73833634226218 ], [ -123.89484098958583, 49.738789313342778 ], [ -123.894832093564077, 49.739814775888476 ], [ -123.893927433373335, 49.73892229868077 ], [ -123.894097090195231, 49.73833634226218 ] ] ], [ [ [ -123.892623039545811, 49.738176808803082 ], [ -123.893300839387621, 49.738810195357303 ], [ -123.891862115592815, 49.739064147300894 ], [ -123.891767807191314, 49.738462225359505 ], [ -123.892623039545811, 49.738176808803082 ] ] ] ] } },
{ "type": "Feature", "properties": { "name": "Clendinning Park", "kind": "Provincial" }, "geometry": { "type": "Polygon", "coordinates": [ [ [ -123.588685917669906, 50.393612757261224 ], [ -123.588656894126814, 50.391388370168251 ], [ -123.594467054806813, 50.376914340417841 ], [ -123.587423953689182, 50.371449488906663 ], [ -123.576283039049869, 50.368569511086051 ], [ -123.572856411937934, 50.361689878931799 ], [ -123.574086665708634, 50.358248653957652 ], [ -123.571911717814885, 50.353840474960158 ], [ -123.572437201024627, 50.349724669661839 ], [ -123.573451035883664, 50.348271444753522 ], [ -123.572903400083504, 50.346534251632406 ], [ -123.573502949958055, 50.345581431603513 ], [ -123.57287440639719, 50.344425911116588 ], [ -123.573825422077576, 50.343193744003848 ], [ -123.573584967461244, 50.339802475755768 ], [ -123.577040565987261, 50.334653433307643 ], [ -123.579287982470703, 50.332843240978455 ], [ -123.575720610882371, 50.330513226663101 ], [ -123.575256248199054, 50.324178197412344 ], [ -123.579079770970523, 50.320246421361311 ], [ -123.579022705902119, 50.317218136044538 ], [ -123.581479699328597, 50.31469265822701 ], [ -123.578041297477043, 50.314164914565836 ], [ -123.57668170079782, 50.313297972720122 ], [ -123.576739458761708, 50.310302610117496 ], [ -123.579500322591812, 50.302458615165897 ], [ -123.579306366539214, 50.300491982867044 ], [ -123.576959315492758, 50.298989416890279 ], [ -123.576509309864534, 50.296500624231733 ], [ -123.578680236922992, 50.295653569055844 ], [ -123.579712324246842, 50.292358258133504 ], [ -123.581704059726917, 50.291777780091174 ], [ -123.583427367450057, 50.290427982284193 ], [ -123.582976092546872, 50.289394326259163 ], [ -123.580688210470356, 50.288404269790263 ], [ -123.580435808584468, 50.286506033053818 ], [ -123.58554976626354, 50.283607432854929 ], [ -123.586235265107902, 50.281149241806695 ], [ -123.589563334790228, 50.278063317849018 ], [ -123.591803859877842, 50.274580731643063 ], [ -123.591866568474941, 50.272791958507348 ], [ -123.590690086361661, 50.271556114915299 ], [ -123.589981115997759, 50.268719595949726 ], [ -123.59040258527169, 50.26623737189864 ], [ -123.588234316358864, 50.264478235419354 ], [ -123.59052503830415, 50.261097088995136 ], [ -123.587683197495693, 50.258118955608246 ], [ -123.591319383467848, 50.254601507684086 ], [ -123.590942256457879, 50.253571032719236 ], [ -123.588865378975541, 50.25239125433535 ], [ -123.591092327862285, 50.251599929301698 ], [ -123.59576061874813, 50.251223137643372 ], [ -123.59729500681965, 50.25188360034285 ], [ -123.598230362008564, 50.253895043215707 ], [ -123.603957308984448, 50.256288418056279 ], [ -123.604679967777955, 50.258556675319461 ], [ -123.604650598760884, 50.261644071872908 ], [ -123.615886821031623, 50.26841988196643 ], [ -123.666359552275537, 50.354265207649682 ], [ -123.856326050453958, 50.454073810106557 ], [ -123.969546791476873, 50.489438659762243 ], [ -123.991853713596527, 50.548221103959634 ], [ -123.990050526407927, 50.558497981339023 ], [ -123.953580237154654, 50.548531816514561 ], [ -123.935955693390852, 50.536668578119084 ], [ -123.921908105013713, 50.529810735246485 ], [ -123.915932958087083, 50.52216847716371 ], [ -123.895804557867891, 50.511865701563814 ], [ -123.827049934216149, 50.509003493771097 ], [ -123.796767123901134, 50.492788791532639 ], [ -123.754744690620399, 50.484959033519964 ], [ -123.675362769750464, 50.501221102540768 ], [ -123.615625078906049, 50.47355591397698 ], [ -123.617690031563029, 50.449778389483768 ], [ -123.614388589118235, 50.431419147134697 ], [ -123.588685917669906, 50.393612757261224 ] ] ] } },
{ "type": "Feature", "properties": { "name": "Epper Passage Park", "kind": "Provincial" }, "geometry": { "type": "Polygon", "coordinates": [ [ [ -125.935631496543365, 49.214061806083812 ], [ -125.966012952039364, 49.213285001806476 ], [ -125.966604108463798, 49.223154191913522 ], [ -125.959883953184345, 49.227214101323391 ], [ -125.936446819283859, 49.227812780425737 ], [ -125.935631496543365, 49.214061806083812 ] ] ] } },
{ "type": "Feature", "properties": { "name": "Tsitika Mountain Ecological Reserve", "kind": "Provincial" }, "geometry": { "type": "Polygon", "coordinates": [ [ [ -126.646686122345386, 50.430909403759024 ], [ -126.646860040052587, 50.432797339698467 ], [ -126.642887178634055, 50.436939938024331 ], [ -126.644118161016962, 50.437711466215561 ], [ -126.650044451973159, 50.438856765659068 ], [ -126.652905855271356, 50.440731476278422 ], [ -126.653295601197897, 50.441661314127202 ], [ -126.652228795294917, 50.44484192471819 ], [ -126.622148141385793, 50.448773227671964 ], [ -126.618126590474304, 50.45058883249753 ], [ -126.612568215227, 50.455080227807073 ], [ -126.598621859427809, 50.448505747348754 ], [ -126.602993293508447, 50.435040687495174 ], [ -126.63126486790965, 50.433497166097482 ], [ -126.639357675395004, 50.431610892444667 ], [ -126.646686122345386, 50.430909403759024 ] ] ] } },
{ "type": "Feature", "properties": { "name": "Artlish Caves Park", "kind": "Provincial" }, "geometry": { "type": "Polygon", "coordinates": [ [ [ -126.902503672963434, 50.132053849936007 ], [ -126.910100443560367, 50.129938953641357 ], [ -126.915742171054731, 50.140250265644625 ], [ -126.923425920829757, 50.142238041085868 ], [ -126.930353219506756, 50.141684803777139 ], [ -126.91580475626165, 50.148877462268068 ], [ -126.91102644424592, 50.147364943543195 ], [ -126.905044076251372, 50.143751729341822 ], [ -126.905258527364737, 50.143042837482824 ], [ -126.892486097795981, 50.140953383866247 ], [ -126.885506811934732, 50.138043667191667 ], [ -126.883363771887119, 50.136200912822929 ], [ -126.881105774280243, 50.135889600587539 ], [ -126.892662175876652, 50.133422668714779 ], [ -126.892685064600528, 50.13291019418314 ], [ -126.901246643393577, 50.133578600453077 ], [ -126.902503672963434, 50.132053849936007 ] ] ] } },
{ "type": "Feature", "properties": { "name": "Kennedy River Bog Park", "kind": "Provincial" }, "geometry": { "type": "MultiPolygon", "coordinates": [ [ [ [ -125.63194823277675, 49.101628846674345 ], [ -125.632002539850021, 49.103947419805728 ], [ -125.626602224894981, 49.103345761484327 ], [ -125.622559710672718, 49.103834690095489 ], [ -125.621483557228785, 49.10267946599884 ], [ -125.622918600631394, 49.102349936826535 ], [ -125.622197730064727, 49.101151760799574 ], [ -125.62338375463915, 49.100000043416998 ], [ -125.627210939254368, 49.099508535586807 ], [ -125.627213130955468, 49.097713147760437 ], [ -125.629946747517735, 49.098951566407365 ], [ -125.63194823277675, 49.101628846674345 ] ] ], [ [ [ -125.625718668915212, 49.09716553989545 ], [ -125.621705005078141, 49.097162912868214 ], [ -125.621707915670754, 49.09500353659827 ], [ -125.624334013078851, 49.096565801571778 ], [ -125.625718668915212, 49.09716553989545 ] ] ] ] } },
{ "type": "Feature", "properties": { "name": "Rosewall Creek Park", "kind": "Provincial" }, "geometry": { "type": "MultiPolygon", "coordinates": [ [ [ [ -124.767926023303488, 49.454939390181977 ], [ -124.773651647174461, 49.457034714517668 ], [ -124.773846603641488, 49.457106046916508 ], [ -124.767942198239936, 49.457109566834816 ], [ -124.767926023303488, 49.454939390181977 ] ] ], [ [ [ -124.772690185222814, 49.451961087992935 ], [ -124.776313168926663, 49.455766369629067 ], [ -124.779342547960681, 49.457098940374422 ], [ -124.775128553549465, 49.457105254571367 ], [ -124.767925526337081, 49.4545816583244 ], [ -124.767921796547711, 49.451963908875854 ], [ -124.772690185222814, 49.451961087992935 ] ] ], [ [ [ -124.791817655821092, 49.451947786600478 ], [ -124.791821481913473, 49.453915060769781 ], [ -124.781051918689798, 49.453922951550638 ], [ -124.781057238886206, 49.457067223457635 ], [ -124.777201124134791, 49.455610090412115 ], [ -124.773509048989041, 49.451960580975381 ], [ -124.791817655821092, 49.451947786600478 ] ] ] ] } },
{ "type": "Feature", "properties": { "name": "Fossli Park", "kind": "Provincial" }, "geometry": { "type": "Polygon", "coordinates": [ [ [ -124.944195827560549, 49.246015564152742 ], [ -124.955249226474194, 49.24601079448405 ], [ -124.955256318171024, 49.252273072294102 ], [ -124.95441723948872, 49.251090866012831 ], [ -124.951803225490636, 49.250667285070868 ], [ -124.950798491379629, 49.251673816565379 ], [ -124.948830387700596, 49.251599103133238 ], [ -124.948221719930643, 49.252544955957291 ], [ -124.945988040222232, 49.252357699748707 ], [ -124.942371263857368, 49.249144057709259 ], [ -124.94242112312736, 49.248277656477939 ], [ -124.944197881985701, 49.248276996639909 ], [ -124.944195827560549, 49.246015564152742 ] ] ] } },
{ "type": "Feature", "properties": { "name": "Gabriola Sands Park", "kind": "Provincial" }, "geometry": { "type": "MultiPolygon", "coordinates": [ [ [ [ -123.855266505724543, 49.194829862577919 ], [ -123.857495635346964, 49.193689731331645 ], [ -123.858762123281011, 49.19469597042432 ], [ -123.856614255115019, 49.19555299626596 ], [ -123.855266505724543, 49.194829862577919 ] ] ], [ [ [ -123.858139633024578, 49.193768044509 ], [ -123.862057928508605, 49.193259131864686 ], [ -123.86264741962367, 49.194082309458651 ], [ -123.859178165742762, 49.194719868794323 ], [ -123.858139633024578, 49.193768044509 ] ] ] ] } },
{ "type": "Feature", "properties": { "name": "Klanawa River Ecological Reserve", "kind": "Provincial" }, "geometry": { "type": "Polygon", "coordinates": [ [ [ -124.933204658741261, 48.736331936394357 ], [ -124.940864567095261, 48.7375564621439 ], [ -124.941017148736691, 48.741329198046095 ], [ -124.935577388016171, 48.741420748416346 ], [ -124.926239017287614, 48.746662130844882 ], [ -124.924720757748759, 48.746688835758718 ], [ -124.924690249750952, 48.748760225706 ], [ -124.923461904952632, 48.750427240402381 ], [ -124.919021605781538, 48.750473031793007 ], [ -124.922294611941084, 48.749290465253999 ], [ -124.922470092350267, 48.746227272158841 ], [ -124.916503908738392, 48.746063241983073 ], [ -124.924011222437812, 48.741184241740051 ], [ -124.931671153546048, 48.738136298833219 ], [ -124.933204658741261, 48.736331936394357 ] ] ] } },
{ "type": "Feature", "properties": { "name": "Beaver Point Park", "kind": "Provincial" }, "geometry": { "type": "Polygon", "coordinates": [ [ [ -123.399783719595703, 48.768985730755794 ], [ -123.405659264179917, 48.768947428469126 ], [ -123.405642551407496, 48.772445431707759 ], [ -123.399784448651815, 48.772440942557608 ], [ -123.399783719595703, 48.768985730755794 ] ] ] } },
{ "type": "Feature", "properties": { "name": "Cleland Island Ecological Reserve", "kind": "Provincial" }, "geometry": { "type": "Polygon", "coordinates": [ [ [ -126.090849092796617, 49.168920373128337 ], [ -126.091569984459269, 49.17019813381031 ], [ -126.092798324156476, 49.170076133533726 ], [ -126.092840556894842, 49.171228818241431 ], [ -126.092143900305516, 49.171409197151235 ], [ -126.092853271142289, 49.17241674795693 ], [ -126.091410931274908, 49.173379063461041 ], [ -126.090074987012784, 49.172292729913814 ], [ -126.090008073386642, 49.170392669938131 ], [ -126.090849092796617, 49.168920373128337 ] ] ] } },
{ "type": "Feature", "properties": { "name": "Bodega Ridge Park", "kind": "Provincial" }, "geometry": { "type": "MultiPolygon", "coordinates": [ [ [ [ -123.526381260015071, 48.949883495015484 ], [ -123.529251270406021, 48.949797033087194 ], [ -123.532298995973477, 48.947951221309168 ], [ -123.551219991263139, 48.959552342496465 ], [ -123.547830272942093, 48.961779388378325 ], [ -123.544644048661539, 48.959554700333868 ], [ -123.533162942376507, 48.952708586667974 ], [ -123.526381260015071, 48.949883495015484 ] ] ], [ [ [ -123.529189250535879, 48.965552045248408 ], [ -123.523589393805764, 48.963196733775838 ], [ -123.520860317155766, 48.961282434426451 ], [ -123.520041131467124, 48.96412940175253 ], [ -123.519301654075718, 48.96252873048747 ], [ -123.516607835391966, 48.960982447454114 ], [ -123.515463683444182, 48.959449131690995 ], [ -123.517596761152745, 48.957907078139968 ], [ -123.509599392427091, 48.952951445958888 ], [ -123.510434130771756, 48.952515432471195 ], [ -123.509410221557829, 48.951618045523759 ], [ -123.506432557701345, 48.951566344517197 ], [ -123.50940729413098, 48.951572369678637 ], [ -123.509383727611933, 48.94976085072112 ], [ -123.52528819939991, 48.949789717855055 ], [ -123.532986853390256, 48.952846210592867 ], [ -123.54763882114878, 48.961909357962732 ], [ -123.547576338499425, 48.964432012966846 ], [ -123.532061457245689, 48.964364554007439 ], [ -123.529189250535879, 48.965552045248408 ] ] ], [ [ [ -123.515802138314172, 48.961053547951551 ], [ -123.51903261082748, 48.962589733043288 ], [ -123.519750954680291, 48.964314817426711 ], [ -123.52212251080374, 48.964903703671524 ], [ -123.519919665034735, 48.966944458693305 ], [ -123.515894837269727, 48.967903760282887 ], [ -123.512328235743723, 48.966126061842957 ], [ -123.510941340043615, 48.964506745757483 ], [ -123.513105200817662, 48.962164711801755 ], [ -123.515802138314172, 48.961053547951551 ] ] ] ] } },
{ "type": "Feature", "properties": { "name": "Clayoquot Plateau Park", "kind": "Provincial" }, "geometry": { "type": "Polygon", "coordinates": [ [ [ -125.378310050512653, 49.207339645526716 ], [ -125.378388851223761, 49.208981221052902 ], [ -125.386623558629822, 49.208811272719672 ], [ -125.386504442971372, 49.20633808528445 ], [ -125.398640292169134, 49.206086564653027 ], [ -125.421157092969494, 49.201493078840947 ], [ -125.435412549844941, 49.203270581850639 ], [ -125.462649495056894, 49.211696625245537 ], [ -125.479686707089272, 49.212547030295845 ], [ -125.480758078559063, 49.233941026130175 ], [ -125.461434315457495, 49.248080612983244 ], [ -125.424643650647894, 49.24885905818762 ], [ -125.385762149599501, 49.235952296302543 ], [ -125.389576899661307, 49.227792849359254 ], [ -125.380918895698812, 49.226584968563337 ], [ -125.366445150347616, 49.226549493544297 ], [ -125.366074451097134, 49.222635309237447 ], [ -125.369445429798262, 49.220767778421049 ], [ -125.370969064131558, 49.21786555552611 ], [ -125.370486458907777, 49.21688588004573 ], [ -125.367794677327055, 49.214988849920111 ], [ -125.369977021376613, 49.212919879708636 ], [ -125.374395653988003, 49.210238269482446 ], [ -125.373803750436679, 49.2092251635571 ], [ -125.378310050512653, 49.207339645526716 ] ] ] } },
{ "type": "Feature", "properties": { "name": "Solander Island Ecological Reserve", "kind": "Provincial" }, "geometry": { "type": "Polygon", "coordinates": [ [ [ -127.942581008394157, 50.110466059726456 ], [ -127.942826915512043, 50.111104253139239 ], [ -127.94130560568351, 50.111594070690188 ], [ -127.941882348973735, 50.113982779397126 ], [ -127.940574394326305, 50.113674047332879 ], [ -127.937734419335726, 50.111174704120891 ], [ -127.938696610374407, 50.110670837270781 ], [ -127.938523508626261, 50.109643910932313 ], [ -127.94007689822638, 50.108965548834185 ], [ -127.940327493760321, 50.109651406986778 ], [ -127.942581008394157, 50.110466059726456 ] ] ] } },
{ "type": "Feature", "properties": { "name": "Small Inlet Marine Park", "kind": "Provincial" }, "geometry": { "type": "Polygon", "coordinates": [ [ [ -125.25519517622034, 50.255066583509333 ], [ -125.264996862659004, 50.246617628115096 ], [ -125.264997396656497, 50.240771801865947 ], [ -125.287425716830356, 50.240772130760135 ], [ -125.287435714672782, 50.250676297777986 ], [ -125.311237273456712, 50.250286121158986 ], [ -125.31310542590353, 50.250914566891268 ], [ -125.314771754681303, 50.252919176701646 ], [ -125.32747509792452, 50.25658222350939 ], [ -125.320723533874045, 50.256717296303549 ], [ -125.319130313179159, 50.257507073472432 ], [ -125.311413897571057, 50.257441391949115 ], [ -125.311229571785717, 50.266302952788187 ], [ -125.264426789085988, 50.266276388287238 ], [ -125.264430997326258, 50.261358253637397 ], [ -125.253145373426193, 50.261356526497543 ], [ -125.25519517622034, 50.255066583509333 ] ] ] } },
{ "type": "Feature", "properties": { "name": "Octopus Islands Marine Park", "kind": "Provincial" }, "geometry": { "type": "Polygon", "coordinates": [ [ [ -125.253347831141028, 50.274038310748274 ], [ -125.241671991572304, 50.274018928469566 ], [ -125.241671129947576, 50.273999967426981 ], [ -125.241548537686796, 50.272298806847935 ], [ -125.239273881219646, 50.273382312656601 ], [ -125.238565935870753, 50.273234092113611 ], [ -125.238357543703344, 50.272077550081633 ], [ -125.237012554609265, 50.272733286316438 ], [ -125.23482006029927, 50.272264103052507 ], [ -125.239886474297776, 50.278016387940973 ], [ -125.242002052792984, 50.277957612104437 ], [ -125.242700998973461, 50.283377016141984 ], [ -125.211684578298005, 50.283359611395262 ], [ -125.210581957422022, 50.259638980611307 ], [ -125.21505439717221, 50.25508329864325 ], [ -125.25519517622034, 50.255066583509333 ], [ -125.253145373426193, 50.261356526497543 ], [ -125.264430997326258, 50.261358253637397 ], [ -125.264426789085988, 50.266276388287238 ], [ -125.255213711195097, 50.268407286292351 ], [ -125.254437150271116, 50.27088929767271 ], [ -125.253022654426161, 50.27222619170454 ], [ -125.253347831141028, 50.274038310748274 ] ], [ [ -125.22465521192116, 50.278007702237296 ], [ -125.221494383090459, 50.277348597901607 ], [ -125.221380265875808, 50.279419596419949 ], [ -125.220263142482253, 50.279243058752392 ], [ -125.220457864581647, 50.277998043471747 ], [ -125.218917598189378, 50.279889418701131 ], [ -125.217266698639875, 50.279705042421654 ], [ -125.217423004091302, 50.280349704241672 ], [ -125.216779701036543, 50.28070377507138 ], [ -125.218039626639126, 50.283045374122239 ], [ -125.219086946653135, 50.282926428759673 ], [ -125.219182273399539, 50.281656344491147 ], [ -125.219958927449454, 50.280849952374908 ], [ -125.221042568853875, 50.282115508870028 ], [ -125.222262536230872, 50.281786359907528 ], [ -125.22465521192116, 50.278007702237296 ] ], [ [ -125.224006988099703, 50.271327941998301 ], [ -125.221699400659261, 50.27240649076289 ], [ -125.221247090489854, 50.273845329789118 ], [ -125.219766715024448, 50.274305371707371 ], [ -125.219395973192533, 50.275688674477195 ], [ -125.220546922571813, 50.275387834183029 ], [ -125.22112462716926, 50.276601314836874 ], [ -125.223466288611178, 50.276591285927651 ], [ -125.224437501306213, 50.277553131201657 ], [ -125.225666761025806, 50.277124820508824 ], [ -125.227145899023753, 50.274532936293838 ], [ -125.22487692404313, 50.274936208964007 ], [ -125.226654108797661, 50.272716413730102 ], [ -125.225598020837126, 50.272340879848386 ], [ -125.224219245021899, 50.272870998174973 ], [ -125.224006988099703, 50.271327941998301 ] ] ] } },
{ "type": "Feature", "properties": { "name": "Mount Elliott Ecological Reserve", "kind": "Provincial" }, "geometry": { "type": "Polygon", "coordinates": [ [ [ -126.504302996900975, 50.296752926185071 ], [ -126.515701307363116, 50.303489689260466 ], [ -126.518005385737382, 50.307533271289927 ], [ -126.524871839520074, 50.310611729505851 ], [ -126.524871839369894, 50.317142488891641 ], [ -126.520408641849912, 50.317707058757797 ], [ -126.50218201131888, 50.317096713702739 ], [ -126.497383140610538, 50.316383357640476 ], [ -126.49739075999301, 50.313243868704951 ], [ -126.495643628956458, 50.307502748834644 ], [ -126.498855618749687, 50.306125646236808 ], [ -126.49828339981228, 50.305305476587691 ], [ -126.4979629700847, 50.299701684229724 ], [ -126.499244695180337, 50.297191624391623 ], [ -126.504302996900975, 50.296752926185071 ] ] ] } },
{ "type": "Feature", "properties": { "name": "Klaskish River Ecological Reserve", "kind": "Provincial" }, "geometry": { "type": "Polygon", "coordinates": [ [ [ -127.729080330075263, 50.2572746306003 ], [ -127.735160950580337, 50.257450102780666 ], [ -127.732841629147387, 50.25978087932517 ], [ -127.729194780691387, 50.260955801909155 ], [ -127.723625308503955, 50.265995025807278 ], [ -127.722717417826999, 50.268573759500761 ], [ -127.721046570423994, 50.268798825250514 ], [ -127.719886906077392, 50.270187377685133 ], [ -127.717277661043653, 50.271102892422142 ], [ -127.716247687866954, 50.272720325264778 ], [ -127.714119084930928, 50.273796071052793 ], [ -127.71247875423991, 50.27567290608431 ], [ -127.703056466575561, 50.271106716867955 ], [ -127.708755615057143, 50.265342715131823 ], [ -127.717483638280086, 50.261814123572712 ], [ -127.722236760504899, 50.261920927090721 ], [ -127.724136479346598, 50.25999068554043 ], [ -127.729080330075263, 50.2572746306003 ] ] ] } },
{ "type": "Feature", "properties": { "name": "Brooks Peninsula Park (Muqqiwn)", "kind": "Provincial" }, "geometry": { "type": "Polygon", "coordinates": [ [ [ -127.571564861415766, 50.126985031876835 ], [ -127.5714102715162, 50.132177361901235 ], [ -127.596959665533092, 50.1324890708323 ], [ -127.597583005953325, 50.131955981659345 ], [ -127.595380000682525, 50.130248984249995 ], [ -127.596227998007265, 50.129502981040375 ], [ -127.596135006891657, 50.127899983751568 ], [ -127.597425003683583, 50.126324981072216 ], [ -127.595911598063964, 50.125487639001321 ], [ -127.599939016268067, 50.125536279772092 ], [ -127.599859461243, 50.118672639687098 ], [ -127.601787594922854, 50.11731074221418 ], [ -127.60040788568854, 50.116655518236222 ], [ -127.607381186007871, 50.114958490099696 ], [ -127.608546852810576, 50.115278284100512 ], [ -127.609204385722535, 50.114791475308543 ], [ -127.608516476524557, 50.112948388315665 ], [ -127.610857276791819, 50.11229284720045 ], [ -127.610374420674091, 50.112062213401629 ], [ -127.61057602605122, 50.110895357482811 ], [ -127.612665300776584, 50.11022777250183 ], [ -127.611377219770247, 50.114142912495147 ], [ -127.61563805040123, 50.119176660971441 ], [ -127.618674109443134, 50.11867315209124 ], [ -127.62212017732584, 50.11704116633183 ], [ -127.62539752134883, 50.117385823072247 ], [ -127.625051181450459, 50.118245164391396 ], [ -127.625589578537486, 50.118494389449246 ], [ -127.624597910047768, 50.119418055609529 ], [ -127.625997941200126, 50.121332435964987 ], [ -127.625383725210625, 50.121774878791321 ], [ -127.625814758155911, 50.12235562498882 ], [ -127.624883505371429, 50.122632421170955 ], [ -127.626283042994217, 50.124079078189141 ], [ -127.625944908203891, 50.124650714255289 ], [ -127.631919428774452, 50.124658297903274 ], [ -127.630291321992416, 50.126312047156837 ], [ -127.631868106322543, 50.128912001126558 ], [ -127.630941770930704, 50.130484092802696 ], [ -127.630981576529393, 50.132031584551704 ], [ -127.63769625378383, 50.136526744455651 ], [ -127.638692033688713, 50.136448493581383 ], [ -127.637348972283277, 50.139391849322472 ], [ -127.639688003615206, 50.14080439914197 ], [ -127.638320354198953, 50.142146511421579 ], [ -127.638972655973078, 50.144312776385782 ], [ -127.642703014772536, 50.144050640114855 ], [ -127.644125314073307, 50.144732838724067 ], [ -127.644360167057854, 50.145801384113469 ], [ -127.672816868356406, 50.146112134107518 ], [ -127.679156825746972, 50.146764539049641 ], [ -127.682380076747265, 50.14763762806794 ], [ -127.683792927549334, 50.148687980787685 ], [ -127.687304449792023, 50.14824204857333 ], [ -127.688670413570563, 50.146917346366052 ], [ -127.687055772771004, 50.145055272952447 ], [ -127.68663505977031, 50.142019447548904 ], [ -127.68530394368436, 50.142076340830918 ], [ -127.686065907287485, 50.141338444907149 ], [ -127.678371990042947, 50.14121514984533 ], [ -127.68513203907429, 50.130957490190809 ], [ -127.687125434354968, 50.131294849503469 ], [ -127.688529900872879, 50.130591182198991 ], [ -127.688682490989194, 50.131663221554106 ], [ -127.690403247914759, 50.131160971557613 ], [ -127.68994312456347, 50.131614493605781 ], [ -127.690511241379269, 50.132331447607548 ], [ -127.691345847492101, 50.131486404750014 ], [ -127.69315867794738, 50.132226358917272 ], [ -127.694697243114547, 50.130705646024524 ], [ -127.69955362240519, 50.131695540992375 ], [ -127.700321396004369, 50.131245428667782 ], [ -127.701915416461716, 50.131802908749066 ], [ -127.708359889478189, 50.131506011208678 ], [ -127.710515482082442, 50.131997668595389 ], [ -127.711579076774598, 50.131469834835862 ], [ -127.711910240966986, 50.130079391592389 ], [ -127.710899553167579, 50.129159761375966 ], [ -127.712101267993901, 50.129218063428198 ], [ -127.713249903882925, 50.128124506516556 ], [ -127.712993087483753, 50.127267208767165 ], [ -127.714316539885786, 50.127479749025198 ], [ -127.715929091582723, 50.126823013892263 ], [ -127.717419950575191, 50.12757703387836 ], [ -127.718908501587805, 50.126846937627377 ], [ -127.718879928980911, 50.125821271857248 ], [ -127.716484812261569, 50.124877402949814 ], [ -127.71706492157189, 50.124110312716837 ], [ -127.718885252218911, 50.124049463816711 ], [ -127.719136936051939, 50.12353056668946 ], [ -127.72367860988173, 50.124246160028356 ], [ -127.726374759235966, 50.123340359228045 ], [ -127.730352864605734, 50.123680748582018 ], [ -127.73343902746366, 50.122833013854475 ], [ -127.742991304877378, 50.114922938181266 ], [ -127.744942656626321, 50.111975951856984 ], [ -127.747008752349544, 50.111053863152492 ], [ -127.750184130541882, 50.111034134117382 ], [ -127.752354394203181, 50.10825127269343 ], [ -127.756384554361489, 50.107080280741002 ], [ -127.756841650485285, 50.104548791552887 ], [ -127.757689776757545, 50.103658443559141 ], [ -127.760954479400937, 50.104493824650099 ], [ -127.763898702038404, 50.10420141702938 ], [ -127.766762446925782, 50.101596556071762 ], [ -127.769004561289094, 50.100864836586339 ], [ -127.772377569399822, 50.096916088900826 ], [ -127.779276117384128, 50.092302819239436 ], [ -127.78051756592383, 50.090211204612537 ], [ -127.782829752674814, 50.089443983374608 ], [ -127.783374552416618, 50.087803745711952 ], [ -127.786358073923026, 50.087016488442721 ], [ -127.786257606551999, 50.085459433280171 ], [ -127.78706767089821, 50.084379593807292 ], [ -127.79138286246598, 50.084451414169244 ], [ -127.792425983030668, 50.082528670070147 ], [ -127.796127109525145, 50.080417488328777 ], [ -127.808765622058345, 50.079729405948584 ], [ -127.814061627464326, 50.080278316443831 ], [ -127.813851242025763, 50.088838702695632 ], [ -127.823970035241445, 50.08894163970109 ], [ -127.824027080962381, 50.085717793809621 ], [ -127.832922941766, 50.088267490011617 ], [ -127.833038664923336, 50.083501700851926 ], [ -127.871161286489581, 50.087814460354075 ], [ -127.910033502062291, 50.107764534318768 ], [ -127.920361581684887, 50.109902238618325 ], [ -127.927353931240376, 50.130942939033552 ], [ -127.908587094220138, 50.146618317352988 ], [ -127.87710161274714, 50.154954089969976 ], [ -127.842559176473671, 50.173887673981767 ], [ -127.844303374870989, 50.185903511525822 ], [ -127.837994247267275, 50.192833855206054 ], [ -127.805088990846087, 50.206123087358023 ], [ -127.810132482000185, 50.221851116070958 ], [ -127.785022420239741, 50.240670309368028 ], [ -127.715892479226682, 50.239926925922532 ], [ -127.719515500766434, 50.239224264675698 ], [ -127.721812618914214, 50.237030061039995 ], [ -127.72394530366617, 50.23327589935915 ], [ -127.729455781410692, 50.228089136390352 ], [ -127.731259333639329, 50.227230598280947 ], [ -127.734183093427035, 50.2270969130007 ], [ -127.734515703352585, 50.22605829605709 ], [ -127.733528391437403, 50.224608294940069 ], [ -127.733990250561035, 50.224162951887116 ], [ -127.730330211557856, 50.223113101605563 ], [ -127.73016607307369, 50.222570625793999 ], [ -127.73217993521537, 50.221506775997284 ], [ -127.730875399099631, 50.216816944346888 ], [ -127.730978828865091, 50.213237490065289 ], [ -127.729820557633829, 50.213237374771339 ], [ -127.727582078857353, 50.210212314016005 ], [ -127.723966697314808, 50.20860130279587 ], [ -127.723431242081105, 50.207254354193978 ], [ -127.718656724514759, 50.205646730948985 ], [ -127.71689943868607, 50.202918818264237 ], [ -127.715722926843327, 50.202200010519526 ], [ -127.711263138810267, 50.200158686364546 ], [ -127.708615932086985, 50.200530476707556 ], [ -127.70228777250361, 50.199420623372724 ], [ -127.701568322744222, 50.200515548619698 ], [ -127.694489364660711, 50.203409300563791 ], [ -127.692640152603886, 50.205952643032433 ], [ -127.692816609418671, 50.206656523044863 ], [ -127.694592680399381, 50.207497928397409 ], [ -127.695885226575783, 50.209571475924939 ], [ -127.695289612596611, 50.211321510322449 ], [ -127.693536692133662, 50.212439713043622 ], [ -127.692948861360719, 50.21436315014941 ], [ -127.682538528076577, 50.215497825234131 ], [ -127.680042273877859, 50.21830091015984 ], [ -127.676035991028641, 50.221063392269997 ], [ -127.675989399963086, 50.222379989349193 ], [ -127.672901831848876, 50.225957015958691 ], [ -127.670055044248571, 50.227891386474489 ], [ -127.669209116125359, 50.230290819203411 ], [ -127.662507847610911, 50.23450558409499 ], [ -127.660591407961547, 50.239393198277746 ], [ -127.655112480479332, 50.239079283897944 ], [ -127.648745971213927, 50.237500371789615 ], [ -127.645393076873958, 50.238376996037324 ], [ -127.638903787231797, 50.237736339438243 ], [ -127.635969224831385, 50.24011578969553 ], [ -127.635441929049037, 50.244699106123782 ], [ -127.639219167937455, 50.246983296895763 ], [ -127.639236474785477, 50.248510654184336 ], [ -127.637319720225122, 50.249249028722048 ], [ -127.632894211233094, 50.24940816687841 ], [ -127.624019938048662, 50.256859802238843 ], [ -127.6163743120307, 50.257885657845129 ], [ -127.613688823892588, 50.260599298882482 ], [ -127.607114703424955, 50.26211013155568 ], [ -127.605373761671828, 50.264133447420264 ], [ -127.602231832793407, 50.265676538224916 ], [ -127.594183576938121, 50.268342955637415 ], [ -127.594785564008191, 50.270670644268385 ], [ -127.593779577255518, 50.272866825306252 ], [ -127.596063517937154, 50.273952822425883 ], [ -127.594388427717249, 50.27645843254259 ], [ -127.599641147293454, 50.280360600115038 ], [ -127.600431136939363, 50.282068312017209 ], [ -127.598269344635924, 50.282405996364815 ], [ -127.595336080309551, 50.284299386307929 ], [ -127.591431028130643, 50.285478223671475 ], [ -127.589489553952703, 50.284595355856133 ], [ -127.583955329042681, 50.283674578246178 ], [ -127.580341078612221, 50.284706525873062 ], [ -127.577257306520437, 50.284783983719677 ], [ -127.57585771883096, 50.287394923892172 ], [ -127.57089852291567, 50.287667414863357 ], [ -127.567873101483201, 50.288508584659688 ], [ -127.565542196450536, 50.291096026043455 ], [ -127.564868744302629, 50.293002175235131 ], [ -127.560198313339868, 50.293601041777478 ], [ -127.558775255588657, 50.294403108607341 ], [ -127.556326893788849, 50.293926763291992 ], [ -127.554329748729614, 50.295761451063782 ], [ -127.548997596283129, 50.293506377563901 ], [ -127.546598711971356, 50.294098167507165 ], [ -127.539218740052604, 50.290789643914962 ], [ -127.537417717105455, 50.288094089728055 ], [ -127.534207005802088, 50.286684506957208 ], [ -127.53119415896127, 50.286790615214557 ], [ -127.529663486139796, 50.286016372266104 ], [ -127.527220294745646, 50.284067984443418 ], [ -127.527058680484004, 50.28123043585672 ], [ -127.525398533741736, 50.278244616060391 ], [ -127.520933155275173, 50.278888657558532 ], [ -127.517532740759677, 50.278388807849126 ], [ -127.51231096041758, 50.278749869666136 ], [ -127.506839944981721, 50.276494059319297 ], [ -127.505186257287136, 50.276579374223239 ], [ -127.501433353781493, 50.275150508705302 ], [ -127.499049663319965, 50.275653209678012 ], [ -127.498824931503691, 50.274641015191371 ], [ -127.496967052730625, 50.273601997831577 ], [ -127.490006955789795, 50.271385134338573 ], [ -127.489101232055546, 50.269593533465695 ], [ -127.489617448328815, 50.26751151944304 ], [ -127.488464285064836, 50.266297954057443 ], [ -127.487931009747172, 50.264194465710261 ], [ -127.48895880533253, 50.258907808381487 ], [ -127.485076777098257, 50.256563581505631 ], [ -127.482002203987406, 50.249840056984695 ], [ -127.481556224726262, 50.24718429955351 ], [ -127.482588976738157, 50.243374345645279 ], [ -127.470046088148933, 50.2417619074849 ], [ -127.470785418579027, 50.23843226702428 ], [ -127.470187297266122, 50.23566301693041 ], [ -127.466788288455305, 50.232784909940477 ], [ -127.461121999969109, 50.230623316093684 ], [ -127.458028839907797, 50.228288705635052 ], [ -127.454967041765499, 50.227141891386395 ], [ -127.454922431271996, 50.22550412115622 ], [ -127.459830756296356, 50.221540031980311 ], [ -127.463888576072918, 50.220460325525949 ], [ -127.463958021552628, 50.222233190127099 ], [ -127.471434104547797, 50.225623492602523 ], [ -127.472852182802498, 50.227306451072181 ], [ -127.472953555140961, 50.22851308918785 ], [ -127.480133553742789, 50.232015747316701 ], [ -127.481167784742809, 50.231669816674099 ], [ -127.483054833937288, 50.228780132813199 ], [ -127.48287736897133, 50.226862086651806 ], [ -127.483459519318899, 50.225745164486227 ], [ -127.486999579653315, 50.222400533075884 ], [ -127.488464148385262, 50.221772300303094 ], [ -127.488758219074128, 50.220426594873224 ], [ -127.489844755965848, 50.220215848014838 ], [ -127.491453435703093, 50.218537176739027 ], [ -127.498183642322331, 50.214469119026482 ], [ -127.501410826046779, 50.214807342457348 ], [ -127.507186876357494, 50.209377328626232 ], [ -127.511465618271842, 50.207920854886673 ], [ -127.513527475563649, 50.207839776055827 ], [ -127.515348971472648, 50.206514032462088 ], [ -127.51793601621057, 50.206240793389085 ], [ -127.521768289878423, 50.203587925947211 ], [ -127.516501104035825, 50.202568205017187 ], [ -127.514600626200718, 50.201116174734629 ], [ -127.514242396950621, 50.200463788122931 ], [ -127.514841897468628, 50.198476881830899 ], [ -127.513491826861994, 50.196672684083062 ], [ -127.515555162237263, 50.195221614408666 ], [ -127.513818715750489, 50.191248967075097 ], [ -127.511979692045216, 50.190478564732921 ], [ -127.506805205820996, 50.190196509307832 ], [ -127.500728539589787, 50.187383936987402 ], [ -127.49423156155369, 50.1864096125977 ], [ -127.490062719939957, 50.184871371853568 ], [ -127.487321391918357, 50.184751181817298 ], [ -127.487439934770862, 50.180996598108159 ], [ -127.472015412731025, 50.179979802305823 ], [ -127.471542609890875, 50.195907929755357 ], [ -127.476710197321893, 50.19597568562012 ], [ -127.474765366680529, 50.197650256201221 ], [ -127.473948268597312, 50.199537281392665 ], [ -127.474219877700023, 50.2015918094555 ], [ -127.473507833494722, 50.202373895392618 ], [ -127.47447953992598, 50.203114958323496 ], [ -127.473183311134434, 50.20465381846055 ], [ -127.470868830437368, 50.205585940036649 ], [ -127.46396727784537, 50.206655389344832 ], [ -127.46376607971591, 50.207695818445451 ], [ -127.460847808446189, 50.209527984421591 ], [ -127.458013624033782, 50.213595132139041 ], [ -127.452636634989176, 50.216398415640761 ], [ -127.451611721127762, 50.219497077750113 ], [ -127.448003154547251, 50.218378607678147 ], [ -127.440955382072275, 50.219471939890603 ], [ -127.444506563875748, 50.212869325183846 ], [ -127.443800656398594, 50.209068102236934 ], [ -127.447039022858405, 50.207225607762645 ], [ -127.448428760808611, 50.205134018324109 ], [ -127.452814476767131, 50.204455892618789 ], [ -127.454646767686853, 50.198164670251209 ], [ -127.447108581233422, 50.18591230157471 ], [ -127.447198959780138, 50.18312545879926 ], [ -127.454784624419602, 50.181676432476408 ], [ -127.46026416641844, 50.173013937143807 ], [ -127.471579886961834, 50.16105049487831 ], [ -127.476047041791801, 50.158938996654165 ], [ -127.484393988134372, 50.158780191541268 ], [ -127.488558967608498, 50.157770669923337 ], [ -127.492243145389381, 50.155308010603918 ], [ -127.498645758600347, 50.149185940310346 ], [ -127.507002713320418, 50.143127302254989 ], [ -127.520609170257586, 50.13622854776299 ], [ -127.522297892936152, 50.134382001005072 ], [ -127.525596685447653, 50.127143849383742 ], [ -127.528612265381398, 50.123048760824148 ], [ -127.535270848032781, 50.117196656733611 ], [ -127.545664003331851, 50.126173297422561 ], [ -127.546367821681997, 50.125570490649892 ], [ -127.547898426825768, 50.126309194766563 ], [ -127.549545345289914, 50.125978998149691 ], [ -127.551690272322219, 50.124908463407898 ], [ -127.551620715248148, 50.123504480698685 ], [ -127.554495432998564, 50.12467358028303 ], [ -127.553689770212415, 50.125410092692611 ], [ -127.554092265889892, 50.125981742305854 ], [ -127.555153368591121, 50.125590206636289 ], [ -127.555903597565958, 50.123440897364517 ], [ -127.560229174404952, 50.123818421973056 ], [ -127.561258467970219, 50.123084640194541 ], [ -127.562209662401216, 50.124022847660576 ], [ -127.561271788958109, 50.124973628409222 ], [ -127.562862338113831, 50.12511923852292 ], [ -127.562931706939764, 50.126073509142223 ], [ -127.563991369334801, 50.126662256702481 ], [ -127.566060172477563, 50.126256093512751 ], [ -127.569722923853675, 50.127290655034599 ], [ -127.570996269203491, 50.125876226581177 ], [ -127.570856811176768, 50.126800924344089 ], [ -127.571564861415766, 50.126985031876835 ] ], [ [ -127.759855533711857, 50.230559204656146 ], [ -127.759433057069018, 50.230559420600642 ], [ -127.759724238293359, 50.230748012263646 ], [ -127.759855533711857, 50.230559204656146 ] ], [ [ -127.758970110994994, 50.230559659406005 ], [ -127.755732375648989, 50.230561239766949 ], [ -127.75573445965162, 50.232370324064931 ], [ -127.758640875894571, 50.232324927033879 ], [ -127.759578675997517, 50.231394537183931 ], [ -127.758970110994994, 50.230559659406005 ] ] ] } },
{ "type": "Feature", "properties": { "name": "East Redonda Island Ecological Reserve", "kind": "Provincial" }, "geometry": { "type": "Polygon", "coordinates": [ [ [ -124.655460811286261, 50.20951228808044 ], [ -124.648656344031394, 50.20959050730292 ], [ -124.649404752183742, 50.207313287084055 ], [ -124.653042984207488, 50.204311404136973 ], [ -124.652615842652025, 50.201682122062621 ], [ -124.655360505281521, 50.199196550458133 ], [ -124.658138797143565, 50.195262340122341 ], [ -124.675482190502933, 50.195069463023835 ], [ -124.675485561752993, 50.187865225307704 ], [ -124.667369496859394, 50.187908854123449 ], [ -124.669571912672396, 50.184413165571399 ], [ -124.676695718962563, 50.181432309897616 ], [ -124.682350718941294, 50.178130511226826 ], [ -124.686310791273215, 50.17683183880569 ], [ -124.685543153894898, 50.176510192819094 ], [ -124.685954960717652, 50.175874597349406 ], [ -124.688433329347447, 50.175856584026789 ], [ -124.690328393508921, 50.173994131768772 ], [ -124.693105695984002, 50.174115582357459 ], [ -124.696692633836562, 50.172974895121733 ], [ -124.697032667601178, 50.172295347407768 ], [ -124.696446021536019, 50.17115261597047 ], [ -124.698463446826082, 50.170385578262795 ], [ -124.697941095627044, 50.169871541424591 ], [ -124.696997273676715, 50.170110194532676 ], [ -124.697393273675999, 50.169034056572052 ], [ -124.695919810570572, 50.167760387459943 ], [ -124.698518130842899, 50.165212943343683 ], [ -124.700941771808289, 50.164457907971794 ], [ -124.7033105074714, 50.164917882894457 ], [ -124.70995382236228, 50.161951003794591 ], [ -124.715066544171663, 50.16122799674126 ], [ -124.7225245879048, 50.161486374257976 ], [ -124.723154676985757, 50.162655315584246 ], [ -124.728498314813379, 50.164455749137026 ], [ -124.728134132446471, 50.166781765060058 ], [ -124.724209936713308, 50.169412520460725 ], [ -124.724841729444023, 50.17256920782782 ], [ -124.722741441942063, 50.17413844758039 ], [ -124.72226081858804, 50.175962463016383 ], [ -124.72389925959591, 50.177512194699879 ], [ -124.723845675313456, 50.1783584763186 ], [ -124.725830333872679, 50.179795105094293 ], [ -124.726314800768748, 50.181577806176826 ], [ -124.725664057877808, 50.182954645717437 ], [ -124.726627236669927, 50.184415435767868 ], [ -124.729067448768149, 50.18565633890924 ], [ -124.73097308676671, 50.187606747724629 ], [ -124.736165137304013, 50.18939110760509 ], [ -124.738742070209767, 50.191682130588823 ], [ -124.739070176322102, 50.193386181856376 ], [ -124.742245249259582, 50.194777705279705 ], [ -124.746383283542855, 50.20143445171334 ], [ -124.746692896742687, 50.204541882834533 ], [ -124.743065832958649, 50.20769047652297 ], [ -124.742275430582666, 50.210616533014665 ], [ -124.738082836913392, 50.215194583243829 ], [ -124.737690048152231, 50.216729503546212 ], [ -124.736172510684042, 50.218560086258087 ], [ -124.735918461958036, 50.22044373088081 ], [ -124.734003210423751, 50.223296581933127 ], [ -124.729253756576199, 50.227648745636152 ], [ -124.730309476028964, 50.230475271236848 ], [ -124.727673060684566, 50.231629809598068 ], [ -124.727673302921843, 50.232412327411424 ], [ -124.72869239980416, 50.2331400606976 ], [ -124.713025734599029, 50.233741832374058 ], [ -124.713644992994858, 50.237833805762399 ], [ -124.728751280166179, 50.237261745224082 ], [ -124.727644457700677, 50.239761193790216 ], [ -124.728922423912437, 50.242134700410425 ], [ -124.728098839658998, 50.243406181983289 ], [ -124.728312293362166, 50.244266462000795 ], [ -124.722843403639999, 50.246632266404994 ], [ -124.716044059544956, 50.247119659777624 ], [ -124.712210696620389, 50.248570343239372 ], [ -124.710619444521868, 50.25113919639611 ], [ -124.711270953597889, 50.252487746199733 ], [ -124.709038647101877, 50.254004669754856 ], [ -124.709128953929991, 50.255352510391333 ], [ -124.710107202755211, 50.256030690459546 ], [ -124.70894940162232, 50.257783630383329 ], [ -124.709844025045797, 50.258867777741429 ], [ -124.704028107711267, 50.260230415100374 ], [ -124.698735158320261, 50.264076563640735 ], [ -124.699302168327918, 50.268574451900761 ], [ -124.698586954454015, 50.269376406915832 ], [ -124.698528498291935, 50.270888314752824 ], [ -124.699457670700554, 50.274913179060299 ], [ -124.701531854812131, 50.276798625750537 ], [ -124.703004844962138, 50.2799250771739 ], [ -124.702022752438509, 50.282691732391775 ], [ -124.703413606914737, 50.285477580733868 ], [ -124.708651460460089, 50.288269877042595 ], [ -124.715387228959258, 50.289753669718252 ], [ -124.717363088752847, 50.289652523726964 ], [ -124.721968240001829, 50.291994862825028 ], [ -124.724243973711793, 50.294749374680656 ], [ -124.724071761068871, 50.296200016947957 ], [ -124.727269472139113, 50.299588372221514 ], [ -124.73154191228808, 50.300152504020787 ], [ -124.731446658562746, 50.306622518996981 ], [ -124.717261199519129, 50.303199494273777 ], [ -124.715234957928175, 50.301916253832168 ], [ -124.701147557126632, 50.296726700594199 ], [ -124.691055088569627, 50.291270520857537 ], [ -124.691510507020411, 50.291048033743252 ], [ -124.690843357561221, 50.29044613587665 ], [ -124.680982598938385, 50.283924392261788 ], [ -124.677057172148565, 50.280473312506444 ], [ -124.666846417264168, 50.275871224391985 ], [ -124.663796889242761, 50.273342537105989 ], [ -124.660469168568696, 50.269261742558498 ], [ -124.659287958776744, 50.266769205056022 ], [ -124.659254459261135, 50.26499780974401 ], [ -124.65656563111699, 50.260700892855787 ], [ -124.657489535627704, 50.258619025698088 ], [ -124.655133386749668, 50.255405660953912 ], [ -124.655291369025747, 50.25389236062535 ], [ -124.65611426787035, 50.252945227048983 ], [ -124.653804907651079, 50.250261825229074 ], [ -124.654521880870647, 50.247877106395073 ], [ -124.648680661158238, 50.243229122090057 ], [ -124.64732378221062, 50.240891833601609 ], [ -124.647314996913636, 50.239416895566976 ], [ -124.646478074864092, 50.239140935853278 ], [ -124.642554384378769, 50.233925774279236 ], [ -124.6436570165218, 50.230105563016267 ], [ -124.64507267616095, 50.229276047525161 ], [ -124.646950522286886, 50.226398227193904 ], [ -124.649603286888976, 50.225263272165044 ], [ -124.650657175870634, 50.224077464641255 ], [ -124.656031118881074, 50.223984089961426 ], [ -124.655460811286261, 50.20951228808044 ] ] ] } },
{ "type": "Feature", "properties": { "name": "Hudson Rocks Ecological Reserve", "kind": "Provincial" }, "geometry": { "type": "Polygon", "coordinates": [ [ [ -123.919070177382736, 49.224141684917221 ], [ -123.924411823743014, 49.220644803138654 ], [ -123.933150754669811, 49.22636759512622 ], [ -123.927801153378894, 49.22986386198113 ], [ -123.919070177382736, 49.224141684917221 ] ] ] } },
{ "type": "Feature", "properties": { "name": "Hitchie Creek Park", "kind": "Provincial" }, "geometry": { "type": "Polygon", "coordinates": [ [ [ -124.738165363755428, 48.786453014099784 ], [ -124.746579023667664, 48.784671674513291 ], [ -124.746369281218477, 48.795880400336287 ], [ -124.753995210546506, 48.801676474371703 ], [ -124.750897481653979, 48.802663735786673 ], [ -124.747270353060543, 48.805926182288701 ], [ -124.744795191972912, 48.806134834474527 ], [ -124.736802557842907, 48.800163906974788 ], [ -124.732163784801841, 48.797939637932231 ], [ -124.727558805006808, 48.796290444501224 ], [ -124.721674098200495, 48.796351923775397 ], [ -124.727729520361393, 48.792713537445948 ], [ -124.73002077766354, 48.790290638173971 ], [ -124.732243113189654, 48.789863075155871 ], [ -124.734463480361484, 48.790243552949512 ], [ -124.738165363755428, 48.786453014099784 ] ] ] } },
{ "type": "Feature", "properties": { "name": "Sabine Channel Park", "kind": "Provincial" }, "geometry": { "type": "MultiPolygon", "coordinates": [ [ [ [ -124.375180624371836, 49.520647641640423 ], [ -124.385754751975924, 49.509457533021283 ], [ -124.385067735571269, 49.485121494970727 ], [ -124.410055975019219, 49.484824478256996 ], [ -124.446416059435805, 49.500050698622239 ], [ -124.395461323183582, 49.53454716568271 ], [ -124.375579955944389, 49.534785256746844 ], [ -124.375180624371836, 49.520647641640423 ] ] ], [ [ [ -124.275597443112531, 49.503224221113584 ], [ -124.27610488991769, 49.522575539507777 ], [ -124.246873968805687, 49.522894271902274 ], [ -124.228100570194499, 49.51254329458056 ], [ -124.227921039191813, 49.505348387296301 ], [ -124.252755660313085, 49.508777762098987 ], [ -124.257959963899694, 49.503222134964339 ], [ -124.275597443112531, 49.503224221113584 ] ] ] ] } },
{ "type": "Feature", "properties": { "name": "Cape Scott Park", "kind": "Provincial" }, "geometry": { "type": "Polygon", "coordinates": [ [ [ -127.931327313943612, 50.874850999451752 ], [ -127.929768271133966, 50.87341582370783 ], [ -127.924613959321121, 50.873197568786594 ], [ -127.923810609347882, 50.872902384644007 ], [ -127.924351554428299, 50.872286846410361 ], [ -127.92209391088204, 50.871537595188947 ], [ -127.90614223833262, 50.87479753435268 ], [ -127.901107114058163, 50.871926432309031 ], [ -127.897257850647208, 50.871224637637262 ], [ -127.894114798236672, 50.871914345523948 ], [ -127.891544665809334, 50.871215488240388 ], [ -127.891574029318562, 50.870577250872692 ], [ -127.890397031683463, 50.870467151219628 ], [ -127.890200757052298, 50.869754838537212 ], [ -127.887896490478539, 50.869238279628739 ], [ -127.888081969502409, 50.868610537752645 ], [ -127.882223406511088, 50.869345969436331 ], [ -127.8797186136227, 50.868899272767713 ], [ -127.880320556258283, 50.868095669766625 ], [ -127.878291176156111, 50.867383726838618 ], [ -127.878381016965406, 50.866638163746124 ], [ -127.875432851091517, 50.866870595037661 ], [ -127.873042345047466, 50.865228774871078 ], [ -127.873563343835016, 50.864838121736959 ], [ -127.873065615694799, 50.862495123253922 ], [ -127.872092861093279, 50.861586421359263 ], [ -127.870593827183512, 50.861877690131045 ], [ -127.869988089965844, 50.861071430842713 ], [ -127.869928423751688, 50.859425119026646 ], [ -127.868113159938162, 50.856934437462236 ], [ -127.868516650271374, 50.855562401327134 ], [ -127.866994029097427, 50.853865923043443 ], [ -127.868663733580902, 50.853430898262395 ], [ -127.868631310946824, 50.852333419932258 ], [ -127.879219144244388, 50.852542449532365 ], [ -127.879266450727229, 50.85022647600865 ], [ -127.869046811395535, 50.8500549964984 ], [ -127.868282101691378, 50.846432150302228 ], [ -127.867599346902722, 50.846470490018056 ], [ -127.867388447116468, 50.845793973538683 ], [ -127.864319206020085, 50.845836078889938 ], [ -127.864131299994298, 50.845384593783471 ], [ -127.862827408892556, 50.845848540113735 ], [ -127.862350624958779, 50.847930280646132 ], [ -127.860723614181666, 50.849260477109077 ], [ -127.850633954368917, 50.849327057600327 ], [ -127.851287863408061, 50.811969704342495 ], [ -127.89764540557195, 50.83521245126876 ], [ -127.935397077309005, 50.835562988032279 ], [ -127.988080418438443, 50.850735458591608 ], [ -128.011522904024304, 50.848599270952867 ], [ -128.022404357296807, 50.855511794874708 ], [ -128.029242592866098, 50.853265885483253 ], [ -128.061587453670569, 50.861053536565983 ], [ -128.088061153085874, 50.859421014831341 ], [ -128.102521329968454, 50.851702982521253 ], [ -128.114007928616161, 50.834288091366197 ], [ -128.144286099496213, 50.822538534274926 ], [ -128.151324892802336, 50.795261116853794 ], [ -128.169176897929077, 50.797403980523157 ], [ -128.163815862393648, 50.801185569957006 ], [ -128.162272448835949, 50.8197519417932 ], [ -128.154521506359544, 50.83289981641466 ], [ -128.185201296178207, 50.825287953564761 ], [ -128.196584777093193, 50.825827475682026 ], [ -128.226599756618924, 50.803540428959231 ], [ -128.220625074337875, 50.799310300413993 ], [ -128.226745788171485, 50.797025537700378 ], [ -128.246167353205465, 50.793660164168273 ], [ -128.251920983115895, 50.785720896925099 ], [ -128.298819187958628, 50.785130717455544 ], [ -128.29803904570926, 50.734364517930828 ], [ -128.286653063596049, 50.7344402653763 ], [ -128.286360266091577, 50.721407701609778 ], [ -128.261607984913638, 50.721189758668558 ], [ -128.261790781871923, 50.700000002486682 ], [ -128.262969066139476, 50.696231177756644 ], [ -128.262972181571854, 50.692618001620652 ], [ -128.251550566455251, 50.692613417370062 ], [ -128.251681114769013, 50.685761003167059 ], [ -128.250404204299087, 50.685760714056713 ], [ -128.250403771612127, 50.684884444195028 ], [ -128.25167661922967, 50.684885012529193 ], [ -128.251623091565961, 50.670848284051992 ], [ -128.245930827293506, 50.67084720789093 ], [ -128.245939481729664, 50.663598790414298 ], [ -128.274399955590411, 50.663673493512142 ], [ -128.274404509908607, 50.649213130364494 ], [ -128.292045754289177, 50.649216270266805 ], [ -128.370484208039642, 50.657980764362755 ], [ -128.445256156138669, 50.787985614296964 ], [ -128.357282473392928, 50.808334683144885 ], [ -128.276197879027563, 50.808880054935095 ], [ -128.276245302918397, 50.805465876880298 ], [ -128.273719206944435, 50.80671859472239 ], [ -128.270155645292846, 50.805886986453721 ], [ -128.268015908624221, 50.804767451911836 ], [ -128.268141519923176, 50.803994848832168 ], [ -128.266852612365341, 50.802925586622898 ], [ -128.266870766582343, 50.801765607488093 ], [ -128.266099207730463, 50.801194209025844 ], [ -128.261404336539528, 50.801047672544804 ], [ -128.259248212185696, 50.802787625798622 ], [ -128.258614411907757, 50.804276416763464 ], [ -128.257291579422457, 50.804465851649347 ], [ -128.257068312422831, 50.805120922221519 ], [ -128.252984282800185, 50.804914982167766 ], [ -128.251739965765751, 50.80462822159582 ], [ -128.250469358823437, 50.803325090409274 ], [ -128.248922371656562, 50.803387075678501 ], [ -128.245578289792405, 50.804777401719946 ], [ -128.237071801518795, 50.810342668858787 ], [ -128.232718164124265, 50.811842924507232 ], [ -128.229968043712034, 50.814216939695818 ], [ -128.227007325794261, 50.815573281241846 ], [ -128.22326001438114, 50.819838030148617 ], [ -128.216494285206949, 50.824568043196798 ], [ -128.211746003182384, 50.829149447625724 ], [ -128.211364690429633, 50.830711637970893 ], [ -128.212073185422383, 50.832488029151271 ], [ -128.211465269372866, 50.834012719546735 ], [ -128.192817134991145, 50.835027315358168 ], [ -128.187055659013254, 50.833917166556944 ], [ -128.185261718119762, 50.834183436216279 ], [ -128.180383749367451, 50.837018012645885 ], [ -128.180286041285882, 50.837781726907615 ], [ -128.179067261582645, 50.837584316201877 ], [ -128.178404092042683, 50.838146196521016 ], [ -128.178990083552037, 50.839553222518504 ], [ -128.177274578488408, 50.840997984198687 ], [ -128.178173650540174, 50.84237125625144 ], [ -128.177597192614343, 50.843653180584276 ], [ -128.173562217416844, 50.843714609590904 ], [ -128.170557125506605, 50.842569166643912 ], [ -128.167901082118192, 50.842568236095062 ], [ -128.166959019476877, 50.842030941611775 ], [ -128.166850739977974, 50.84093302956844 ], [ -128.16579350766483, 50.840484823114188 ], [ -128.161615078287042, 50.842226490534557 ], [ -128.1584040598201, 50.842284315612815 ], [ -128.157419508963187, 50.841746629893279 ], [ -128.153108845137325, 50.842138088174323 ], [ -128.150882799718318, 50.844271227655618 ], [ -128.148799834227816, 50.843995254637612 ], [ -128.147847583283067, 50.842468493335211 ], [ -128.149431520094197, 50.840501600800124 ], [ -128.147941325980298, 50.838880986531997 ], [ -128.145988642209403, 50.839262399302278 ], [ -128.135888873436755, 50.837821118637571 ], [ -128.128414744985491, 50.838790734142769 ], [ -128.123712044008357, 50.841156641176397 ], [ -128.121844229754629, 50.843858461044292 ], [ -128.118215272194533, 50.8471944599506 ], [ -128.117442353117838, 50.850516018346944 ], [ -128.118645048063058, 50.852278734127296 ], [ -128.119999885908754, 50.852756577747606 ], [ -128.119774625422679, 50.853402373925221 ], [ -128.120628431107832, 50.854083280322499 ], [ -128.116421638860885, 50.854914838463692 ], [ -128.113070013753031, 50.859340912526143 ], [ -128.111647320614651, 50.859438018944111 ], [ -128.110765284758259, 50.860195683215188 ], [ -128.108137093116483, 50.859474194774613 ], [ -128.105690229465608, 50.860372746972189 ], [ -128.105649151292369, 50.861730357298633 ], [ -128.104444663654562, 50.861604219849816 ], [ -128.104445439224349, 50.862305673786146 ], [ -128.102656913775178, 50.862948414115031 ], [ -128.103193579525907, 50.863860832537739 ], [ -128.102138956700088, 50.864761013797434 ], [ -128.103359712901749, 50.865570763036381 ], [ -128.102266757281768, 50.866245822646277 ], [ -128.103113928686184, 50.866531118647202 ], [ -128.101598121291516, 50.867023073847982 ], [ -128.098207767713774, 50.866709150160851 ], [ -128.098318121540558, 50.867618284896885 ], [ -128.096925422474413, 50.868353923625833 ], [ -128.095477642678162, 50.868261791378146 ], [ -128.09559068809088, 50.867561207935928 ], [ -128.094844038324936, 50.86722268299129 ], [ -128.092373808278495, 50.867095580198388 ], [ -128.089018615118619, 50.868625219861322 ], [ -128.084858052403234, 50.869177226401803 ], [ -128.082693011316621, 50.868701583462716 ], [ -128.076586047710464, 50.870658846850183 ], [ -128.070100011751862, 50.870211672367724 ], [ -128.068497778076363, 50.870738466436748 ], [ -128.067518874904124, 50.869894311947647 ], [ -128.066181913000065, 50.86999154109197 ], [ -128.065031829880212, 50.870647805614823 ], [ -128.064869401819777, 50.871662700063553 ], [ -128.063222479214858, 50.871577548785694 ], [ -128.062128451927435, 50.872225255575479 ], [ -128.061112747535304, 50.875427570550052 ], [ -128.056911050165866, 50.875386057050513 ], [ -128.056907639209868, 50.873442643619796 ], [ -128.054219373841221, 50.873444445040754 ], [ -128.053876070361213, 50.87131331154184 ], [ -128.053064836070547, 50.870668239793424 ], [ -128.054361878484258, 50.869824416037673 ], [ -128.051719733649747, 50.867617704729163 ], [ -128.048513376925484, 50.866656332582984 ], [ -128.046577339195807, 50.866820388884165 ], [ -128.04659330145796, 50.866038138967269 ], [ -128.045395867405233, 50.865524743565921 ], [ -128.042547402554646, 50.865141687207071 ], [ -128.041045594587473, 50.865614983863402 ], [ -128.039873534563071, 50.86456216858199 ], [ -128.038196272443088, 50.864584329163833 ], [ -128.037640362741797, 50.863977205339232 ], [ -128.033626355018754, 50.864303760092994 ], [ -128.031426114731346, 50.865562518420028 ], [ -128.029379576273442, 50.865572508406672 ], [ -128.027571031928403, 50.866438756937441 ], [ -128.026965315374582, 50.866181908135339 ], [ -128.027533093123026, 50.865530145185261 ], [ -128.024615558123458, 50.865739628290001 ], [ -128.024486245675831, 50.865127033529546 ], [ -128.02028433493507, 50.865595436664172 ], [ -128.019588190958586, 50.866264056508996 ], [ -128.01759069068089, 50.865968473879676 ], [ -128.017232110509184, 50.866801801490134 ], [ -128.01471816770308, 50.866735645094963 ], [ -128.014395189066306, 50.865204121980746 ], [ -128.011620564310363, 50.864029550869482 ], [ -128.011301125175066, 50.862336161213513 ], [ -128.009589113791463, 50.861988908530329 ], [ -128.009027741388195, 50.858935525125943 ], [ -128.008309071566032, 50.858695597723511 ], [ -128.002452793537202, 50.858807566393544 ], [ -127.993485984365662, 50.860843924785051 ], [ -127.99025446209599, 50.860465279076372 ], [ -127.987080003146744, 50.861391028098744 ], [ -127.986321045636871, 50.860350253774058 ], [ -127.98394799763885, 50.860356599903753 ], [ -127.974290690837236, 50.864022197087145 ], [ -127.972580224869716, 50.865553955086455 ], [ -127.964642615547717, 50.869125972015347 ], [ -127.963281703324398, 50.870894507592169 ], [ -127.961075033058634, 50.87106373216092 ], [ -127.960386576676271, 50.871983878693889 ], [ -127.956508379401967, 50.871265805098147 ], [ -127.953839365307459, 50.873040505616963 ], [ -127.948426222725075, 50.87421491061761 ], [ -127.944393731035788, 50.874034624957069 ], [ -127.942639123373141, 50.874945034126746 ], [ -127.940939001801169, 50.874075268655218 ], [ -127.937290837653222, 50.87387125300161 ], [ -127.933552001075668, 50.87515012331211 ], [ -127.931327313943612, 50.874850999451752 ] ], [ [ -128.431419777865671, 50.78267450469798 ], [ -128.43201337872415, 50.781724149381382 ], [ -128.430747680466737, 50.781933658792568 ], [ -128.431477536658065, 50.78143360874175 ], [ -128.430787850506249, 50.780989714095391 ], [ -128.431948769700369, 50.781139147631009 ], [ -128.432922839879524, 50.780397327902705 ], [ -128.430330926938865, 50.780043103575153 ], [ -128.430854745834466, 50.778984735022917 ], [ -128.429791951991803, 50.778925265868324 ], [ -128.429227085974333, 50.777492895061123 ], [ -128.42863218810038, 50.77863200352337 ], [ -128.428734907189636, 50.776969160134975 ], [ -128.415762971334686, 50.776960534911687 ], [ -128.420286016725612, 50.781387726808831 ], [ -128.420296566497058, 50.782880444888669 ], [ -128.421949721840861, 50.783401286495753 ], [ -128.421193989337411, 50.783720951771677 ], [ -128.421961572460049, 50.784687267063298 ], [ -128.424044223653368, 50.783762554855066 ], [ -128.42726265028756, 50.783948852542338 ], [ -128.429801043485838, 50.786290417433953 ], [ -128.430919081700097, 50.786530107108149 ], [ -128.431286059984103, 50.785524583422649 ], [ -128.430701244515916, 50.784577388863617 ], [ -128.431727381878204, 50.784204578829829 ], [ -128.431419777865671, 50.78267450469798 ] ], [ [ -128.398844763723616, 50.749929808948188 ], [ -128.400901873852916, 50.749841243479104 ], [ -128.402839367584164, 50.749059831569674 ], [ -128.403076017147299, 50.748296449836509 ], [ -128.405112684460534, 50.748621654625239 ], [ -128.40594392299775, 50.748181332554807 ], [ -128.378264463552597, 50.748222493472966 ], [ -128.378270294858766, 50.751840795022162 ], [ -128.398111879387386, 50.751825683220758 ], [ -128.398844763723616, 50.749929808948188 ] ], [ [ -128.326975824554012, 50.763014104800959 ], [ -128.326890764239067, 50.759480460279697 ], [ -128.321149521702381, 50.759537667154852 ], [ -128.321233615668859, 50.763051807433882 ], [ -128.326975824554012, 50.763014104800959 ] ], [ [ -128.2551618508476, 50.682937504748999 ], [ -128.255169426945855, 50.678996733831781 ], [ -128.25284284068573, 50.678979551533857 ], [ -128.252834393407056, 50.683256817726345 ], [ -128.2551618508476, 50.682937504748999 ] ], [ [ -128.144894558392281, 50.838073788394645 ], [ -128.145313286091522, 50.835450832536701 ], [ -128.141601384488268, 50.835423599109539 ], [ -128.142173082672798, 50.836775436290829 ], [ -128.144894558392281, 50.838073788394645 ] ], [ [ -128.378254543474185, 50.742141237812724 ], [ -128.378252651108085, 50.740985640913998 ], [ -128.373556644831041, 50.741378908625883 ], [ -128.374066512578139, 50.742143966703907 ], [ -128.378254543474185, 50.742141237812724 ] ], [ [ -128.415761817189889, 50.768051446804662 ], [ -128.415758453427998, 50.769860540564949 ], [ -128.419134266688474, 50.769856937132296 ], [ -128.418076170447961, 50.768597691004096 ], [ -128.419613034367813, 50.768191479764795 ], [ -128.415761817189889, 50.768051446804662 ] ], [ [ -128.345337079847496, 50.671429091442441 ], [ -128.342339547622373, 50.671342570364487 ], [ -128.342341108534072, 50.673151854385907 ], [ -128.343695707676545, 50.673151383794206 ], [ -128.344126726331922, 50.672107982681119 ], [ -128.345337079847496, 50.671429091442441 ] ], [ [ -128.262527310325794, 50.678909384609042 ], [ -128.265941037586146, 50.679089406704009 ], [ -128.265950297435182, 50.678185236948387 ], [ -128.262332665053208, 50.678172400194249 ], [ -128.262527310325794, 50.678909384609042 ] ], [ [ -128.332941948832172, 50.775676450213346 ], [ -128.332987432678379, 50.777494014745791 ], [ -128.33434032867163, 50.777480818508664 ], [ -128.334294807420434, 50.775663317040511 ], [ -128.332941948832172, 50.775676450213346 ] ], [ [ -128.327284584853487, 50.777549446195437 ], [ -128.327270425450195, 50.776961580823595 ], [ -128.326343274078511, 50.776970569534093 ], [ -128.326357421321063, 50.77755843501722 ], [ -128.327284584853487, 50.777549446195437 ] ], [ [ -128.402222470748143, 50.769780940638221 ], [ -128.402397356073322, 50.770180614554732 ], [ -128.402799386505336, 50.769781436832446 ], [ -128.402222470748143, 50.769780940638221 ] ], [ [ -128.38971089846936, 50.769881952908513 ], [ -128.389722955578122, 50.776445374389873 ], [ -128.404879657000805, 50.776400388356905 ], [ -128.410982487371768, 50.775594490270208 ], [ -128.414201267644927, 50.775700836903098 ], [ -128.41510133163797, 50.776423221950942 ], [ -128.415119823004289, 50.76753433181063 ], [ -128.413568691422626, 50.768440107180773 ], [ -128.413852751505942, 50.769529820301678 ], [ -128.412687288491895, 50.769766743134696 ], [ -128.413353634693664, 50.771991238026096 ], [ -128.411172412037416, 50.772924637295674 ], [ -128.407326754336623, 50.773103015648566 ], [ -128.402858256912879, 50.772090953108858 ], [ -128.401624687876449, 50.770960406196423 ], [ -128.402081810320198, 50.769780719217252 ], [ -128.38971089846936, 50.769881952908513 ] ] ] } },
{ "type": "Feature", "properties": { "name": "Apodaca Park", "kind": "Provincial" }, "geometry": { "type": "Polygon", "coordinates": [ [ [ -123.337569866086866, 49.352648133565125 ], [ -123.341105874353843, 49.352439847088611 ], [ -123.341108584861814, 49.355943436445934 ], [ -123.335567771756217, 49.355127612061011 ], [ -123.337569866086866, 49.352648133565125 ] ] ] } },
{ "type": "Feature", "properties": { "name": "Ten Mile Point Ecological Reserve", "kind": "Provincial" }, "geometry": { "type": "Polygon", "coordinates": [ [ [ -123.261914959817261, 48.452265437279848 ], [ -123.261884263075572, 48.44821920491934 ], [ -123.267338698801964, 48.448206388981653 ], [ -123.267355388676933, 48.450679223068164 ], [ -123.26615734465652, 48.450891533307043 ], [ -123.265811701389879, 48.451579630822174 ], [ -123.261914959817261, 48.452265437279848 ] ] ] } },
{ "type": "Feature", "properties": { "name": "Nimpkish River Ecological Reserve", "kind": "Provincial" }, "geometry": { "type": "Polygon", "coordinates": [ [ [ -126.46131000040829, 50.081313358611567 ], [ -126.464325485667928, 50.080844071402701 ], [ -126.465299733806972, 50.082979298551599 ], [ -126.466966182514483, 50.084598897519115 ], [ -126.466565666884151, 50.085300789738675 ], [ -126.462126415289589, 50.086400181618295 ], [ -126.460298600155028, 50.083256744191061 ], [ -126.46131000040829, 50.081313358611567 ] ] ] } },
{ "type": "Feature", "properties": { "name": "Baeria Rocks Ecological Reserve", "kind": "Provincial" }, "geometry": { "type": "Polygon", "coordinates": [ [ [ -125.161645450060817, 48.945133330844229 ], [ -125.162191800007676, 48.957715434700624 ], [ -125.148527844396071, 48.95796283331331 ], [ -125.147987737730887, 48.945388564776756 ], [ -125.161645450060817, 48.945133330844229 ] ] ] } },
{ "type": "Feature", "properties": { "name": "Sandwell Park", "kind": "Provincial" }, "geometry": { "type": "MultiPolygon", "coordinates": [ [ [ [ -123.813702914861253, 49.183777929561835 ], [ -123.811857730073072, 49.183233190856093 ], [ -123.813699467837594, 49.183593538921116 ], [ -123.820642658381416, 49.186288034288062 ], [ -123.820637919372061, 49.187508508501402 ], [ -123.819556205156019, 49.188802719235767 ], [ -123.812746494406255, 49.18671110007228 ], [ -123.814581647642186, 49.184596743418233 ], [ -123.813702914861253, 49.183777929561835 ] ] ], [ [ [ -123.810975015925777, 49.183378822777513 ], [ -123.811560113381759, 49.183154328694933 ], [ -123.811592103120987, 49.18324855283565 ], [ -123.810975015925777, 49.183378822777513 ] ] ] ] } },
{ "type": "Feature", "properties": { "name": "Buccaneer Bay Park", "kind": "Provincial" }, "geometry": { "type": "Polygon", "coordinates": [ [ [ -123.986270153999229, 49.497002641686365 ], [ -123.984587482641984, 49.493733773766898 ], [ -123.988837294578431, 49.493949391621967 ], [ -123.989691502091361, 49.493038089316684 ], [ -123.989831739347437, 49.48969971764631 ], [ -123.997712219487468, 49.489632013648816 ], [ -123.997867995798174, 49.495023204786058 ], [ -123.99105209528912, 49.494425165950013 ], [ -123.991104159103671, 49.49696132982497 ], [ -123.986270153999229, 49.497002641686365 ] ] ] } },
{ "type": "Feature", "properties": { "name": "Collison Point Park", "kind": "Provincial" }, "geometry": { "type": "Polygon", "coordinates": [ [ [ -123.365805290296038, 48.860626550071956 ], [ -123.366320523401455, 48.862907697403664 ], [ -123.354402449718137, 48.862970421006523 ], [ -123.357437069581579, 48.860882197783425 ], [ -123.357600576236578, 48.85992854984984 ], [ -123.359082913139943, 48.859751907655571 ], [ -123.365805290296038, 48.860626550071956 ] ] ] } },
{ "type": "Feature", "properties": { "name": "Spider Lake Park", "kind": "Provincial" }, "geometry": { "type": "MultiPolygon", "coordinates": [ [ [ [ -124.63565611134851, 49.341412849107066 ], [ -124.640469523342233, 49.340250255332847 ], [ -124.640465358187669, 49.343929220006977 ], [ -124.63492746822854, 49.343926241323985 ], [ -124.634921836138162, 49.348449271287777 ], [ -124.632580563887643, 49.348406549389658 ], [ -124.633800816088424, 49.347558284562574 ], [ -124.632863253146283, 49.347112912872873 ], [ -124.629681863360602, 49.347748896856459 ], [ -124.63327077904286, 49.346757153009747 ], [ -124.633395185645441, 49.346289403940524 ], [ -124.630531278362241, 49.347005972753053 ], [ -124.629956923110342, 49.346762787649254 ], [ -124.631257434021123, 49.346132279768867 ], [ -124.630671265454225, 49.345532924918125 ], [ -124.629019794387958, 49.346332849794308 ], [ -124.626943564430249, 49.34591894266903 ], [ -124.627871707325909, 49.346289624879248 ], [ -124.626717344243517, 49.34647949295465 ], [ -124.625882561657619, 49.345760272359286 ], [ -124.628418698019118, 49.345071270133062 ], [ -124.628323493539668, 49.345785315008293 ], [ -124.628975957742853, 49.34606394441446 ], [ -124.630412825795972, 49.344481255707663 ], [ -124.63140632603853, 49.344293642304194 ], [ -124.631638538344191, 49.343280718720472 ], [ -124.630070973353497, 49.34323429614092 ], [ -124.630266417294337, 49.34386200211101 ], [ -124.628674364121309, 49.344131131850148 ], [ -124.629425685129803, 49.342960145939323 ], [ -124.624454477534982, 49.342522998345757 ], [ -124.623711959076743, 49.342903465043157 ], [ -124.623944533272748, 49.343809332013279 ], [ -124.622796886861849, 49.34348010154234 ], [ -124.623853551969873, 49.342271177642196 ], [ -124.625375686240204, 49.341728476898659 ], [ -124.627658083488839, 49.341724988642042 ], [ -124.630196442720688, 49.34107750951096 ], [ -124.63565611134851, 49.341412849107066 ] ] ], [ [ [ -124.629766207376463, 49.340957743217487 ], [ -124.624240625141127, 49.34186366041456 ], [ -124.622778096119703, 49.343264227152254 ], [ -124.622930637808807, 49.342320526193021 ], [ -124.621356712203777, 49.342110625465843 ], [ -124.621361404506473, 49.339130824637969 ], [ -124.629766207376463, 49.340957743217487 ] ] ] ] } },
{ "type": "Feature", "properties": { "name": "Raft Cove Park", "kind": "Provincial" }, "geometry": { "type": "Polygon", "coordinates": [ [ [ -128.216314063884369, 50.579579420538359 ], [ -128.22952962546907, 50.569037326038526 ], [ -128.242167572219984, 50.567049853068625 ], [ -128.24817829816206, 50.572117611370878 ], [ -128.260616533124193, 50.59108299629856 ], [ -128.255760314186261, 50.594134104447235 ], [ -128.252667793584436, 50.594923698953572 ], [ -128.250226563776494, 50.59739915309693 ], [ -128.239983638014735, 50.596433490857898 ], [ -128.233427275275716, 50.597249341188387 ], [ -128.233207120048888, 50.59677574462269 ], [ -128.230513118519525, 50.596650071131883 ], [ -128.222934408370833, 50.59880311575558 ], [ -128.222445886062388, 50.597816537543977 ], [ -128.215990510969874, 50.596484490802276 ], [ -128.216314063884369, 50.579579420538359 ] ] ] } },
{ "type": "Feature", "properties": { "name": "Kingcome River/Atlatzi River Ecological Reserve", "kind": "Provincial" }, "geometry": { "type": "MultiPolygon", "coordinates": [ [ [ [ -126.153507427313059, 51.061417824696314 ], [ -126.153913165939173, 51.058454954650031 ], [ -126.154973667651973, 51.057788193531145 ], [ -126.155294852793503, 51.056042043526674 ], [ -126.158260034351187, 51.055893847989829 ], [ -126.161574535468375, 51.059963611479013 ], [ -126.160784250835874, 51.06105525817501 ], [ -126.161035667809472, 51.062077775436194 ], [ -126.163238084790379, 51.063525463194452 ], [ -126.163153226395892, 51.070440326396337 ], [ -126.154126747047812, 51.076301196402376 ], [ -126.148971398319631, 51.076242939048932 ], [ -126.148538251180241, 51.068442929730651 ], [ -126.150367218626059, 51.067776981218572 ], [ -126.150889639222143, 51.066404533372811 ], [ -126.153010342803711, 51.065417355045348 ], [ -126.154537474933491, 51.063502714658703 ], [ -126.153507427313059, 51.061417824696314 ] ] ], [ [ [ -126.139374808773027, 51.027647959616409 ], [ -126.146085752085639, 51.032970668055327 ], [ -126.140286295494676, 51.036152361358504 ], [ -126.13996283591014, 51.044918851999171 ], [ -126.112068892097952, 51.044924988107191 ], [ -126.112905254410691, 51.043250137304796 ], [ -126.115678106553602, 51.040647189782639 ], [ -126.116766087079853, 51.040817987413689 ], [ -126.117757761261515, 51.038863593664608 ], [ -126.117344875331725, 51.038160804503448 ], [ -126.11870903969897, 51.0361796449656 ], [ -126.126668698909029, 51.03596199637289 ], [ -126.125757233918335, 51.034554372594108 ], [ -126.126196603336524, 51.032757227581065 ], [ -126.12825427046937, 51.030163376385701 ], [ -126.125771919660991, 51.029247793466858 ], [ -126.125339863653295, 51.027658563537699 ], [ -126.139374808773027, 51.027647959616409 ] ] ] ] } },
{ "type": "Feature", "properties": { "name": "Broughton Archipelago Marine Park", "kind": "Provincial" }, "geometry": { "type": "Polygon", "coordinates": [ [ [ -126.673527241834194, 50.654288908797874 ], [ -126.68111922026813, 50.652081727784577 ], [ -126.683604263192493, 50.650188371049438 ], [ -126.67961709635378, 50.648418047628823 ], [ -126.678083643503427, 50.648531403407169 ], [ -126.676538105487865, 50.647169384882602 ], [ -126.673897238636172, 50.646505059461596 ], [ -126.672229163133721, 50.645050596836043 ], [ -126.670151521055303, 50.644442399193153 ], [ -126.669337069762065, 50.64346369743695 ], [ -126.665003089087406, 50.643574779017797 ], [ -126.661873658656575, 50.642216778889185 ], [ -126.659098761298921, 50.642835625650974 ], [ -126.657943930466374, 50.642164803546635 ], [ -126.652423052643982, 50.64225153695569 ], [ -126.649106799730234, 50.641528040626788 ], [ -126.64761703037145, 50.641902719613299 ], [ -126.64672817116552, 50.641291135474269 ], [ -126.64551201813002, 50.641851190180525 ], [ -126.64119372223557, 50.641368058260589 ], [ -126.637030969712441, 50.64173340335563 ], [ -126.634167617495322, 50.641009668775702 ], [ -126.630153160287691, 50.641800538832349 ], [ -126.624618772313227, 50.640752355827402 ], [ -126.622075232787111, 50.642103597378956 ], [ -126.619651363276645, 50.640525018609317 ], [ -126.618086659324206, 50.640978728358469 ], [ -126.61745459906497, 50.642009166906718 ], [ -126.614644878839272, 50.641349011265611 ], [ -126.613150343797145, 50.642928429523785 ], [ -126.614900406639407, 50.644682257713676 ], [ -126.616610307174497, 50.6449960916677 ], [ -126.614916953251665, 50.646013779110383 ], [ -126.615333666570763, 50.647020712254246 ], [ -126.613171447643026, 50.645861089064844 ], [ -126.608671181130603, 50.647288865650481 ], [ -126.607879298084768, 50.647839268150356 ], [ -126.607909334672868, 50.648640404218717 ], [ -126.609037584079275, 50.649823861506874 ], [ -126.612078404359224, 50.6506777799556 ], [ -126.616340332360352, 50.649661227982968 ], [ -126.621399880726557, 50.65738135922205 ], [ -126.607705286367008, 50.657945586231868 ], [ -126.601885622054141, 50.656241953412497 ], [ -126.586616765608156, 50.64872201206304 ], [ -126.588081043111615, 50.620133088780136 ], [ -126.592526280914555, 50.608891034164905 ], [ -126.597218513000527, 50.603078460610305 ], [ -126.600000108499543, 50.600981642288936 ], [ -126.608757179597305, 50.596552045365243 ], [ -126.627505901929851, 50.595957131581883 ], [ -126.627133612316015, 50.603357161582466 ], [ -126.624832553139385, 50.604666548466369 ], [ -126.633234103725442, 50.607985732770366 ], [ -126.637297742984231, 50.606956564100692 ], [ -126.63770749898768, 50.598777579965279 ], [ -126.656407177747994, 50.596013043425408 ], [ -126.663794857338743, 50.597104840062698 ], [ -126.663560563540926, 50.601561281385123 ], [ -126.670619287177615, 50.601701593149656 ], [ -126.674284569652642, 50.597470448829817 ], [ -126.68195064799248, 50.601567295502647 ], [ -126.682468762876894, 50.603810327729299 ], [ -126.681403724882031, 50.609811212828369 ], [ -126.677942968965027, 50.617155413926881 ], [ -126.680327671865612, 50.623329625534119 ], [ -126.687208591382628, 50.621106048678037 ], [ -126.692555107108845, 50.616107671666924 ], [ -126.693551180585658, 50.613511047250519 ], [ -126.717655581645104, 50.629201085561789 ], [ -126.720323982687006, 50.629253359912767 ], [ -126.735882027007591, 50.647260716277081 ], [ -126.735963441509199, 50.758129105326802 ], [ -126.721455313089209, 50.757846422015582 ], [ -126.717795807288738, 50.756762985841206 ], [ -126.718651364585071, 50.755421585752664 ], [ -126.720266540611334, 50.75457175007643 ], [ -126.719610333954108, 50.75290395753472 ], [ -126.716375121841324, 50.751500462102285 ], [ -126.713710334945659, 50.751196388883685 ], [ -126.713251803568909, 50.750422884700363 ], [ -126.71839393612359, 50.7493453836436 ], [ -126.718368309868666, 50.748706294787162 ], [ -126.71941210528864, 50.748232026158846 ], [ -126.718473891359409, 50.747701000632283 ], [ -126.719834999510596, 50.746531384093664 ], [ -126.71796881842144, 50.746135090643364 ], [ -126.717021474169641, 50.7472498248124 ], [ -126.715836768105106, 50.747415492761334 ], [ -126.714520719637477, 50.746202443506242 ], [ -126.712678690955286, 50.746184311973352 ], [ -126.712486694935464, 50.74546998366889 ], [ -126.712892301207603, 50.74500125133946 ], [ -126.71572084054705, 50.745137670229909 ], [ -126.71627004395485, 50.744338940955991 ], [ -126.716121589128349, 50.742456226192417 ], [ -126.71102526237992, 50.743462553628717 ], [ -126.709909879447551, 50.745113583066022 ], [ -126.708115442099498, 50.745573004510526 ], [ -126.707654001800947, 50.744862368998405 ], [ -126.708787304088347, 50.744587832280452 ], [ -126.708812946557828, 50.743482042622901 ], [ -126.705667471551635, 50.74403177281318 ], [ -126.707301243767347, 50.742507912359919 ], [ -126.70433806847285, 50.742809361721541 ], [ -126.707017339639265, 50.740775420448117 ], [ -126.705898745082465, 50.739880953011422 ], [ -126.703234519692529, 50.740449090272712 ], [ -126.7015671838044, 50.744085911620182 ], [ -126.700926676844531, 50.743578594478606 ], [ -126.701618083344627, 50.742485928635766 ], [ -126.701292151445216, 50.741616043771003 ], [ -126.698814318091138, 50.741270326892625 ], [ -126.700448720811266, 50.740025384896136 ], [ -126.700141821136356, 50.739056944600947 ], [ -126.697623534774038, 50.739250073732748 ], [ -126.696477548006101, 50.740072897982806 ], [ -126.695816321587998, 50.739394256697871 ], [ -126.692960362862337, 50.739535622352157 ], [ -126.692826645367148, 50.738507630004975 ], [ -126.691189784750165, 50.738070464929798 ], [ -126.689929979040897, 50.738036509266607 ], [ -126.689793284641198, 50.73908613406244 ], [ -126.691196949529186, 50.739635624114023 ], [ -126.692153776940046, 50.741237577859899 ], [ -126.695025046934006, 50.742229809850613 ], [ -126.694845928460865, 50.742990787821675 ], [ -126.6892308750963, 50.741872238465092 ], [ -126.688791878719186, 50.741000078098331 ], [ -126.686642108550004, 50.740615645134227 ], [ -126.68664567798848, 50.739968102028698 ], [ -126.682398881732937, 50.73956894087533 ], [ -126.676998982455061, 50.740990480421637 ], [ -126.677760886884442, 50.73962952450222 ], [ -126.676019157719267, 50.739594803874766 ], [ -126.673456023642288, 50.741261593409732 ], [ -126.671608322021953, 50.741647435501982 ], [ -126.670443568603105, 50.742838407387403 ], [ -126.668261139786651, 50.743397387990356 ], [ -126.664492099005798, 50.747351403901405 ], [ -126.664628373787423, 50.748316541777939 ], [ -126.662843072721728, 50.74886538664979 ], [ -126.660854740740291, 50.750642357828305 ], [ -126.658375614038036, 50.750034942797775 ], [ -126.655447928060156, 50.751028415280523 ], [ -126.656434742682293, 50.74943827123208 ], [ -126.656367865895035, 50.748222684728681 ], [ -126.657385284167987, 50.747721461311009 ], [ -126.655060524519996, 50.746298585530937 ], [ -126.656495583779531, 50.745949668878104 ], [ -126.66022335740405, 50.747382712682459 ], [ -126.661641739551968, 50.746799567999943 ], [ -126.662412862977462, 50.744980176417172 ], [ -126.665102420405091, 50.743918790958652 ], [ -126.664898175400168, 50.74261051063116 ], [ -126.666226789249478, 50.742403267849866 ], [ -126.664024966221291, 50.741927431841901 ], [ -126.664520443317386, 50.74137071809907 ], [ -126.663881428854893, 50.740539417004634 ], [ -126.664461860925712, 50.73998440744186 ], [ -126.662614199517535, 50.739515625547519 ], [ -126.659386029739281, 50.740296327644032 ], [ -126.657079338320983, 50.743344041680551 ], [ -126.655538612380866, 50.742404626682969 ], [ -126.652649336207432, 50.743488758979076 ], [ -126.654246689909954, 50.744429354082655 ], [ -126.654284247430368, 50.745095700860098 ], [ -126.652237539216841, 50.744352927293647 ], [ -126.650490004699506, 50.745846763453251 ], [ -126.651937212566736, 50.745821955392138 ], [ -126.652294405660612, 50.74689949155416 ], [ -126.65331185652694, 50.746964958317875 ], [ -126.652930382723596, 50.747487941301848 ], [ -126.651245028500412, 50.747471968610441 ], [ -126.650765571957763, 50.746571861449944 ], [ -126.649573238048617, 50.746601793049727 ], [ -126.64843836990562, 50.747748175451306 ], [ -126.644621356163029, 50.748381659481467 ], [ -126.64237383012096, 50.747967444150866 ], [ -126.642035247770849, 50.747088147733891 ], [ -126.639765539079946, 50.746835330669349 ], [ -126.636774300433288, 50.749086281278245 ], [ -126.635937208355742, 50.748817463262725 ], [ -126.634760840682887, 50.749935894760497 ], [ -126.633877169283679, 50.749747062277713 ], [ -126.631976775587731, 50.75144439007169 ], [ -126.630672012656092, 50.751732690728318 ], [ -126.631469467127772, 50.752225601424151 ], [ -126.63002340008039, 50.755029445281849 ], [ -126.630754108192917, 50.759370614501954 ], [ -126.632378145212911, 50.760626837196249 ], [ -126.64516694063559, 50.758412432416421 ], [ -126.648882994110593, 50.756697568564462 ], [ -126.649699961336836, 50.755391864853173 ], [ -126.653133889457138, 50.752789735103164 ], [ -126.654261871386382, 50.753199190367511 ], [ -126.652230065421975, 50.75498414587549 ], [ -126.652460298718424, 50.756050123372198 ], [ -126.658669555015507, 50.756076062894685 ], [ -126.65809974679722, 50.757548687740943 ], [ -126.653249510375531, 50.75728025461283 ], [ -126.649318768234039, 50.759602551818844 ], [ -126.650786329886586, 50.761727820704763 ], [ -126.652750784939698, 50.762823624689183 ], [ -126.648052693582173, 50.762728923969256 ], [ -126.646365059722868, 50.760882715329707 ], [ -126.644114095215926, 50.760258193300636 ], [ -126.639077749437334, 50.760561630592711 ], [ -126.633817335378211, 50.763494941461381 ], [ -126.629356134617552, 50.765054577834007 ], [ -126.628154581295234, 50.766246117859936 ], [ -126.628687482759148, 50.767443999988863 ], [ -126.636153823284843, 50.767856212073177 ], [ -126.645791069790917, 50.769325281504933 ], [ -126.645159882503449, 50.781889854722259 ], [ -126.613659673807248, 50.785420492715915 ], [ -126.566087835687014, 50.776423540312344 ], [ -126.566669731226241, 50.765215102755988 ], [ -126.577843710635875, 50.764192701648348 ], [ -126.594389241035756, 50.764191778628508 ], [ -126.595430259187737, 50.743889479376058 ], [ -126.597066553441394, 50.744065012821764 ], [ -126.597220932402109, 50.742970882112054 ], [ -126.598107613322938, 50.74281827211103 ], [ -126.599228323043022, 50.743632869909725 ], [ -126.604768817827022, 50.743953730350917 ], [ -126.617877996903303, 50.746812791045393 ], [ -126.618135857417172, 50.743616787412279 ], [ -126.617641656680732, 50.74329756447024 ], [ -126.614942547457204, 50.742322779849246 ], [ -126.601311937842908, 50.740124612252963 ], [ -126.59073131978613, 50.734633940171257 ], [ -126.58177016916234, 50.731956862812126 ], [ -126.567551356379724, 50.726345745363751 ], [ -126.59145942831276, 50.714233608980962 ], [ -126.607496565192974, 50.714564000105185 ], [ -126.606519214002873, 50.715747048206467 ], [ -126.608703614376523, 50.71680826758184 ], [ -126.6143071942614, 50.715268137215446 ], [ -126.617332207509591, 50.71595964118444 ], [ -126.620321028074642, 50.715130272629089 ], [ -126.623051069924429, 50.715212967890274 ], [ -126.622834931662496, 50.716404818734219 ], [ -126.620409904510595, 50.717290758398448 ], [ -126.617102856883164, 50.719642682237676 ], [ -126.614209996622748, 50.719133773619276 ], [ -126.6119262419395, 50.720022421363915 ], [ -126.614085832444317, 50.721020070978874 ], [ -126.616552752521997, 50.720710772423701 ], [ -126.61630669978446, 50.721650166987857 ], [ -126.616955536208522, 50.721987241332663 ], [ -126.618972845778814, 50.721868701941013 ], [ -126.616796833365868, 50.732651420938687 ], [ -126.617180495690732, 50.732911123842044 ], [ -126.63559452031312, 50.732548609932181 ], [ -126.637379377820835, 50.73087586519906 ], [ -126.63874331107894, 50.730525732528456 ], [ -126.6432682862539, 50.731570730140319 ], [ -126.64380078770472, 50.730843957396978 ], [ -126.646455433077463, 50.730753686046185 ], [ -126.648125774431605, 50.727963167410195 ], [ -126.653630297218783, 50.730106853895442 ], [ -126.653523360145499, 50.731112070860981 ], [ -126.657274028545899, 50.731493347731721 ], [ -126.658230328450415, 50.7305051959964 ], [ -126.659414364951786, 50.730349093664948 ], [ -126.65870684257024, 50.731180346157764 ], [ -126.659726724252451, 50.731758490587964 ], [ -126.66435291393131, 50.731635420372676 ], [ -126.667171374243196, 50.729389310615787 ], [ -126.666972939571465, 50.727964221245948 ], [ -126.673392205160624, 50.726536520414761 ], [ -126.67452719946759, 50.725650748982218 ], [ -126.674194483368382, 50.724357909825251 ], [ -126.676129954783889, 50.723901820942935 ], [ -126.672966073619293, 50.722840314263102 ], [ -126.673631099695442, 50.722286943486012 ], [ -126.673094826873609, 50.721385791925179 ], [ -126.669968276836627, 50.720432879782585 ], [ -126.670809509790757, 50.719469296395616 ], [ -126.670044736927125, 50.719463018142726 ], [ -126.670192853396799, 50.718476583421698 ], [ -126.669465527113644, 50.718030669469798 ], [ -126.669726733672888, 50.712765623052263 ], [ -126.677198449891719, 50.709465026572758 ], [ -126.677454229740945, 50.70285434650237 ], [ -126.674227456155307, 50.702232314081648 ], [ -126.671408303097138, 50.703390272885549 ], [ -126.671232126500399, 50.70265819522637 ], [ -126.669874247132228, 50.70262205655709 ], [ -126.674315789509649, 50.701037819801762 ], [ -126.67449951763129, 50.70016903352969 ], [ -126.675874227764467, 50.699863672184151 ], [ -126.675778960920326, 50.698926342754405 ], [ -126.673901185457311, 50.699095748830707 ], [ -126.6715430272925, 50.697240757172132 ], [ -126.67171210799259, 50.696686489808414 ], [ -126.669824722833013, 50.696765688406366 ], [ -126.668305749262686, 50.695413122718413 ], [ -126.66605612598687, 50.695943717063194 ], [ -126.665944083736349, 50.695347837288203 ], [ -126.667412085289243, 50.693731254915285 ], [ -126.667075389045564, 50.693364750434661 ], [ -126.665331039988374, 50.693149913962642 ], [ -126.66037575441176, 50.694840406814848 ], [ -126.659243920215403, 50.694251033853412 ], [ -126.66049443364092, 50.69217143328278 ], [ -126.665997590133969, 50.691418341198037 ], [ -126.666922143241393, 50.689907809082712 ], [ -126.670265035065199, 50.690739219406204 ], [ -126.674849557852369, 50.689085883054148 ], [ -126.673963015768507, 50.688402601438952 ], [ -126.672244263286188, 50.68880000123724 ], [ -126.670708550838512, 50.687788921782975 ], [ -126.671168508060347, 50.68707855377717 ], [ -126.670585312036465, 50.686275391237231 ], [ -126.667874545917982, 50.684979923898737 ], [ -126.667154432148891, 50.68522634267616 ], [ -126.668284142183964, 50.686427237534694 ], [ -126.666394302896919, 50.685993644196756 ], [ -126.665354957623961, 50.686413550778852 ], [ -126.665448703238525, 50.685363071321525 ], [ -126.663965076849294, 50.685018533065467 ], [ -126.664684712662421, 50.683926642966945 ], [ -126.661390168961788, 50.684697048859604 ], [ -126.661506011763862, 50.683790923751005 ], [ -126.659450758290745, 50.683839595354932 ], [ -126.658587358400752, 50.682697942988419 ], [ -126.656554612807028, 50.682863936273797 ], [ -126.656542187872773, 50.68226105664646 ], [ -126.658361774556809, 50.681542118919793 ], [ -126.657572568821365, 50.680617804368829 ], [ -126.653970349246052, 50.681031032310621 ], [ -126.65321626250828, 50.680539133765123 ], [ -126.64889657512596, 50.680577956258361 ], [ -126.648926904527684, 50.679688121759419 ], [ -126.672734610900179, 50.6568614754568 ], [ -126.676355388588206, 50.657464430887615 ], [ -126.676552256068206, 50.658062687411785 ], [ -126.676734348635151, 50.654378407016743 ], [ -126.673527241834194, 50.654288908797874 ] ], [ [ -126.614225981592398, 50.607727628554336 ], [ -126.616823177822027, 50.607798803309457 ], [ -126.617669304295021, 50.606718776612972 ], [ -126.616326854683635, 50.605593951419976 ], [ -126.617729575472737, 50.60496606136207 ], [ -126.61682763622639, 50.604075116889248 ], [ -126.616792416803364, 50.603093985335569 ], [ -126.614549819201613, 50.603003093883537 ], [ -126.61366800554174, 50.601995615985587 ], [ -126.608459260725212, 50.601870748390084 ], [ -126.604773235051368, 50.604043637477965 ], [ -126.605091954290003, 50.605003627807122 ], [ -126.606880466056154, 50.606245688110242 ], [ -126.607966778245839, 50.606007163751251 ], [ -126.608314791024085, 50.604997914231838 ], [ -126.60977178516201, 50.604973866508026 ], [ -126.614225981592398, 50.607727628554336 ] ], [ [ -126.644558123317651, 50.61991218189111 ], [ -126.641807979166586, 50.61977556690136 ], [ -126.63746594355392, 50.620371147370271 ], [ -126.636860746587686, 50.621726045252771 ], [ -126.63566796472216, 50.621827759846447 ], [ -126.635425143515334, 50.622722285626061 ], [ -126.636272345379567, 50.623872806956818 ], [ -126.634209183741476, 50.623848893912239 ], [ -126.631218391272014, 50.627089102519882 ], [ -126.63116273929765, 50.629039789915851 ], [ -126.632007879246899, 50.629668614712962 ], [ -126.632665272307094, 50.629250237223346 ], [ -126.637966125347532, 50.629573749766308 ], [ -126.641173556171779, 50.628496443388919 ], [ -126.643262691891636, 50.628853551164198 ], [ -126.646121314328184, 50.627112451701748 ], [ -126.65018470936306, 50.626726804526427 ], [ -126.650981114088879, 50.626068270065716 ], [ -126.65219222645878, 50.627019135135292 ], [ -126.65320190235353, 50.626904564291735 ], [ -126.653175940184227, 50.627425732877334 ], [ -126.654575800498648, 50.627426943354777 ], [ -126.655588520388889, 50.62668280269888 ], [ -126.654333714279502, 50.626324730654801 ], [ -126.654584321699232, 50.625835086043125 ], [ -126.658821389378261, 50.625650504427171 ], [ -126.657091383887888, 50.624896153041284 ], [ -126.657286364500209, 50.624387388565033 ], [ -126.66165087786537, 50.625050744197054 ], [ -126.6632472949495, 50.623652670117032 ], [ -126.6658088718942, 50.624747403419477 ], [ -126.669964244152098, 50.624209995948277 ], [ -126.66995395362278, 50.623274358664005 ], [ -126.66886142401556, 50.623351434987711 ], [ -126.669129989020519, 50.622781161880006 ], [ -126.667171600234582, 50.622355181320394 ], [ -126.666483471883069, 50.619975831717859 ], [ -126.668575655147777, 50.619981759369722 ], [ -126.671361925929006, 50.62225016630741 ], [ -126.672604928371271, 50.62227501182447 ], [ -126.672749000792095, 50.621648271841273 ], [ -126.675433557636012, 50.621971733953757 ], [ -126.676429537869339, 50.620984208651286 ], [ -126.676502199995738, 50.619510565043889 ], [ -126.674310092707188, 50.616372682073262 ], [ -126.675504927027049, 50.615937824048459 ], [ -126.675438081378928, 50.61471322318323 ], [ -126.677727299769245, 50.614731923383573 ], [ -126.678975995600027, 50.613488585196478 ], [ -126.679255998387063, 50.611821182917055 ], [ -126.678463130737583, 50.610411226432085 ], [ -126.680141000882799, 50.609922980846122 ], [ -126.677574129857504, 50.608945392247868 ], [ -126.677444552997557, 50.607845464796299 ], [ -126.676655965926855, 50.608072582343674 ], [ -126.676003895906817, 50.607250058632239 ], [ -126.675863311120551, 50.608668390771975 ], [ -126.674809232334425, 50.607972761986353 ], [ -126.672944644162598, 50.608807981125416 ], [ -126.671354379695046, 50.60838042984205 ], [ -126.668519454600101, 50.608827402915061 ], [ -126.666169588566405, 50.610039569029084 ], [ -126.663762217055734, 50.609271714268374 ], [ -126.660986914449538, 50.609368909492829 ], [ -126.650398755576347, 50.611089586281743 ], [ -126.646309597021997, 50.611168896095506 ], [ -126.644701222835153, 50.612521538786467 ], [ -126.645752931252161, 50.613541209499814 ], [ -126.647704469376279, 50.613526673525705 ], [ -126.649028613026587, 50.614470863690229 ], [ -126.647547534654507, 50.616104953707293 ], [ -126.64849288704319, 50.617275340770711 ], [ -126.646558429025717, 50.617793922958384 ], [ -126.646052486810987, 50.61688425159052 ], [ -126.645047302404791, 50.616630058549632 ], [ -126.642795647173685, 50.616971266567234 ], [ -126.640529444479128, 50.618202613151439 ], [ -126.644150862901895, 50.618725656436354 ], [ -126.643890299603285, 50.61941297205599 ], [ -126.644558123317651, 50.61991218189111 ] ] ] } },
{ "type": "Feature", "properties": { "name": "Harmony Islands Marine Park", "kind": "Provincial" }, "geometry": { "type": "Polygon", "coordinates": [ [ [ -124.015816017484156, 49.863454654349376 ], [ -124.0153075727561, 49.864000314994264 ], [ -124.016209867710216, 49.865128687389458 ], [ -124.018796460858212, 49.865762735587751 ], [ -124.020101895358849, 49.867361937315053 ], [ -124.017838284453163, 49.870731609961823 ], [ -124.015142982835769, 49.868435027085468 ], [ -124.01318164247067, 49.862506838458586 ], [ -124.012260848109364, 49.861723362604863 ], [ -124.00886650074402, 49.860929213195732 ], [ -124.013868709730744, 49.858660628793892 ], [ -124.017457665336963, 49.860548422205234 ], [ -124.019948164755036, 49.863365145126124 ], [ -124.01946564565435, 49.86420432623499 ], [ -124.015816017484156, 49.863454654349376 ] ] ] } },
{ "type": "Feature", "properties": { "name": "Horne Lake Caves Park", "kind": "Provincial" }, "geometry": { "type": "Polygon", "coordinates": [ [ [ -124.749633818269828, 49.344466404795405 ], [ -124.749694565458285, 49.335891269895171 ], [ -124.755115587612025, 49.335939879643121 ], [ -124.75511715364884, 49.337307362283013 ], [ -124.759258051291624, 49.337303253282109 ], [ -124.760636417486367, 49.338201196114206 ], [ -124.760651466287285, 49.344496476873971 ], [ -124.759254639415843, 49.345411956637989 ], [ -124.759258990345842, 49.347246370616659 ], [ -124.766189889001566, 49.347242641525398 ], [ -124.766189636443414, 49.350821614355873 ], [ -124.760672762801221, 49.350824629431223 ], [ -124.760677758100016, 49.354443419443633 ], [ -124.755138553317707, 49.354446180434302 ], [ -124.755129344230241, 49.34720866043876 ], [ -124.750773509956403, 49.347187908931197 ], [ -124.748359477332201, 49.34997435876609 ], [ -124.741213994445218, 49.352020865796959 ], [ -124.749633818269828, 49.344466404795405 ] ] ] } },
{ "type": "Feature", "properties": { "name": "Hemer Park", "kind": "Provincial" }, "geometry": { "type": "Polygon", "coordinates": [ [ [ -123.82302836462334, 49.100858152623061 ], [ -123.822983252560519, 49.093642182266002 ], [ -123.833355861753603, 49.093678626397995 ], [ -123.833312351712806, 49.09716957069719 ], [ -123.836743954897329, 49.097196731961191 ], [ -123.836744931363, 49.100816862274414 ], [ -123.842265195424531, 49.100829658016636 ], [ -123.842229071594332, 49.104342011109686 ], [ -123.82851639843301, 49.104455331191431 ], [ -123.828454029543153, 49.100708968688117 ], [ -123.82302836462334, 49.100858152623061 ] ] ] } },
{ "type": "Feature", "properties": { "name": "South Chilcotin Mountains Park", "kind": "Provincial" }, "geometry": { "type": "Polygon", "coordinates": [ [ [ -122.909299668624513, 51.018031699124116 ], [ -122.907680491703047, 51.007338369928227 ], [ -122.910579148084622, 51.004166280300261 ], [ -122.912167108009641, 51.00126291153218 ], [ -122.911884594282725, 50.999931805689833 ], [ -122.911473294073048, 50.999122162030261 ], [ -122.907742615727699, 50.997806372746858 ], [ -122.904336054444315, 50.997920534483548 ], [ -122.900844715095275, 50.99601571363285 ], [ -122.908833334338539, 50.986386745534404 ], [ -122.888982654937408, 50.981954238820805 ], [ -122.888459939329394, 50.980501435528915 ], [ -122.888854940497438, 50.977831026150483 ], [ -122.885628340837485, 50.976663391602266 ], [ -122.884011010307006, 50.974773358033261 ], [ -122.880002049496269, 50.973861063640165 ], [ -122.880161603142469, 50.973263220081876 ], [ -122.878649155955713, 50.972070147006065 ], [ -122.875566663442825, 50.97251653723476 ], [ -122.873703953428318, 50.973831938442927 ], [ -122.871498040107241, 50.974315135387194 ], [ -122.869987760840957, 50.973216371939863 ], [ -122.865047001096826, 50.972374465076832 ], [ -122.859051965399615, 50.972722582054544 ], [ -122.858637711099945, 50.973414507070643 ], [ -122.8511307226388, 50.973558057025684 ], [ -122.847459952632661, 50.970994936975671 ], [ -122.843498066425028, 50.970288287769264 ], [ -122.835911456934852, 50.967512653889997 ], [ -122.834418326784501, 50.966143690878781 ], [ -122.828958311136461, 50.965047716833716 ], [ -122.82498078934438, 50.965869137461745 ], [ -122.821811008011238, 50.963859000434326 ], [ -122.822639557734988, 50.962241615755602 ], [ -122.821551653740926, 50.95454680268471 ], [ -122.81728636122358, 50.953042939307416 ], [ -122.815553648029507, 50.951650869140998 ], [ -122.81406421978059, 50.951522615580394 ], [ -122.81365093012576, 50.950186549411292 ], [ -122.808094354281337, 50.948806181397103 ], [ -122.807102361558833, 50.947720944562164 ], [ -122.807467665336674, 50.947051593274409 ], [ -122.804775307783572, 50.945923046500198 ], [ -122.800706334055505, 50.94105568853962 ], [ -122.813465524478303, 50.939709884128263 ], [ -122.839832733302472, 50.94627764056311 ], [ -122.840835632993375, 50.939696436222697 ], [ -122.850210055259595, 50.936669326670184 ], [ -122.848386601198015, 50.93256636256087 ], [ -122.885897131278469, 50.921997745471238 ], [ -122.885945920761515, 50.91713278042397 ], [ -122.87979582134453, 50.905777891064261 ], [ -122.922292792908053, 50.912189688524997 ], [ -122.926086891431197, 50.913747879896469 ], [ -122.926867823731854, 50.91466562512619 ], [ -122.928304952741229, 50.914693488116519 ], [ -122.92989605471476, 50.916394060067532 ], [ -122.938627674828183, 50.919303598337237 ], [ -122.940702836619153, 50.919403598136746 ], [ -122.94240911736803, 50.921220957435501 ], [ -122.944045920496748, 50.921014924132869 ], [ -122.945848258897868, 50.924891597404034 ], [ -122.945533149966693, 50.92553890923228 ], [ -122.943784266151582, 50.926005699943438 ], [ -122.944349913339622, 50.927444793900641 ], [ -122.943594220112857, 50.929090071571878 ], [ -122.946353180257518, 50.931231609537633 ], [ -122.945838019717883, 50.93256228498192 ], [ -122.946633357446288, 50.934325193999285 ], [ -122.95205457408602, 50.935577521689126 ], [ -122.954801085907604, 50.935272868626328 ], [ -122.957291269446245, 50.936586732688852 ], [ -122.959440692036083, 50.936110883361849 ], [ -122.961332066112064, 50.937847105260424 ], [ -122.962910825191727, 50.938000481381373 ], [ -122.965912481080196, 50.941652383858283 ], [ -122.97258687667113, 50.942652327154498 ], [ -122.975417683271573, 50.944190685482162 ], [ -122.977964596778904, 50.944416015398964 ], [ -122.980370019134668, 50.945846266686772 ], [ -122.981879553211115, 50.945261986425827 ], [ -122.983616860989727, 50.94576583508811 ], [ -122.989045639434863, 50.943671195093877 ], [ -122.99540151542476, 50.943909925495355 ], [ -123.006945812410464, 50.950191120486572 ], [ -123.013375782928662, 50.949390223068718 ], [ -123.017018096117425, 50.949906820126472 ], [ -123.021578869364433, 50.948880909640884 ], [ -123.022647698304809, 50.950360001771308 ], [ -123.024439476817662, 50.950031407220337 ], [ -123.02661428915512, 50.950498533344351 ], [ -123.027365320245622, 50.951397626351167 ], [ -123.032952813705805, 50.951661466622966 ], [ -123.036399912312618, 50.952946368760628 ], [ -123.038085391356304, 50.95480730061918 ], [ -123.040996444229009, 50.955278435185861 ], [ -123.048636802835588, 50.952865489800594 ], [ -123.050889832080088, 50.954964301928236 ], [ -123.051966715970948, 50.953929674665339 ], [ -123.055772945016329, 50.952457623745552 ], [ -123.057585150663456, 50.950788630674822 ], [ -123.060570686217673, 50.950404942762106 ], [ -123.06558728298846, 50.952110822616021 ], [ -123.068013393192999, 50.950661631006213 ], [ -123.072223092625762, 50.949980151393369 ], [ -123.077353406098382, 50.95134823853175 ], [ -123.082597751467233, 50.950373444377725 ], [ -123.087343850264688, 50.950698224247731 ], [ -123.090315525406623, 50.952017879148215 ], [ -123.091932055084769, 50.950568806052829 ], [ -123.095279764097668, 50.94904637120365 ], [ -123.096116613601424, 50.94648729539238 ], [ -123.093848307620377, 50.944025176723052 ], [ -123.096945240682118, 50.94194086889496 ], [ -123.098479866706185, 50.941355055299546 ], [ -123.106653711828315, 50.941918912312616 ], [ -123.110992564791118, 50.940372640002181 ], [ -123.115101385728607, 50.940170821400784 ], [ -123.122674414644422, 50.937726117618716 ], [ -123.126616987630626, 50.934547523710243 ], [ -123.126353807005401, 50.93293813570493 ], [ -123.130607150922998, 50.932196059607712 ], [ -123.136004539950761, 50.933583744516973 ], [ -123.137751265669706, 50.932043972213492 ], [ -123.138789729090533, 50.932069716103953 ], [ -123.140988264709492, 50.928227239190058 ], [ -123.139937646161798, 50.925746534375186 ], [ -123.140583034219958, 50.923012004183583 ], [ -123.168693027420218, 50.925879407137373 ], [ -123.197065235489532, 50.94325365965868 ], [ -123.212826634134331, 50.948041533679238 ], [ -123.217588505091086, 50.951508388535586 ], [ -123.294311125122377, 50.972369417789231 ], [ -123.302927987191467, 50.977158418965281 ], [ -123.310934908979931, 50.959876130366361 ], [ -123.306520118999231, 50.959698956165049 ], [ -123.30416118807679, 50.960424523930278 ], [ -123.299417139748812, 50.957828924235358 ], [ -123.296870554338085, 50.958294056187142 ], [ -123.291124159923029, 50.956896690258127 ], [ -123.286641560226528, 50.957141581340103 ], [ -123.285382035246215, 50.956137493799943 ], [ -123.282644244197201, 50.955676541283268 ], [ -123.279784613564829, 50.953588150123117 ], [ -123.293805071201803, 50.930950777980328 ], [ -123.325800449055208, 50.941238892790714 ], [ -123.319837764661486, 50.957792788930256 ], [ -123.335297909288613, 50.969664612049563 ], [ -123.349716061098746, 50.970071950861396 ], [ -123.363547351915926, 50.976801145594379 ], [ -123.363357686875261, 50.990254610000783 ], [ -123.325087138274256, 50.995007521068025 ], [ -123.323238818725969, 50.981501345492397 ], [ -123.314362585305815, 50.980262100069162 ], [ -123.298535969594894, 50.986823224560922 ], [ -123.298985048304857, 50.994560159866381 ], [ -123.295450977024146, 50.994461237150126 ], [ -123.292449031719883, 50.996132415929772 ], [ -123.288652038306523, 50.996595969245085 ], [ -123.28353101935582, 50.995448480583057 ], [ -123.280173797995488, 50.996769488497051 ], [ -123.279820911608439, 50.997849428784662 ], [ -123.278578800921593, 50.998207613772564 ], [ -123.267041389588485, 50.998257026425456 ], [ -123.265793003247808, 50.997846219635775 ], [ -123.265229817213765, 50.996939255801919 ], [ -123.261892431711999, 50.996910817224453 ], [ -123.259512612733474, 50.998422377269598 ], [ -123.251807225692602, 50.997976121959582 ], [ -123.24378674724133, 51.000259234410528 ], [ -123.241891200589052, 51.001688495827253 ], [ -123.242881446358723, 51.002922913748598 ], [ -123.246308510173364, 51.004161206812071 ], [ -123.246124388298085, 51.006737941013682 ], [ -123.246761687618957, 51.007307631216356 ], [ -123.246733796251917, 51.008598101560843 ], [ -123.252416210427583, 51.010573311025468 ], [ -123.254868178696995, 51.013373661015848 ], [ -123.255568943366569, 51.015647224472616 ], [ -123.254588937541868, 51.016804891171397 ], [ -123.25602698912131, 51.018492344835671 ], [ -123.256132730377558, 51.020137731259453 ], [ -123.253902240249388, 51.02264701854314 ], [ -123.255999940899386, 51.0234517590048 ], [ -123.258128730437633, 51.025749145035 ], [ -123.257879629597468, 51.027912388515503 ], [ -123.254323421157736, 51.029916506895496 ], [ -123.2529294848364, 51.03147523511425 ], [ -123.255982502240073, 51.033959505045999 ], [ -123.256574402590772, 51.035419475374994 ], [ -123.252787755519876, 51.038192912793534 ], [ -123.251974415828329, 51.03968741910689 ], [ -123.252178679940712, 51.040860488885741 ], [ -123.251254976609729, 51.041330088215922 ], [ -123.25069170733984, 51.043341120402587 ], [ -123.244844249658826, 51.045727524909559 ], [ -123.243063591761199, 51.047228479414848 ], [ -123.241494591098657, 51.050100312142106 ], [ -123.23763280502439, 51.051232282405543 ], [ -123.237037436733416, 51.052420493787807 ], [ -123.238732347735407, 51.054719108750859 ], [ -123.238456392996156, 51.05602807587146 ], [ -123.231002814491333, 51.058785731064653 ], [ -123.229447022815208, 51.060047729861644 ], [ -123.225265291707117, 51.059439876506296 ], [ -123.222342073667306, 51.059859132595975 ], [ -123.220953353055336, 51.061898553531314 ], [ -123.222378974466906, 51.063559444345167 ], [ -123.222137530829158, 51.064360220470455 ], [ -123.210432550365311, 51.06708859668332 ], [ -123.20958913079545, 51.06865930196529 ], [ -123.207871515517226, 51.069548101251847 ], [ -123.206791996894495, 51.072315195720265 ], [ -123.201960926167459, 51.07242255536859 ], [ -123.195480056872753, 51.070239417287603 ], [ -123.194284059683866, 51.070614598905046 ], [ -123.193474660276891, 51.071717505819386 ], [ -123.189957497649004, 51.071026376525481 ], [ -123.181028478228981, 51.071391243085969 ], [ -123.180637023020367, 51.077735988321841 ], [ -123.173806120514072, 51.079207594243762 ], [ -123.172025308979073, 51.080428702101969 ], [ -123.171790957416064, 51.08195325479106 ], [ -123.170485121190694, 51.083290540011305 ], [ -123.165436869460649, 51.086022479760281 ], [ -123.164049952702968, 51.085965980943087 ], [ -123.161280093533421, 51.088528168427082 ], [ -123.160940064902704, 51.090578896263061 ], [ -123.15955836459959, 51.091947625037868 ], [ -123.158536300527473, 51.094372464059511 ], [ -123.15658905299064, 51.096416340724431 ], [ -123.154821070166548, 51.096998713009114 ], [ -123.153641153454629, 51.100376896167958 ], [ -123.154456306758377, 51.101108700274551 ], [ -123.15366604785352, 51.101829134207058 ], [ -123.15389781698461, 51.103348526355681 ], [ -123.155470099463429, 51.105688950793791 ], [ -123.155192857902179, 51.10780251829356 ], [ -123.151456203750186, 51.109183254056248 ], [ -123.150048362740236, 51.112521227823329 ], [ -123.155717175310684, 51.114393211116628 ], [ -123.155102829361027, 51.117186153533915 ], [ -123.15405070373015, 51.118860100918461 ], [ -123.149798057394648, 51.120439284466364 ], [ -123.150146918725525, 51.122547532771868 ], [ -123.148923611144951, 51.123992374797218 ], [ -123.142982100833947, 51.125924131024881 ], [ -123.139894508871734, 51.128113000185543 ], [ -123.13878793134937, 51.129472164078322 ], [ -123.138814417098416, 51.134732622472399 ], [ -123.137747257932773, 51.134086451969281 ], [ -123.136406501230141, 51.134411726972225 ], [ -123.133345927111577, 51.133722869437243 ], [ -123.126300834486159, 51.135407745876783 ], [ -123.123968274923044, 51.13452000111981 ], [ -123.122593981314978, 51.135712923510681 ], [ -123.120010344204431, 51.136151732291566 ], [ -123.117637093833409, 51.137849197472441 ], [ -123.110611172920727, 51.139838846688342 ], [ -123.104286879221263, 51.139835667829637 ], [ -123.103135900461425, 51.139297146733782 ], [ -123.101236136819267, 51.139505624335101 ], [ -123.096984128513455, 51.136753085291417 ], [ -123.094456403863745, 51.136287570236519 ], [ -123.093043473587258, 51.133546045543333 ], [ -123.089487973969995, 51.132699046616693 ], [ -123.082215152057572, 51.129435685118992 ], [ -123.08004680326988, 51.13117270319907 ], [ -123.077170693406245, 51.132001927811601 ], [ -123.070525739924719, 51.130724728694332 ], [ -123.070153991223293, 51.134137524850168 ], [ -123.073039715990674, 51.135552048008023 ], [ -123.076244680286692, 51.138144271594236 ], [ -123.076500528999759, 51.138620698026223 ], [ -123.075372726692947, 51.139758958015868 ], [ -123.072636647979763, 51.141127508518458 ], [ -123.069665988533899, 51.141381105883575 ], [ -123.066036461682458, 51.140115298332084 ], [ -123.062060408048481, 51.140108481293787 ], [ -123.059351560607524, 51.139354538604941 ], [ -123.053079756534814, 51.146115251289629 ], [ -123.051420608120495, 51.147001730258907 ], [ -123.049018585360471, 51.14720059997255 ], [ -123.047547072884186, 51.149952832222645 ], [ -123.045002850572004, 51.15158144900068 ], [ -123.044686162102522, 51.152620160063648 ], [ -123.041464207975594, 51.153664465725548 ], [ -123.050471625221363, 51.157604027641824 ], [ -123.050544284193876, 51.159474386972725 ], [ -123.051420015901186, 51.160539582731829 ], [ -123.05696411558921, 51.162672670116578 ], [ -123.056475402735842, 51.165761744900905 ], [ -123.056978484370077, 51.166346001921156 ], [ -123.058694841409533, 51.166399106703672 ], [ -123.057458525627297, 51.168872577798794 ], [ -123.056053119998552, 51.168783345197212 ], [ -123.053904452612954, 51.169876906189486 ], [ -123.051301845611945, 51.17245435721496 ], [ -123.051380334983236, 51.173092780660184 ], [ -123.054129739787655, 51.175236180175226 ], [ -123.053200437674761, 51.176068390335232 ], [ -123.05270917769235, 51.178465046890537 ], [ -123.05114588197975, 51.180174254116707 ], [ -123.070687208296334, 51.185568400721905 ], [ -123.066684825447368, 51.210303791880719 ], [ -123.060749621172747, 51.209043616149046 ], [ -123.058995572612403, 51.209777377060156 ], [ -123.054492745047554, 51.209743599100428 ], [ -123.048936485521367, 51.206859553859644 ], [ -123.042802825614132, 51.202329897407914 ], [ -123.039242446971073, 51.202475025816511 ], [ -123.033397485646077, 51.199244147856739 ], [ -123.030456152246899, 51.200431909874467 ], [ -123.028005491113831, 51.199672689707832 ], [ -123.023816834069223, 51.200617792365925 ], [ -123.007874460793602, 51.198475315789878 ], [ -123.003213607980314, 51.199167944039218 ], [ -123.001845827194572, 51.197877578382545 ], [ -123.000959762786991, 51.195539623610259 ], [ -122.999520581737386, 51.19481575992782 ], [ -122.998062159786087, 51.195036046379798 ], [ -122.99717606342567, 51.197495399418251 ], [ -122.99302493790826, 51.198668705253105 ], [ -122.990989651084121, 51.197656941033436 ], [ -122.990823512934043, 51.196478956455515 ], [ -122.988635805043941, 51.195638003295024 ], [ -122.985805530707651, 51.19620868251581 ], [ -122.980374147742936, 51.195457058237565 ], [ -122.976035003797989, 51.1939410584922 ], [ -122.971924063197477, 51.194151459466561 ], [ -122.959111483271954, 51.188338730964098 ], [ -122.93398845605364, 51.184644937720314 ], [ -122.926186209699239, 51.174784793279542 ], [ -122.937071292370661, 51.165344801468201 ], [ -122.937844714417494, 51.153880103336249 ], [ -122.964394727637711, 51.141864027213593 ], [ -122.967180343263536, 51.138838941983067 ], [ -122.96842505816727, 51.139118045256694 ], [ -122.972585500530997, 51.136079698382723 ], [ -122.976968351356717, 51.134686833761023 ], [ -122.983162469497884, 51.134579984178536 ], [ -122.987637570003187, 51.132188593654021 ], [ -122.988353277470253, 51.129472995760302 ], [ -122.991197842408738, 51.126128106496587 ], [ -122.991422466344289, 51.123659744803966 ], [ -122.993103417524253, 51.122373954892396 ], [ -122.993928418095379, 51.12028328327176 ], [ -122.995898489442453, 51.119294210662098 ], [ -123.000257631696357, 51.119195376669012 ], [ -123.002586433701808, 51.117217030039683 ], [ -123.006500533963461, 51.116155792112224 ], [ -123.007714681976779, 51.114725937485446 ], [ -123.009944253434327, 51.114662818720035 ], [ -123.009542571146071, 51.113107177954461 ], [ -123.016820993386645, 51.109959047864066 ], [ -123.018704941439125, 51.106887877395799 ], [ -123.02230173840897, 51.104827997275052 ], [ -123.022223787044453, 51.103321804068457 ], [ -123.023701920576556, 51.103897014842765 ], [ -123.030236703895525, 51.101539522808196 ], [ -123.028602416785247, 51.099638045341798 ], [ -123.028334349911404, 51.098428643912271 ], [ -123.023371737548445, 51.098784939241305 ], [ -123.019341510228145, 51.095211207761984 ], [ -123.019734766202291, 51.09438385522725 ], [ -123.013479877997341, 51.093836210060545 ], [ -123.012009717835227, 51.092991085851232 ], [ -123.010652250761254, 51.091111825014153 ], [ -123.007853937588578, 51.090797299444162 ], [ -123.004169708093386, 51.088243657986474 ], [ -123.001613469402159, 51.088508998820778 ], [ -122.999657777332274, 51.087182644976799 ], [ -122.997087725111314, 51.087281522348256 ], [ -122.995289238387215, 51.086490138227624 ], [ -122.992888979603464, 51.088171578618827 ], [ -122.986279054909687, 51.088099057353503 ], [ -122.985279910495365, 51.087046819693271 ], [ -122.985465856866909, 51.086012728980954 ], [ -122.984552974025249, 51.084690735307817 ], [ -122.980611847273366, 51.084024719887424 ], [ -122.979213295478516, 51.082716078337405 ], [ -122.976372359271068, 51.081622974238456 ], [ -122.975411280317942, 51.080148015282845 ], [ -122.971519265351418, 51.080259536640753 ], [ -122.967108859799396, 51.080982264442618 ], [ -122.965247269961196, 51.082065311120417 ], [ -122.96308036088044, 51.082096115496377 ], [ -122.962152517527741, 51.083013049079433 ], [ -122.960969307928323, 51.086775965539438 ], [ -122.959449044300129, 51.088434536438498 ], [ -122.951672094852412, 51.084322071962127 ], [ -122.947575704667145, 51.083708818612521 ], [ -122.945163330813998, 51.082601652772894 ], [ -122.940796435660118, 51.082293794078048 ], [ -122.938483065557207, 51.081384356101417 ], [ -122.928361658169166, 51.082277837515797 ], [ -122.925351192765277, 51.08111593892189 ], [ -122.916584811752429, 51.081352802931619 ], [ -122.916457452184389, 51.080228654465763 ], [ -122.907677727499404, 51.08050081865342 ], [ -122.904297694324839, 51.079086301913719 ], [ -122.898575262908807, 51.078155265525766 ], [ -122.896247846381129, 51.076413197420045 ], [ -122.893385120501364, 51.075533865741107 ], [ -122.888141471279596, 51.076477659722784 ], [ -122.886828543220815, 51.077254240577595 ], [ -122.882616893005974, 51.077645748839423 ], [ -122.880620294181284, 51.078641884199563 ], [ -122.874264816165194, 51.077915819830075 ], [ -122.872874996038178, 51.076534002812664 ], [ -122.866761156234787, 51.073833969095411 ], [ -122.837383865132011, 51.069601831463658 ], [ -122.837562669000263, 51.068851225044192 ], [ -122.836293193985156, 51.067878269135917 ], [ -122.833011074161845, 51.068372703107286 ], [ -122.831964453989443, 51.067714758149961 ], [ -122.831892150772887, 51.066496195399672 ], [ -122.828911039196683, 51.063263580430018 ], [ -122.826183264818013, 51.062153494596622 ], [ -122.824031777525548, 51.062456011175946 ], [ -122.822659145384932, 51.06350606283484 ], [ -122.822212270268238, 51.064561988227481 ], [ -122.824020828822512, 51.067810989281796 ], [ -122.819345850038175, 51.071135538248193 ], [ -122.816568409457346, 51.070686089281004 ], [ -122.813025341734743, 51.068203063328028 ], [ -122.808787042404504, 51.066775414032591 ], [ -122.806448264485454, 51.065278818835267 ], [ -122.807213020766341, 51.057038533002185 ], [ -122.811113447221246, 51.056339001345748 ], [ -122.813279554275496, 51.056900011336928 ], [ -122.814582341679966, 51.05592190636812 ], [ -122.816978155863168, 51.056249415670131 ], [ -122.816337485793355, 51.055888720653606 ], [ -122.817095461608517, 51.055557175934069 ], [ -122.825924666567531, 51.05643394120623 ], [ -122.82618337371386, 51.055813831659762 ], [ -122.827308640143329, 51.056094266445911 ], [ -122.827711838620289, 51.055222613174749 ], [ -122.828726312646964, 51.054954327622532 ], [ -122.830082297319507, 51.055055225691291 ], [ -122.830463958664623, 51.055793151779653 ], [ -122.831865013462846, 51.054904924910694 ], [ -122.83304564385358, 51.05578787910234 ], [ -122.833619415579832, 51.055312088813523 ], [ -122.833538084088886, 51.054115987460115 ], [ -122.8346962070231, 51.053434206598034 ], [ -122.836935109373456, 51.053626193162067 ], [ -122.837493716883031, 51.052880600634722 ], [ -122.838734234467466, 51.053349922900381 ], [ -122.841888357248408, 51.053057475944513 ], [ -122.84311753396959, 51.052150906810127 ], [ -122.844557372745612, 51.052629433605595 ], [ -122.849410551953667, 51.052060270930994 ], [ -122.849770387188769, 51.050810780492348 ], [ -122.855673530147641, 51.052014209952546 ], [ -122.859498931075137, 51.05156925135887 ], [ -122.860129315012358, 51.050841612111384 ], [ -122.861267579644149, 51.051571357135678 ], [ -122.863583200250915, 51.050243206539349 ], [ -122.86508075758131, 51.050235951211505 ], [ -122.864727746661956, 51.049291343649408 ], [ -122.865299437027815, 51.048626563874251 ], [ -122.867239106302733, 51.048808623643609 ], [ -122.871380607232012, 51.047248582953486 ], [ -122.873789244093075, 51.042835909500745 ], [ -122.876657790040113, 51.041966719380653 ], [ -122.878997011819905, 51.042508700316041 ], [ -122.883633208026851, 51.041847970140012 ], [ -122.891132345401843, 51.037736658529546 ], [ -122.896085503897567, 51.036158488313063 ], [ -122.900040270726848, 51.03362607382909 ], [ -122.899972630356757, 51.032753750617857 ], [ -122.902171479933713, 51.030867193572121 ], [ -122.902436585808275, 51.02898349105147 ], [ -122.908330070875436, 51.024433581124164 ], [ -122.909299668624513, 51.018031699124116 ] ], [ [ -122.972461658011341, 51.014543107146011 ], [ -122.969746858552995, 51.014524448392059 ], [ -122.969745831353507, 51.015428194078339 ], [ -122.973206450700133, 51.015429046741531 ], [ -122.972461658011341, 51.014543107146011 ] ], [ [ -122.981149061888786, 51.003762832341984 ], [ -122.981966195270203, 51.002971625137107 ], [ -122.982740279114637, 51.004136266176772 ], [ -122.982547149479942, 51.007252148227764 ], [ -122.983181597431368, 51.008003100648288 ], [ -122.982119629870709, 51.009347327537519 ], [ -122.982469845625474, 51.010264610333962 ], [ -122.979340692543644, 51.011010481368544 ], [ -122.978261219499572, 51.015083882229092 ], [ -122.972022862824701, 51.018216436111047 ], [ -122.986885556804395, 51.018219042364912 ], [ -122.986882560901861, 51.001938152251299 ], [ -122.981148016134412, 51.001937360412924 ], [ -122.981149061888786, 51.003762832341984 ] ] ] } },
{ "type": "Feature", "properties": { "name": "Elk Falls Protected Area", "kind": "Provincial" }, "geometry": { "type": "MultiPolygon", "coordinates": [ [ [ [ -125.34007513317151, 50.045148450621127 ], [ -125.341290860092514, 50.045148027801481 ], [ -125.339993958884605, 50.04602095714926 ], [ -125.336834575719337, 50.050871136514068 ], [ -125.335414040483215, 50.051961211016959 ], [ -125.334165705093852, 50.051961669171526 ], [ -125.34007513317151, 50.045148450621127 ] ] ], [ [ [ -125.306687927346871, 50.04322640393994 ], [ -125.310787998258462, 50.043855986494634 ], [ -125.311937525707819, 50.045287689061787 ], [ -125.310820833749773, 50.044654040817996 ], [ -125.308790138727005, 50.044657555508543 ], [ -125.308861224138852, 50.043710671077569 ], [ -125.305787213855709, 50.0461692397257 ], [ -125.308092823021255, 50.043504354659866 ], [ -125.306687927346871, 50.04322640393994 ] ] ], [ [ [ -125.309424447209025, 50.037933146080462 ], [ -125.312206055073759, 50.039675298056466 ], [ -125.315189705244947, 50.04050241419241 ], [ -125.315917336823873, 50.041492892850123 ], [ -125.315494046963778, 50.042659806031033 ], [ -125.315198966695945, 50.040747405982714 ], [ -125.311977109997542, 50.039880042180933 ], [ -125.309424447209025, 50.037933146080462 ] ] ], [ [ [ -125.304004002445993, 50.04021659858131 ], [ -125.303444314832106, 50.040147998913625 ], [ -125.302793578462072, 50.040175133179005 ], [ -125.303759139833673, 50.039821061305368 ], [ -125.304004002445993, 50.04021659858131 ] ] ], [ [ [ -125.327572504259038, 50.036648121781759 ], [ -125.33072774691405, 50.036822463614534 ], [ -125.330097353776068, 50.036238211048762 ], [ -125.339546329960314, 50.037446047919531 ], [ -125.330503526710388, 50.037164630764501 ], [ -125.330258087489753, 50.037746028562452 ], [ -125.330044583047339, 50.037063973827827 ], [ -125.327572504259038, 50.036648121781759 ] ] ] ] } },
{ "type": "Feature", "properties": { "name": "Denman Island Protected Area", "kind": "Provincial" }, "geometry": { "type": "Polygon", "coordinates": [ [ [ -124.832830889260251, 49.571074002658932 ], [ -124.832633269449005, 49.58498912138672 ], [ -124.83226381264285, 49.585083302334318 ], [ -124.828079932066188, 49.581509165047464 ], [ -124.822417319027892, 49.578219509123116 ], [ -124.821476025927353, 49.579126221775248 ], [ -124.821586001726317, 49.570998929216323 ], [ -124.832830889260251, 49.571074002658932 ] ] ] } },
{ "type": "Feature", "properties": { "name": "Denman Island Park", "kind": "Provincial" }, "geometry": { "type": "MultiPolygon", "coordinates": [ [ [ [ -124.816280312387406, 49.55770935746478 ], [ -124.819311379527846, 49.557724032810931 ], [ -124.81929167546231, 49.558470123163112 ], [ -124.817746478922032, 49.559149462952583 ], [ -124.817070698246042, 49.561021282264001 ], [ -124.818518603028423, 49.563661314883475 ], [ -124.832518176121383, 49.563722168089654 ], [ -124.832830889260251, 49.571074002658932 ], [ -124.821586001726317, 49.570998929216323 ], [ -124.821476025927353, 49.579126221775248 ], [ -124.815206578570482, 49.578211481081269 ], [ -124.812855805841835, 49.574033523221679 ], [ -124.811425878802325, 49.57353514667183 ], [ -124.811904707876963, 49.571751822613436 ], [ -124.808635968704408, 49.570923833843231 ], [ -124.797907827383526, 49.564396568722714 ], [ -124.797090021690337, 49.562193150825252 ], [ -124.793464420442319, 49.558362775071323 ], [ -124.790991381941723, 49.556804491516893 ], [ -124.788955066275136, 49.556193521921323 ], [ -124.777359403024789, 49.556370189750886 ], [ -124.777366139255491, 49.549059459766681 ], [ -124.788537801862788, 49.54908250594017 ], [ -124.78851029839673, 49.541706374011746 ], [ -124.799656438356749, 49.541762967991609 ], [ -124.803178139923631, 49.543870131946001 ], [ -124.80298546721211, 49.544483526677418 ], [ -124.801365465565468, 49.545525777040211 ], [ -124.79967855590678, 49.544613644802759 ], [ -124.799687000795501, 49.546483257581514 ], [ -124.798260494392892, 49.546639999442057 ], [ -124.797586566130235, 49.547023834517539 ], [ -124.796245774036763, 49.549097331281843 ], [ -124.794118230356659, 49.549093295471046 ], [ -124.794200215412289, 49.556374686730692 ], [ -124.799813716209798, 49.556376237591671 ], [ -124.79984978863709, 49.563613385356746 ], [ -124.810795793059597, 49.563645432528041 ], [ -124.810789934033124, 49.557889447569153 ], [ -124.812231048407952, 49.557641809608022 ], [ -124.813494844887146, 49.556895117415884 ], [ -124.816294785961091, 49.557081685483816 ], [ -124.816280312387406, 49.55770935746478 ] ] ], [ [ [ -124.788586617401421, 49.556372880883735 ], [ -124.790823707943019, 49.556947474382277 ], [ -124.79375498973063, 49.558993660869262 ], [ -124.788612492030268, 49.562030433270039 ], [ -124.788586617401421, 49.556372880883735 ] ] ], [ [ [ -124.810789765569112, 49.557708537459014 ], [ -124.81078858140215, 49.555987144929972 ], [ -124.813017786574164, 49.5567938357458 ], [ -124.810789765569112, 49.557708537459014 ] ] ], [ [ [ -124.813480265340587, 49.556714922588419 ], [ -124.81078863741368, 49.555782537879267 ], [ -124.810907426812875, 49.549308537553493 ], [ -124.82188454674322, 49.549140608636243 ], [ -124.821770585165694, 49.556456317398883 ], [ -124.813480265340587, 49.556714922588419 ] ] ], [ [ [ -124.824563469399436, 49.552962237516589 ], [ -124.825768444472246, 49.552971627981826 ], [ -124.827032769819127, 49.554341011298739 ], [ -124.824541782882434, 49.55432426659339 ], [ -124.824563469399436, 49.552962237516589 ] ] ], [ [ [ -124.801580909792889, 49.545638444129168 ], [ -124.804067527072462, 49.5443210433071 ], [ -124.808749658478689, 49.549118346468887 ], [ -124.802082886757333, 49.549107702578127 ], [ -124.801554257940495, 49.547710774071291 ], [ -124.802545676351016, 49.546299982346206 ], [ -124.801580909792889, 49.545638444129168 ] ] ], [ [ [ -124.797970793733214, 49.547057821871526 ], [ -124.799697655577816, 49.548840522951615 ], [ -124.799698633574451, 49.54910380716148 ], [ -124.796522249358404, 49.549097847122475 ], [ -124.797970793733214, 49.547057821871526 ] ] ], [ [ [ -124.798228234246793, 49.546896789754349 ], [ -124.799687824295589, 49.546663332602655 ], [ -124.799696253829481, 49.5485293136908 ], [ -124.798228234246793, 49.546896789754349 ] ] ] ] } },
{ "type": "Feature", "properties": { "name": "Small Inlet Protected Area", "kind": "Provincial" }, "geometry": { "type": "Polygon", "coordinates": [ [ [ -125.253092777793768, 50.272552210452453 ], [ -125.254437136240753, 50.270889297578051 ], [ -125.254810550137293, 50.268754175099353 ], [ -125.258281437105282, 50.267318835102749 ], [ -125.26442664879643, 50.266276387353365 ], [ -125.287000659197403, 50.266313550734608 ], [ -125.286998742135012, 50.272218700921805 ], [ -125.264423375415049, 50.272211072344689 ], [ -125.264385228777172, 50.274045947808141 ], [ -125.253347845024351, 50.274038319829778 ], [ -125.253092777793768, 50.272552210452453 ] ] ] } },
{ "type": "Feature", "properties": { "name": "Honeymoon Bay Ecological Reserve", "kind": "Provincial" }, "geometry": { "type": "Polygon", "coordinates": [ [ [ -124.202069397276105, 48.824679523008761 ], [ -124.206820826591283, 48.826442899166956 ], [ -124.206822166527417, 48.827391058644437 ], [ -124.202095851694963, 48.827480234762568 ], [ -124.202069397276105, 48.824679523008761 ] ] ] } },
{ "type": "Feature", "properties": { "name": "Little Qualicum Falls Park", "kind": "Provincial" }, "geometry": { "type": "MultiPolygon", "coordinates": [ [ [ [ -124.576567483928997, 49.292625747341134 ], [ -124.578562582531305, 49.292624356376969 ], [ -124.578568576996304, 49.296242794398097 ], [ -124.581334954649236, 49.296240801605357 ], [ -124.581341003474378, 49.299763030416848 ], [ -124.573041676706694, 49.299747892570963 ], [ -124.573053599545673, 49.29529416617239 ], [ -124.572310268635491, 49.295399625402247 ], [ -124.571191104048097, 49.296680821140406 ], [ -124.571874862206428, 49.297087404305188 ], [ -124.569811883444231, 49.298795627217864 ], [ -124.568302572140908, 49.298578824365563 ], [ -124.566077936338601, 49.299964369227673 ], [ -124.564537346088528, 49.299862027684036 ], [ -124.561359741777153, 49.301028519165378 ], [ -124.55810695322873, 49.304467450007529 ], [ -124.554148226006092, 49.304911682321404 ], [ -124.554143300922561, 49.306052279575631 ], [ -124.555526837076044, 49.306054715362158 ], [ -124.555507315562323, 49.310576823492767 ], [ -124.558157683330094, 49.310581414005469 ], [ -124.558166372368518, 49.31779586992581 ], [ -124.550437075861026, 49.317799585321772 ], [ -124.549375935531287, 49.31367238393829 ], [ -124.538508626149451, 49.312719418925596 ], [ -124.53924410294654, 49.311511700252147 ], [ -124.538362155492791, 49.311453644874625 ], [ -124.538349086588511, 49.309712221106963 ], [ -124.544265584150253, 49.308040687772433 ], [ -124.554622151252872, 49.302848913648312 ], [ -124.558516511647809, 49.300197881267849 ], [ -124.559948387605971, 49.29771162368548 ], [ -124.562764447900676, 49.295415716121056 ], [ -124.566533458099556, 49.293892041129126 ], [ -124.573011365192727, 49.29300820489167 ], [ -124.576184971181874, 49.290731914598972 ], [ -124.575141325366403, 49.292318461608119 ], [ -124.563915328432643, 49.298415985412085 ], [ -124.55464636635439, 49.304555614474076 ], [ -124.556712472129078, 49.303900414465474 ], [ -124.564199393472421, 49.298616565254129 ], [ -124.575391476311708, 49.292539359515466 ], [ -124.577745652170549, 49.290178384524502 ], [ -124.576567483928997, 49.292625747341134 ] ] ], [ [ [ -124.616519881814668, 49.287843966038949 ], [ -124.610455688472939, 49.288741463320797 ], [ -124.60079755120438, 49.286723309488508 ], [ -124.596505568530461, 49.287325437229747 ], [ -124.592896635040731, 49.285581496768373 ], [ -124.590564491594492, 49.285284818826817 ], [ -124.587665039186987, 49.286023703452457 ], [ -124.584194620363604, 49.288413346491446 ], [ -124.577976372307333, 49.288635541593585 ], [ -124.572799990901103, 49.2927712423188 ], [ -124.566711390608617, 49.293565465335845 ], [ -124.564145761956894, 49.294462100001674 ], [ -124.564275229378921, 49.291670865350625 ], [ -124.573403452428948, 49.291674386059455 ], [ -124.573406370648755, 49.287984257953632 ], [ -124.584491540763949, 49.288062520207632 ], [ -124.585755851898611, 49.286778586485866 ], [ -124.585864026317196, 49.284075165406414 ], [ -124.598309494144914, 49.284077667555792 ], [ -124.598309185005988, 49.285108369094452 ], [ -124.657053864440442, 49.285078476718965 ], [ -124.657094191541134, 49.289440519783177 ], [ -124.655172713720845, 49.290833743935579 ], [ -124.653302204757907, 49.290233429205571 ], [ -124.633851342619366, 49.288305431152764 ], [ -124.631418998525191, 49.287583955014014 ], [ -124.621705742719755, 49.289541313683173 ], [ -124.618816647521683, 49.289308057420236 ], [ -124.616519881814668, 49.287843966038949 ] ] ], [ [ [ -124.65388988308186, 49.292819922573685 ], [ -124.651481481004609, 49.292684878058637 ], [ -124.64725644145534, 49.291881626373382 ], [ -124.650151553187484, 49.291767242287023 ], [ -124.651200834354171, 49.290865405520904 ], [ -124.64933684075875, 49.290435477566 ], [ -124.653258388402278, 49.290507212159895 ], [ -124.65486928529819, 49.29105374429227 ], [ -124.65388988308186, 49.292819922573685 ] ] ], [ [ [ -124.584054508038179, 49.288743174916121 ], [ -124.581880552857996, 49.290411775362287 ], [ -124.579656757077984, 49.288928448262951 ], [ -124.577694648025172, 49.289565969989837 ], [ -124.57946964257772, 49.288757346627541 ], [ -124.584054508038179, 49.288743174916121 ] ] ], [ [ [ -124.623483356722687, 49.289642120640472 ], [ -124.622886631270333, 49.289818464860602 ], [ -124.621339528550877, 49.28992698962324 ], [ -124.619849381861002, 49.289856491552008 ], [ -124.618622566814082, 49.290147816590455 ], [ -124.616480526048136, 49.288173287974615 ], [ -124.618927133750631, 49.289683041375568 ], [ -124.623483356722687, 49.289642120640472 ] ] ], [ [ [ -124.588206155808166, 49.286134428849699 ], [ -124.586126321638588, 49.289332025925738 ], [ -124.584738431260305, 49.288542225699388 ], [ -124.587621488989313, 49.286415523326767 ], [ -124.588206155808166, 49.286134428849699 ] ] ], [ [ [ -124.599309706622407, 49.287292616081679 ], [ -124.597749597420247, 49.287994211169135 ], [ -124.595692864747861, 49.287693552853071 ], [ -124.594783947151242, 49.286939640916195 ], [ -124.596620308117082, 49.287614584742045 ], [ -124.599309706622407, 49.287292616081679 ] ] ] ] } },
{ "type": "Feature", "properties": { "name": "Fillongley Park", "kind": "Provincial" }, "geometry": { "type": "Polygon", "coordinates": [ [ [ -124.759677587284969, 49.545747047699791 ], [ -124.756228117323886, 49.541692593363493 ], [ -124.766147152522436, 49.541687869959439 ], [ -124.766152929925639, 49.545743863957114 ], [ -124.759677587284969, 49.545747047699791 ] ] ] } },
{ "type": "Feature", "properties": { "name": "Gold Muchalat Park", "kind": "Provincial" }, "geometry": { "type": "Polygon", "coordinates": [ [ [ -126.128496336893988, 49.859981553711521 ], [ -126.126147585616096, 49.863252056112167 ], [ -126.130263857451069, 49.863672644981335 ], [ -126.130008715088408, 49.867975359829401 ], [ -126.124735213925703, 49.867113622941297 ], [ -126.121853077827609, 49.877779374505948 ], [ -126.072124577040327, 49.869211967047626 ], [ -126.06237459578567, 49.871188355791013 ], [ -126.065317505247478, 49.868114477358795 ], [ -126.064603310071647, 49.86689538604049 ], [ -126.065782023060933, 49.866722836361618 ], [ -126.066787196421757, 49.865236921672221 ], [ -126.062429938709684, 49.861053555262288 ], [ -126.070059481868086, 49.861145226488965 ], [ -126.07668268877029, 49.862086654343386 ], [ -126.083524377953026, 49.86448084905247 ], [ -126.085146729259719, 49.865938929245971 ], [ -126.089781914174665, 49.860735316676092 ], [ -126.096461847395844, 49.860728447439406 ], [ -126.096481327335937, 49.859559896873634 ], [ -126.094653721606761, 49.857107224518522 ], [ -126.096629939764952, 49.854788119463997 ], [ -126.100144244332881, 49.855005585240939 ], [ -126.099620777130539, 49.857704836310795 ], [ -126.102370058906999, 49.859279585299056 ], [ -126.11818251958303, 49.857430622387412 ], [ -126.128496336893988, 49.859981553711521 ] ] ] } },
{ "type": "Feature", "properties": { "name": "Boyle Point Park", "kind": "Provincial" }, "geometry": { "type": "MultiPolygon", "coordinates": [ [ [ [ -124.70432156496237, 49.487465177329277 ], [ -124.701782475911543, 49.487828251981455 ], [ -124.699472514096485, 49.489063658116244 ], [ -124.699505083051903, 49.483244777758152 ], [ -124.694392006477656, 49.483233100580009 ], [ -124.692176249699358, 49.482366881269499 ], [ -124.691448755880302, 49.480824668479698 ], [ -124.68846804802628, 49.479866802923368 ], [ -124.687190097833167, 49.477528073125463 ], [ -124.687351695138432, 49.476387537449078 ], [ -124.685563938735058, 49.474455733043378 ], [ -124.691578854960184, 49.476109404818672 ], [ -124.695460279290373, 49.475773715382942 ], [ -124.700253309159322, 49.477448479779277 ], [ -124.706087383866745, 49.478082191517373 ], [ -124.71976952922688, 49.48328102971103 ], [ -124.710646517158153, 49.483271342348694 ], [ -124.710617351922139, 49.49054702585584 ], [ -124.708034154615049, 49.490538728127994 ], [ -124.70432156496237, 49.487465177329277 ] ] ], [ [ [ -124.68958086121232, 49.483212762254347 ], [ -124.685194229694659, 49.478325566368333 ], [ -124.68540486043139, 49.474491374837143 ], [ -124.687178399123908, 49.476418078535502 ], [ -124.687019145174617, 49.477542012890666 ], [ -124.688332423337812, 49.479945385664806 ], [ -124.691309210271825, 49.480902001710497 ], [ -124.69203422799356, 49.482438984304203 ], [ -124.694059981507905, 49.483229284929038 ], [ -124.68958086121232, 49.483212762254347 ] ] ], [ [ [ -124.684028725515901, 49.478558420302427 ], [ -124.684690373448291, 49.478125998130345 ], [ -124.684973220280582, 49.478724567231914 ], [ -124.684028725515901, 49.478558420302427 ] ] ] ] } },
{ "type": "Feature", "properties": { "name": "Goldstream Park", "kind": "Provincial" }, "geometry": { "type": "MultiPolygon", "coordinates": [ [ [ [ -123.546375657505394, 48.484120630191576 ], [ -123.546420227599256, 48.482497285006225 ], [ -123.545727822725908, 48.47989931252858 ], [ -123.548440557087929, 48.47829328309907 ], [ -123.550134628095776, 48.482733955219999 ], [ -123.552688950360931, 48.485582608358285 ], [ -123.55415514295035, 48.489421549568988 ], [ -123.553544620766587, 48.48942449611453 ], [ -123.553642810818033, 48.490791594662731 ], [ -123.551009333254754, 48.493485058130652 ], [ -123.549244871904776, 48.49324167540135 ], [ -123.550614217234028, 48.490967939715226 ], [ -123.55044817491958, 48.489448207748339 ], [ -123.548825787434794, 48.488268444965293 ], [ -123.547728541196136, 48.484120745250678 ], [ -123.546375657505394, 48.484120630191576 ] ] ], [ [ [ -123.534189854531562, 48.492646628779163 ], [ -123.534525123189738, 48.493469196991612 ], [ -123.533245431907346, 48.493468611804644 ], [ -123.534189854531562, 48.492646628779163 ] ] ], [ [ [ -123.534523627527278, 48.492280251950746 ], [ -123.532503116731391, 48.493468264211401 ], [ -123.532282054132338, 48.485688905992085 ], [ -123.533371912539053, 48.485699914383396 ], [ -123.533822206200981, 48.478542191635761 ], [ -123.535543259992551, 48.478540220074713 ], [ -123.539956710633248, 48.474510268416601 ], [ -123.539969740413284, 48.4662836381831 ], [ -123.536067269561343, 48.463357984816895 ], [ -123.543865760228769, 48.463382078209946 ], [ -123.543972687175454, 48.460699346569669 ], [ -123.546792505841992, 48.461509105410393 ], [ -123.546063742048673, 48.46270479231309 ], [ -123.543866876086099, 48.463996819462636 ], [ -123.543868212948084, 48.464728107919292 ], [ -123.546755113492182, 48.463030241979531 ], [ -123.547549715093368, 48.461726520121971 ], [ -123.550678671853561, 48.462709668619297 ], [ -123.551806132204476, 48.464080728414217 ], [ -123.551952998159535, 48.470840898715664 ], [ -123.549463290278041, 48.47382614589084 ], [ -123.549666891903541, 48.476078806443262 ], [ -123.548434846825089, 48.478113386690936 ], [ -123.545517493142825, 48.479712451362367 ], [ -123.546106144498324, 48.484121190559868 ], [ -123.54384794435839, 48.484122580208656 ], [ -123.543850683232009, 48.486923511109921 ], [ -123.538297196136853, 48.486929325044422 ], [ -123.538249676169812, 48.489353104878063 ], [ -123.534519964142874, 48.489359355998559 ], [ -123.534523627527278, 48.492280251950746 ] ] ], [ [ [ -123.55481029406954, 48.489422892703821 ], [ -123.549041825806995, 48.478182460769531 ], [ -123.549995084950098, 48.47620317658248 ], [ -123.549820291800785, 48.473918912796123 ], [ -123.552354101708971, 48.470946921355498 ], [ -123.552373713161018, 48.463871088741982 ], [ -123.551105259067853, 48.462401747762044 ], [ -123.547700573482444, 48.461478972880073 ], [ -123.548047234878069, 48.46091016766708 ], [ -123.551374891010212, 48.461694223062764 ], [ -123.550945401751221, 48.460756145951315 ], [ -123.551540312523926, 48.459678212415874 ], [ -123.553156172339797, 48.459396063361808 ], [ -123.553672892632946, 48.460113295064154 ], [ -123.555598075822331, 48.460634817761679 ], [ -123.55635387475256, 48.459281688358161 ], [ -123.557413236626729, 48.458826733682663 ], [ -123.568075624145933, 48.460609892621996 ], [ -123.56939416243614, 48.461377071580053 ], [ -123.57318724247618, 48.461308762984793 ], [ -123.572953193534588, 48.462447980626443 ], [ -123.571860648249611, 48.463366571016238 ], [ -123.564412991261989, 48.465346586093951 ], [ -123.560631304845373, 48.465401045615145 ], [ -123.557508702522696, 48.467004107521959 ], [ -123.557635859407256, 48.471047420506878 ], [ -123.554425491962263, 48.473752879664914 ], [ -123.552838941023921, 48.477786432745951 ], [ -123.554861267433594, 48.48083550452283 ], [ -123.557582144963931, 48.483237908669857 ], [ -123.558248055108137, 48.489428761504087 ], [ -123.55481029406954, 48.489422892703821 ] ] ], [ [ [ -123.544102803350597, 48.46045582229722 ], [ -123.546455577153068, 48.460534639532078 ], [ -123.547270793070368, 48.460724311700126 ], [ -123.546942289118604, 48.461263346583074 ], [ -123.544102803350597, 48.46045582229722 ] ] ] ] } },
{ "type": "Feature", "properties": { "name": "Checleset Bay Ecological Reserve", "kind": "Provincial" }, "geometry": { "type": "Polygon", "coordinates": [ [ [ -127.791470395912057, 50.084398534815691 ], [ -127.786897029723519, 50.084494733295472 ], [ -127.786257606551999, 50.085459433280171 ], [ -127.786358073923026, 50.087016488442721 ], [ -127.783374552416618, 50.087803745711952 ], [ -127.782829752674814, 50.089443983374608 ], [ -127.780360872519751, 50.090326493422438 ], [ -127.779276117384128, 50.092302819239436 ], [ -127.773533682593083, 50.095992910328604 ], [ -127.76916134767194, 50.100749565105588 ], [ -127.766762446925782, 50.101596556071762 ], [ -127.764110727982896, 50.104113728081032 ], [ -127.760954479400937, 50.104493824650099 ], [ -127.75785963142863, 50.103579317140415 ], [ -127.756841650485285, 50.104548791552887 ], [ -127.75674547979753, 50.106643429555589 ], [ -127.75578661092753, 50.107487613992696 ], [ -127.752354394203181, 50.10825127269343 ], [ -127.750184130541882, 50.111034134117382 ], [ -127.747008752349544, 50.111053863152492 ], [ -127.744942656626321, 50.111975951856984 ], [ -127.742991304877378, 50.114922938181266 ], [ -127.73343902746366, 50.122833013854475 ], [ -127.730352864605734, 50.123680748582018 ], [ -127.726374759235966, 50.123340359228045 ], [ -127.72367860988173, 50.124246160028356 ], [ -127.719136936051939, 50.12353056668946 ], [ -127.718885252218911, 50.124049463816711 ], [ -127.71706492157189, 50.124110312716837 ], [ -127.716484812261569, 50.124877402949814 ], [ -127.718879928980911, 50.125821271857248 ], [ -127.718908501587805, 50.126846937627377 ], [ -127.717419950575191, 50.12757703387836 ], [ -127.715929091582723, 50.126823013892263 ], [ -127.714316539885786, 50.127479749025198 ], [ -127.712993087483753, 50.127267208767165 ], [ -127.713249903882925, 50.128124506516556 ], [ -127.712101267993901, 50.129218063428198 ], [ -127.710899553167579, 50.129159761375966 ], [ -127.711910240966986, 50.130079391592389 ], [ -127.711579076774598, 50.131469834835862 ], [ -127.710515482082442, 50.131997668595389 ], [ -127.708359889478189, 50.131506011208678 ], [ -127.701915416461716, 50.131802908749066 ], [ -127.700321396004369, 50.131245428667782 ], [ -127.69955362240519, 50.131695540992375 ], [ -127.694697243114547, 50.130705646024524 ], [ -127.69315867794738, 50.132226358917272 ], [ -127.691345847492101, 50.131486404750014 ], [ -127.690511241379269, 50.132331447607548 ], [ -127.68994312456347, 50.131614493605781 ], [ -127.690403247914759, 50.131160971557613 ], [ -127.688682490989194, 50.131663221554106 ], [ -127.688529900872879, 50.130591182198991 ], [ -127.687125434354968, 50.131294849503469 ], [ -127.68513203907429, 50.130957490190809 ], [ -127.678371990042947, 50.14121514984533 ], [ -127.686065907287485, 50.141338444907149 ], [ -127.68530394368436, 50.142076340830918 ], [ -127.68663505977031, 50.142019447548904 ], [ -127.687055772771004, 50.145055272952447 ], [ -127.688670413570563, 50.146917346366052 ], [ -127.687304449792023, 50.14824204857333 ], [ -127.683792927549334, 50.148687980787685 ], [ -127.682380076747265, 50.14763762806794 ], [ -127.679156825746972, 50.146764539049641 ], [ -127.672816868356406, 50.146112134107518 ], [ -127.644360167057854, 50.145801384113469 ], [ -127.644125314073307, 50.144732838724067 ], [ -127.642703014772536, 50.144050640114855 ], [ -127.63865800222635, 50.144057253051862 ], [ -127.638850683762854, 50.142692389495252 ], [ -127.638320354198953, 50.142146511421579 ], [ -127.639688003615206, 50.14080439914197 ], [ -127.637348972283277, 50.139391849322472 ], [ -127.638692033688713, 50.136448493581383 ], [ -127.63769625378383, 50.136526744455651 ], [ -127.631061404264216, 50.13217642955388 ], [ -127.630941770930704, 50.130484092802696 ], [ -127.631868106322543, 50.128912001126558 ], [ -127.630291321992416, 50.126312047156837 ], [ -127.631919428774452, 50.124658297903274 ], [ -127.625944908203891, 50.124650714255289 ], [ -127.626283042994217, 50.124079078189141 ], [ -127.624883505371429, 50.122632421170955 ], [ -127.625814758155911, 50.12235562498882 ], [ -127.625383725210625, 50.121774878791321 ], [ -127.625997941200126, 50.121332435964987 ], [ -127.624597910047768, 50.119418055609529 ], [ -127.625589578537486, 50.118494389449246 ], [ -127.625051181450459, 50.118245164391396 ], [ -127.625452681839377, 50.117413448647 ], [ -127.62212017732584, 50.11704116633183 ], [ -127.618674109443134, 50.11867315209124 ], [ -127.615679226993535, 50.119204118862285 ], [ -127.611377219770247, 50.114142912495147 ], [ -127.612665300776584, 50.11022777250183 ], [ -127.610295281780935, 50.109722733928905 ], [ -127.610866521282119, 50.109072988075923 ], [ -127.608456932159086, 50.107191281831589 ], [ -127.604232506533734, 50.107311460119192 ], [ -127.602778256389541, 50.108265355234273 ], [ -127.597873666237845, 50.108116282651267 ], [ -127.597422664971532, 50.108713467028018 ], [ -127.598690289256581, 50.109367373747411 ], [ -127.596959579967589, 50.109724223219231 ], [ -127.596706189516183, 50.11073751838947 ], [ -127.593672245326303, 50.110700817290919 ], [ -127.59408580522792, 50.109473597780067 ], [ -127.592235827220961, 50.108650689585509 ], [ -127.588523214224338, 50.109819834682995 ], [ -127.588263275547874, 50.111525610726048 ], [ -127.590537228996823, 50.113154236113949 ], [ -127.593329144375801, 50.113340998208109 ], [ -127.59639041140862, 50.115797539784189 ], [ -127.595051494906897, 50.115664406135387 ], [ -127.594876234374183, 50.118306630423255 ], [ -127.593588960091438, 50.118318030106821 ], [ -127.591448150464288, 50.119767145373316 ], [ -127.592540778399126, 50.120670834010227 ], [ -127.591941822584914, 50.121059331328958 ], [ -127.588473288097035, 50.119605089440796 ], [ -127.586193379641429, 50.119595345327909 ], [ -127.58570441645891, 50.120048085302216 ], [ -127.586237136648776, 50.120603239303499 ], [ -127.585104030240487, 50.120958211809715 ], [ -127.585942759025542, 50.121454123697362 ], [ -127.58412185457351, 50.123428672311569 ], [ -127.579606880149242, 50.12519039216663 ], [ -127.579127553847684, 50.126731548991799 ], [ -127.575884379326908, 50.127582253459387 ], [ -127.574331904505968, 50.127563195911499 ], [ -127.57248827158125, 50.126515190443733 ], [ -127.571021411514408, 50.126910884961177 ], [ -127.570996269203491, 50.125876226581177 ], [ -127.569722923853675, 50.127290655034599 ], [ -127.566060172477563, 50.126256093512751 ], [ -127.563991369334801, 50.126662256702481 ], [ -127.562931706939764, 50.126073509142223 ], [ -127.562862338113831, 50.12511923852292 ], [ -127.561271788958109, 50.124973628409222 ], [ -127.562209662401216, 50.124022847660576 ], [ -127.561258467970219, 50.123084640194541 ], [ -127.560229174404952, 50.123818421973056 ], [ -127.555903597565958, 50.123440897364517 ], [ -127.555153368591121, 50.125590206636289 ], [ -127.554092265889892, 50.125981742305854 ], [ -127.553689770212415, 50.125410092692611 ], [ -127.554495432998564, 50.12467358028303 ], [ -127.551620715248148, 50.123504480698685 ], [ -127.551690272322219, 50.124908463407898 ], [ -127.549545345289914, 50.125978998149691 ], [ -127.547898426825768, 50.126309194766563 ], [ -127.546367821681997, 50.125570490649892 ], [ -127.545664003331851, 50.126173297422561 ], [ -127.535270848032781, 50.117196656733611 ], [ -127.526922841341346, 50.107840294300743 ], [ -127.522830594808894, 50.105188910731947 ], [ -127.515436925827132, 50.097530285793795 ], [ -127.503540460889639, 50.093572880329113 ], [ -127.484592311259405, 50.093817249296428 ], [ -127.487649865423862, 50.09312408947261 ], [ -127.487215469381695, 50.091823223884276 ], [ -127.485366298101283, 50.09238374960173 ], [ -127.482794206919522, 50.091927420424369 ], [ -127.481297578407506, 50.090621643115171 ], [ -127.481511880413947, 50.089149347516511 ], [ -127.479164724702883, 50.088659892714233 ], [ -127.476832478631621, 50.089465805072493 ], [ -127.475922239534327, 50.088109175381625 ], [ -127.478938204819812, 50.087424683225514 ], [ -127.47922160531364, 50.086034250565653 ], [ -127.474856744578403, 50.085644192152884 ], [ -127.471553934597083, 50.082245808588475 ], [ -127.46598203289831, 50.079887701685358 ], [ -127.461278998525529, 50.076164670023559 ], [ -127.457425554943214, 50.074296644763933 ], [ -127.456674304061934, 50.072883506002746 ], [ -127.454154401580951, 50.072148399742218 ], [ -127.45326474617265, 50.070697421643565 ], [ -127.451356109952542, 50.069646600874414 ], [ -127.450729035859581, 50.070024981867959 ], [ -127.450868014586362, 50.069181354828181 ], [ -127.449971423785726, 50.06925034622197 ], [ -127.44999258728096, 50.068594028460211 ], [ -127.447383094918251, 50.067614713805206 ], [ -127.447114143311723, 50.066855582664672 ], [ -127.442874134348742, 50.064451197136286 ], [ -127.442506919498456, 50.064005537697156 ], [ -127.445348295190684, 50.064043625835986 ], [ -127.44795142226225, 50.061263183205412 ], [ -127.446260401477758, 50.056950162019085 ], [ -127.443668472165342, 50.055017578034203 ], [ -127.444671853049257, 50.054662257140365 ], [ -127.443380458519187, 50.053988342455355 ], [ -127.443424688479212, 50.052621763331459 ], [ -127.445114532339034, 50.052203687754137 ], [ -127.444080353152827, 50.050921598353298 ], [ -127.441959439859133, 50.051279899168854 ], [ -127.441334774012731, 50.049998778020232 ], [ -127.44306862152466, 50.049810684334211 ], [ -127.442723644045259, 50.048816653531937 ], [ -127.440374243703019, 50.04803855490276 ], [ -127.440810284516829, 50.047513729697073 ], [ -127.442862696434432, 50.047541301095329 ], [ -127.442992432064827, 50.04612189451241 ], [ -127.440824643269863, 50.04534623993645 ], [ -127.440149779836759, 50.046479476326958 ], [ -127.439004056105105, 50.046329148594545 ], [ -127.439367746828381, 50.045047817513819 ], [ -127.437144790383712, 50.04551710289131 ], [ -127.437179384434643, 50.044451719735221 ], [ -127.439074628119613, 50.044180406050145 ], [ -127.438266776928444, 50.042820342947358 ], [ -127.435712699201716, 50.04190447748266 ], [ -127.434793211290824, 50.042692601188818 ], [ -127.432398620798381, 50.040312690527507 ], [ -127.429913769920134, 50.040279089876442 ], [ -127.430077136466338, 50.039552746170941 ], [ -127.432212952700965, 50.039581611718361 ], [ -127.431051834406077, 50.036642684425679 ], [ -127.432177313187211, 50.035101835106815 ], [ -127.427113517608404, 50.033657136218693 ], [ -127.426375653061029, 50.034870384903307 ], [ -127.425317476213664, 50.034775078331357 ], [ -127.425751814696056, 50.033449779951184 ], [ -127.425127923779996, 50.033472789739214 ], [ -127.443730297630253, 50.001698510860159 ], [ -127.834909451818206, 50.00628637368014 ], [ -127.832922941766, 50.088267490011617 ], [ -127.824027080962381, 50.085717793809621 ], [ -127.824032955987548, 50.085227654805429 ], [ -127.821118890842328, 50.08435264163171 ], [ -127.818053064316771, 50.081128503124525 ], [ -127.814077362696764, 50.079675850765653 ], [ -127.814061627464326, 50.080278316443831 ], [ -127.808500136064012, 50.079726675804338 ], [ -127.796127109525145, 50.080417488328777 ], [ -127.792425983030668, 50.082528670070147 ], [ -127.791470395912057, 50.084398534815691 ] ], [ [ -127.519101699381238, 50.0969474750529 ], [ -127.51899078855152, 50.092835608275912 ], [ -127.515664397249608, 50.091893685314481 ], [ -127.514124409813206, 50.092413638268113 ], [ -127.512949563118852, 50.091975865718368 ], [ -127.510955718182899, 50.093605282761054 ], [ -127.510849592758959, 50.094773190606055 ], [ -127.512293433859426, 50.095556234420698 ], [ -127.517901745482078, 50.09731892902262 ], [ -127.519101699381238, 50.0969474750529 ] ], [ [ -127.590735960241659, 50.106383899253153 ], [ -127.590951714452316, 50.105702942437439 ], [ -127.589142570896755, 50.104448735748001 ], [ -127.587340279158695, 50.104390832033189 ], [ -127.586385993955943, 50.10500883308697 ], [ -127.587636095004584, 50.106220300990159 ], [ -127.590735960241659, 50.106383899253153 ] ], [ [ -127.549581437444488, 50.09144996644325 ], [ -127.560364859727258, 50.095505773659518 ], [ -127.562032682742085, 50.094905839805023 ], [ -127.561072737599176, 50.092879196077703 ], [ -127.561059963166343, 50.090504504471745 ], [ -127.559704910636853, 50.090469715961227 ], [ -127.558882668701784, 50.088984434666067 ], [ -127.553707785320682, 50.087202135224459 ], [ -127.549318936372984, 50.087642061419608 ], [ -127.54872208815685, 50.088426101787235 ], [ -127.549581437444488, 50.09144996644325 ] ] ] } },
{ "type": "Feature", "properties": { "name": "Power River Watershed Protected Area", "kind": "Provincial" }, "geometry": { "type": "Polygon", "coordinates": [ [ [ -127.487209358980323, 50.188296987521923 ], [ -127.487321391918357, 50.184751181817298 ], [ -127.489728403133554, 50.184821955857487 ], [ -127.49423156155369, 50.1864096125977 ], [ -127.500923018218515, 50.187440284523035 ], [ -127.506805205820996, 50.190196509307832 ], [ -127.513089551761894, 50.19083474986445 ], [ -127.514267323139705, 50.19170411610078 ], [ -127.515555162237263, 50.195221614408666 ], [ -127.513491826861994, 50.196672684083062 ], [ -127.514841897468628, 50.198476881830899 ], [ -127.514242396950621, 50.200463788122931 ], [ -127.514600626200718, 50.201116174734629 ], [ -127.516501104035825, 50.202568205017187 ], [ -127.521768289878423, 50.203587925947211 ], [ -127.51793601621057, 50.206240793389085 ], [ -127.515348971472648, 50.206514032462088 ], [ -127.513527475563649, 50.207839776055827 ], [ -127.511465618271842, 50.207920854886673 ], [ -127.507186876357494, 50.209377328626232 ], [ -127.501410826046779, 50.214807342457348 ], [ -127.498183642322331, 50.214469119026482 ], [ -127.491453435703093, 50.218537176739027 ], [ -127.489844755965848, 50.220215848014838 ], [ -127.488758219074128, 50.220426594873224 ], [ -127.488464148385262, 50.221772300303094 ], [ -127.486999579653315, 50.222400533075884 ], [ -127.483459519318899, 50.225745164486227 ], [ -127.48287736897133, 50.226862086651806 ], [ -127.483054833937288, 50.228780132813199 ], [ -127.480840480724979, 50.23181804201532 ], [ -127.480133553742789, 50.232015747316701 ], [ -127.472953555140961, 50.22851308918785 ], [ -127.472852182802498, 50.227306451072181 ], [ -127.471434104547797, 50.225623492602523 ], [ -127.463958021552628, 50.222233190127099 ], [ -127.463888576072918, 50.220460325525949 ], [ -127.459830756296356, 50.221540031980311 ], [ -127.454922431271996, 50.22550412115622 ], [ -127.454967041765499, 50.227141891386395 ], [ -127.458028839907797, 50.228288705635052 ], [ -127.461121999969109, 50.230623316093684 ], [ -127.466788288455305, 50.232784909940477 ], [ -127.470187297266122, 50.23566301693041 ], [ -127.470785418579027, 50.23843226702428 ], [ -127.470046088148933, 50.2417619074849 ], [ -127.466621302636554, 50.242087773823989 ], [ -127.463879031136344, 50.243284362333547 ], [ -127.458897651958111, 50.242471998999818 ], [ -127.453253393972332, 50.243163995929748 ], [ -127.451172327085004, 50.241243855048346 ], [ -127.445215907673543, 50.242619282314337 ], [ -127.4412629011251, 50.241848876299976 ], [ -127.440995707870925, 50.240805846355528 ], [ -127.438800167110159, 50.239007823072072 ], [ -127.437169882500328, 50.235583136886781 ], [ -127.438833842654986, 50.230753685343267 ], [ -127.44040690488805, 50.228151882890856 ], [ -127.439851967328877, 50.221962506171799 ], [ -127.440955382072275, 50.219471939890603 ], [ -127.448003154547251, 50.218378607678147 ], [ -127.451611721127762, 50.219497077750113 ], [ -127.452636634989176, 50.216398415640761 ], [ -127.458013624033782, 50.213595132139041 ], [ -127.460847808446189, 50.209527984421591 ], [ -127.46376607971591, 50.207695818445451 ], [ -127.46396727784537, 50.206655389344832 ], [ -127.470868830437368, 50.205585940036649 ], [ -127.473369650107585, 50.204512552153204 ], [ -127.47447953992598, 50.203114958323496 ], [ -127.473507833494722, 50.202373895392618 ], [ -127.474219877700023, 50.2015918094555 ], [ -127.474394491781922, 50.198310920895118 ], [ -127.476710197321893, 50.19597568562012 ], [ -127.471542609890875, 50.195907929755357 ], [ -127.471788525500543, 50.1880951080648 ], [ -127.487209358980323, 50.188296987521923 ] ] ] } },
{ "type": "Feature", "properties": { "name": "Tahsish Kwois Park", "kind": "Provincial" }, "geometry": { "type": "Polygon", "coordinates": [ [ [ -127.102567047286485, 50.136030345101503 ], [ -127.102966577278409, 50.135128414052687 ], [ -127.121427162049443, 50.129348179678509 ], [ -127.126839651675681, 50.131200312970513 ], [ -127.13442608588457, 50.128244564894253 ], [ -127.137167386650646, 50.129309490310419 ], [ -127.138980511448651, 50.129077727962716 ], [ -127.143467517356143, 50.125908031974937 ], [ -127.14935119223594, 50.127906418470602 ], [ -127.152857654134991, 50.128386398845116 ], [ -127.155774041308973, 50.129912391794768 ], [ -127.161672351987917, 50.130424191835374 ], [ -127.165021073221141, 50.129735108261158 ], [ -127.170952051681368, 50.13102049403571 ], [ -127.177081781768649, 50.129776699093227 ], [ -127.181510372788679, 50.127907805211258 ], [ -127.184948571773049, 50.128955526135528 ], [ -127.187992386875976, 50.128270015700686 ], [ -127.189078282982322, 50.127580878115999 ], [ -127.189489242682271, 50.126840727507528 ], [ -127.189088050106335, 50.126186850311441 ], [ -127.190583424836404, 50.124469699856512 ], [ -127.192740042097569, 50.124206478559138 ], [ -127.193436465931214, 50.12470752124112 ], [ -127.195732684012455, 50.123870759733677 ], [ -127.196594821903872, 50.124779120919811 ], [ -127.196966730562863, 50.126633298505176 ], [ -127.199184858808238, 50.128111373403783 ], [ -127.20290692661645, 50.127638357054323 ], [ -127.204344244217793, 50.128605029968782 ], [ -127.206845404444181, 50.12862569728771 ], [ -127.212028566336997, 50.131089228321635 ], [ -127.219951124714143, 50.131818107980799 ], [ -127.219749948629868, 50.137343821877593 ], [ -127.226156110849828, 50.13777756834925 ], [ -127.231186179064522, 50.138848206690909 ], [ -127.232028588788381, 50.140174258076172 ], [ -127.230344330593525, 50.141466297615416 ], [ -127.225197086614003, 50.141805981390952 ], [ -127.22511627115027, 50.142618758185542 ], [ -127.220483995475774, 50.143856570456158 ], [ -127.213684832325569, 50.143797137039982 ], [ -127.209203530753442, 50.145338133865025 ], [ -127.210902838554091, 50.14680346512079 ], [ -127.214170899825049, 50.147798209422568 ], [ -127.2165417051757, 50.151585401595717 ], [ -127.214388129808867, 50.152159429560932 ], [ -127.213276684565287, 50.153927758838392 ], [ -127.211762573770272, 50.153634614698092 ], [ -127.210112234766186, 50.154576103564281 ], [ -127.20732491475728, 50.157865600630252 ], [ -127.211113243292516, 50.159826390152652 ], [ -127.210909616923345, 50.161460267833405 ], [ -127.212942396467042, 50.163573804552257 ], [ -127.212785381763354, 50.166211298865278 ], [ -127.213309795818446, 50.166723070712884 ], [ -127.211527807741945, 50.168085300428807 ], [ -127.21105304907455, 50.171095654886855 ], [ -127.2118600396403, 50.172268388436066 ], [ -127.208932467867939, 50.176333786940027 ], [ -127.208827597107629, 50.178810182967403 ], [ -127.206823184165444, 50.180672600136504 ], [ -127.209289129219329, 50.182082314811815 ], [ -127.209688481735938, 50.183109356046685 ], [ -127.215096638379961, 50.183736779847898 ], [ -127.218708110978085, 50.185289823462256 ], [ -127.221688925942658, 50.185488399054364 ], [ -127.224792070287862, 50.186709674304637 ], [ -127.2266103417045, 50.190096907545737 ], [ -127.230874920522439, 50.191439166911053 ], [ -127.230172484058713, 50.194167294221309 ], [ -127.225148483367875, 50.196438194922962 ], [ -127.220878533937764, 50.197164388472572 ], [ -127.219247376136309, 50.198520046781432 ], [ -127.216908770527226, 50.198362743400843 ], [ -127.214454666682769, 50.200128445068529 ], [ -127.206970672694823, 50.202495642141642 ], [ -127.204179476429019, 50.204008581058034 ], [ -127.204279760254721, 50.204720690787404 ], [ -127.207193011564371, 50.206168831416875 ], [ -127.206693803683379, 50.208036488194395 ], [ -127.207378890802644, 50.211096206377654 ], [ -127.211868898882798, 50.212887864976651 ], [ -127.211588307130995, 50.214183256283235 ], [ -127.213140281578831, 50.216257882359223 ], [ -127.21699492679312, 50.217931629901464 ], [ -127.217429593619016, 50.219080599020749 ], [ -127.218730874551838, 50.220062968041603 ], [ -127.22058715490968, 50.220401727301869 ], [ -127.22160267001199, 50.22164953431929 ], [ -127.220408119262217, 50.223281729786152 ], [ -127.211533387097759, 50.22598319168754 ], [ -127.208175433572364, 50.232250076019028 ], [ -127.206850100499608, 50.233353938532041 ], [ -127.208825360493293, 50.233897100577209 ], [ -127.208687116529873, 50.236229033765518 ], [ -127.210873151158069, 50.237841254315192 ], [ -127.210308796323204, 50.238493656648899 ], [ -127.210678583888381, 50.239596671606584 ], [ -127.207966099219391, 50.241128891183067 ], [ -127.21021282310376, 50.242998407309841 ], [ -127.210288343125029, 50.244375719231179 ], [ -127.21095632487922, 50.244984152878096 ], [ -127.210896866048358, 50.246080556108495 ], [ -127.209707300870008, 50.246687341068956 ], [ -127.214077995295185, 50.249322525959961 ], [ -127.213757211550956, 50.249695357176975 ], [ -127.215211226216255, 50.250810540831722 ], [ -127.216674502297167, 50.250927449471753 ], [ -127.216618307298361, 50.252761451396708 ], [ -127.214700477320179, 50.254013705271483 ], [ -127.215727621215095, 50.256372535607795 ], [ -127.217041126115205, 50.257476533528077 ], [ -127.217471517761965, 50.259124629863408 ], [ -127.218543190711131, 50.25956830046119 ], [ -127.218623247677243, 50.260477955956205 ], [ -127.224136562110772, 50.263750880186407 ], [ -127.223683606059893, 50.265412419486168 ], [ -127.219242520085274, 50.26924354064473 ], [ -127.219076907499201, 50.270203399756845 ], [ -127.209091063545799, 50.271844317254818 ], [ -127.199976796652493, 50.275521624509636 ], [ -127.199383513403276, 50.273227852200009 ], [ -127.197903330232265, 50.272309953762807 ], [ -127.192086706243799, 50.271810356281158 ], [ -127.189492964243911, 50.26783489116594 ], [ -127.187867030278994, 50.266815658584989 ], [ -127.187396563959808, 50.265162340865416 ], [ -127.180562967424336, 50.263045270340854 ], [ -127.178136581920938, 50.2633625338106 ], [ -127.17581128335776, 50.262525549369059 ], [ -127.17418032800515, 50.260525645277077 ], [ -127.173969065738191, 50.259285582490236 ], [ -127.172248803757398, 50.258111731702932 ], [ -127.170284180563456, 50.257779495590057 ], [ -127.169605241819397, 50.256779418634423 ], [ -127.167253303557558, 50.256328578687103 ], [ -127.165039390124448, 50.25445426442527 ], [ -127.161884927036724, 50.253603892852695 ], [ -127.159823848640656, 50.252186115424998 ], [ -127.154478953457826, 50.250776780586925 ], [ -127.15260810170173, 50.24864919851278 ], [ -127.15003351934952, 50.246989222762828 ], [ -127.149888683535067, 50.245952533293774 ], [ -127.147493421516529, 50.245100369528025 ], [ -127.1459822946305, 50.242926563326961 ], [ -127.142653109201589, 50.241164430242939 ], [ -127.142836119792364, 50.237448116418307 ], [ -127.144511941120001, 50.236026777651645 ], [ -127.144114018863604, 50.235417790866542 ], [ -127.138916320145569, 50.234255280568213 ], [ -127.138821627835767, 50.231915190868826 ], [ -127.138170856492891, 50.231027787049278 ], [ -127.133751445630324, 50.230417212693226 ], [ -127.128688546327226, 50.231248698863737 ], [ -127.12735301558871, 50.230709996224647 ], [ -127.127068270223177, 50.229522624693438 ], [ -127.121268985282441, 50.227639061699982 ], [ -127.120564167730421, 50.226665242583827 ], [ -127.120744187913601, 50.224158656125823 ], [ -127.119047298844976, 50.221230448005905 ], [ -127.11369672665127, 50.219421204818374 ], [ -127.115284673142398, 50.217634585873782 ], [ -127.116358122007455, 50.213159195738982 ], [ -127.11331336214819, 50.210883614020936 ], [ -127.109561300158916, 50.209999600569063 ], [ -127.10826061514986, 50.20844483264549 ], [ -127.104353185011362, 50.207841466405021 ], [ -127.104072978398364, 50.206136891710599 ], [ -127.103018691543937, 50.205885816656128 ], [ -127.103054336953832, 50.204721595765612 ], [ -127.100244121474148, 50.204288906806788 ], [ -127.0986270705328, 50.202463525786555 ], [ -127.098480167802407, 50.200959010898792 ], [ -127.094954574146158, 50.200748328296548 ], [ -127.08794760823173, 50.196430324876154 ], [ -127.091005168342775, 50.191810192572966 ], [ -127.084886809135767, 50.182980209790472 ], [ -127.099961755329204, 50.175883705497355 ], [ -127.097309080915153, 50.175538942779589 ], [ -127.094837199836263, 50.17331269866137 ], [ -127.094814336433643, 50.171994610531343 ], [ -127.096690139106016, 50.168755802877101 ], [ -127.092460647663444, 50.167247253846902 ], [ -127.086044274913874, 50.167667864939943 ], [ -127.085491481316311, 50.166673836420721 ], [ -127.08678075855542, 50.165399848786329 ], [ -127.086262863123522, 50.164671729783166 ], [ -127.086920594013009, 50.163081519983336 ], [ -127.085041806586958, 50.161436004348204 ], [ -127.080410341580958, 50.159938361679067 ], [ -127.080204157210474, 50.158990505418323 ], [ -127.078622659849586, 50.158451639697915 ], [ -127.079350274395082, 50.156912101734612 ], [ -127.078706327323403, 50.151846414867379 ], [ -127.080844623305964, 50.146930193785977 ], [ -127.080872502478528, 50.143092286056763 ], [ -127.079303195327995, 50.141404416717812 ], [ -127.079076032806881, 50.140087430925981 ], [ -127.085095568959233, 50.13864877409538 ], [ -127.089339064803184, 50.139276372935583 ], [ -127.091131689209334, 50.138877481861051 ], [ -127.09139912197638, 50.141637808627159 ], [ -127.094116526821395, 50.145206280546844 ], [ -127.092811384291153, 50.145572404939898 ], [ -127.09266571498199, 50.149234257307917 ], [ -127.105752641937386, 50.156707221083757 ], [ -127.118400846131905, 50.156912879780982 ], [ -127.118664224831363, 50.150203255164634 ], [ -127.124204811896945, 50.149559192108214 ], [ -127.120580170750046, 50.145965670533634 ], [ -127.118596322934977, 50.142659464600634 ], [ -127.116495118293315, 50.141635982111097 ], [ -127.113122496920809, 50.141626190874035 ], [ -127.111057906896761, 50.139676744163637 ], [ -127.105333744458846, 50.13826125506791 ], [ -127.104639971092894, 50.13669383805852 ], [ -127.102567047286485, 50.136030345101503 ] ] ] } },
{ "type": "Feature", "properties": { "name": "Boyle Point Protected Area", "kind": "Provincial" }, "geometry": { "type": "Polygon", "coordinates": [ [ [ -124.702339624084644, 49.487992406404906 ], [ -124.704234912754956, 49.487734698592213 ], [ -124.707505960520194, 49.490537027973431 ], [ -124.703229741411235, 49.490523133706837 ], [ -124.700254473228824, 49.489466914282659 ], [ -124.702339624084644, 49.487992406404906 ] ] ] } },
{ "type": "Feature", "properties": { "name": "Murrin Park", "kind": "Provincial" }, "geometry": { "type": "MultiPolygon", "coordinates": [ [ [ [ -123.209902943412587, 49.638783878918979 ], [ -123.212299193531379, 49.638764858110441 ], [ -123.212367086640342, 49.640855872008977 ], [ -123.211035004341625, 49.642112050213406 ], [ -123.208242684975232, 49.642650365731278 ], [ -123.209902943412587, 49.638783878918979 ] ] ], [ [ [ -123.202865680925186, 49.646446258737384 ], [ -123.202804635404661, 49.642792344165116 ], [ -123.207210480770584, 49.642803865579268 ], [ -123.202865680925186, 49.646446258737384 ] ] ], [ [ [ -123.202476081055053, 49.647978072747549 ], [ -123.207033924192416, 49.643330313805492 ], [ -123.211041899964599, 49.642754728468198 ], [ -123.211077516126039, 49.646279171972182 ], [ -123.205614779845021, 49.646429706241484 ], [ -123.20409296374882, 49.648021001036589 ], [ -123.202476081055053, 49.647978072747549 ] ] ] ] } },
{ "type": "Feature", "properties": { "name": "Roberts Creek Park", "kind": "Provincial" }, "geometry": { "type": "MultiPolygon", "coordinates": [ [ [ [ -123.680648939475603, 49.444098417532118 ], [ -123.665740633193977, 49.444168122276388 ], [ -123.66396661663795, 49.443471103848935 ], [ -123.663973129324432, 49.442371968076635 ], [ -123.669496763152779, 49.442339971054437 ], [ -123.669476061426266, 49.440288568624965 ], [ -123.672821834245724, 49.441221637825109 ], [ -123.675092641837793, 49.441114986000635 ], [ -123.675096661804972, 49.442307627386455 ], [ -123.680625883461801, 49.442281539214555 ], [ -123.680648939475603, 49.444098417532118 ] ] ], [ [ [ -123.675084264901898, 49.438688728663749 ], [ -123.674827497663244, 49.440886227233769 ], [ -123.672762859891407, 49.440929458710983 ], [ -123.669472397097479, 49.439926313009451 ], [ -123.669460746495105, 49.438770311025493 ], [ -123.675084264901898, 49.438688728663749 ] ] ], [ [ [ -123.665215826927806, 49.429187451773615 ], [ -123.666276775751328, 49.429420088090119 ], [ -123.665865443730411, 49.430035880574707 ], [ -123.664460184326572, 49.430112971270589 ], [ -123.665215826927806, 49.429187451773615 ] ] ] ] } },
{ "type": "Feature", "properties": { "name": "Francis Point Park", "kind": "Provincial" }, "geometry": { "type": "Polygon", "coordinates": [ [ [ -124.060486124220787, 49.611625833447938 ], [ -124.060690272465095, 49.614725103640936 ], [ -124.058990735465841, 49.615360325108178 ], [ -124.060042322344216, 49.61612257980989 ], [ -124.059822942894343, 49.619867255182037 ], [ -124.054321355608735, 49.619722490433944 ], [ -124.054359852494173, 49.61824197066607 ], [ -124.052436184468036, 49.618282458487876 ], [ -124.052137868355956, 49.61776413441941 ], [ -124.053213942017479, 49.616621250424153 ], [ -124.054402952896524, 49.616582106119296 ], [ -124.054875985228477, 49.6125442380471 ], [ -124.054832463026926, 49.60518318065472 ], [ -124.053040527380318, 49.605159146219563 ], [ -124.052533076152159, 49.604341224490703 ], [ -124.056444520069235, 49.602359999453249 ], [ -124.059864704425451, 49.603320864925365 ], [ -124.06125229832972, 49.605819922973133 ], [ -124.061321613277258, 49.607293092773098 ], [ -124.05919793536556, 49.610613017051662 ], [ -124.060486124220787, 49.611625833447938 ] ] ] } },
{ "type": "Feature", "properties": { "name": "Francis Point Ecological Reserve", "kind": "Provincial" }, "geometry": { "type": "Polygon", "coordinates": [ [ [ -124.060486124220787, 49.611625833447938 ], [ -124.061599119340542, 49.611262834771708 ], [ -124.062859538281657, 49.612110999391497 ], [ -124.065075432965514, 49.612285296338435 ], [ -124.065364493312259, 49.617833653131768 ], [ -124.063900050362165, 49.617889209571771 ], [ -124.061795531429581, 49.61430934129811 ], [ -124.059401682194675, 49.615338579488935 ], [ -124.060690272465095, 49.614725103640936 ], [ -124.060486124220787, 49.611625833447938 ] ] ] } },
{ "type": "Feature", "properties": { "name": "Kitty Coleman Beach Park", "kind": "Provincial" }, "geometry": { "type": "Polygon", "coordinates": [ [ [ -124.994310271937479, 49.785825150693178 ], [ -124.997711882531888, 49.788996776768627 ], [ -125.000074718879759, 49.791204506780147 ], [ -124.996843822106058, 49.790150398648713 ], [ -124.994829633060505, 49.788015414446846 ], [ -124.992312876404512, 49.786723121454607 ], [ -124.994310271937479, 49.785825150693178 ] ] ] } },
{ "type": "Feature", "properties": { "name": "Spipiyus Park", "kind": "Provincial" }, "geometry": { "type": "Polygon", "coordinates": [ [ [ -123.944027814031131, 49.649028241550234 ], [ -123.953780264900544, 49.649261570942983 ], [ -123.952765038517683, 49.698558524426971 ], [ -123.930571063758464, 49.698169341967727 ], [ -123.930729272572933, 49.692130742756156 ], [ -123.884569396954092, 49.674152759502306 ], [ -123.88645518885906, 49.632289967633731 ], [ -123.923522162164232, 49.633001955575203 ], [ -123.923651264096833, 49.628871451065763 ], [ -123.944916715046887, 49.62915395903503 ], [ -123.944027814031131, 49.649028241550234 ] ] ] } },
{ "type": "Feature", "properties": { "name": "Arbutus Grove Park", "kind": "Provincial" }, "geometry": { "type": "Polygon", "coordinates": [ [ [ -124.153519312308646, 49.246011656753055 ], [ -124.153433428098765, 49.251677161655628 ], [ -124.148233998636002, 49.250918375764094 ], [ -124.148347102831821, 49.246206102249438 ], [ -124.153519312308646, 49.246011656753055 ] ] ] } },
{ "type": "Feature", "properties": { "name": "French Beach Park", "kind": "Provincial" }, "geometry": { "type": "Polygon", "coordinates": [ [ [ -123.939078522372967, 48.396914521402266 ], [ -123.939245477857085, 48.384512643104827 ], [ -123.942046594634192, 48.3862100313467 ], [ -123.941194702158725, 48.386855594697707 ], [ -123.941408821266648, 48.387510638179307 ], [ -123.945892274188409, 48.393249907146014 ], [ -123.949647016835243, 48.395674925881252 ], [ -123.949672617261882, 48.39705016413734 ], [ -123.939078522372967, 48.396914521402266 ] ] ] } },
{ "type": "Feature", "properties": { "name": "Inland Lake Park", "kind": "Provincial" }, "geometry": { "type": "MultiPolygon", "coordinates": [ [ [ [ -124.519524432186529, 49.96664787699229 ], [ -124.519752637101647, 49.968137999123073 ], [ -124.51857301312991, 49.969587088186849 ], [ -124.504033219463167, 49.970023045072161 ], [ -124.504306003523027, 49.973931078842895 ], [ -124.500618042147067, 49.975759507006465 ], [ -124.473740850913074, 49.979910317826935 ], [ -124.462303406851561, 49.984390446048529 ], [ -124.459557794040563, 49.988971433985334 ], [ -124.461944329801227, 49.995235145990968 ], [ -124.454396399498179, 50.000187102164091 ], [ -124.454322915252888, 50.000988548776547 ], [ -124.451183744082087, 50.001734281079422 ], [ -124.448210960019352, 49.998294074706472 ], [ -124.450598145805799, 49.986883684931229 ], [ -124.449546554247945, 49.982925001940451 ], [ -124.445216492960441, 49.979222645862507 ], [ -124.440466981177181, 49.978973048313392 ], [ -124.449749519691537, 49.97622837703166 ], [ -124.463358364408379, 49.962807802585864 ], [ -124.465124229118757, 49.957738595366877 ], [ -124.462319243701742, 49.955451631231838 ], [ -124.46213505492824, 49.950933086640788 ], [ -124.458383442769687, 49.950670970351993 ], [ -124.455139507461993, 49.948521555716326 ], [ -124.456014339794208, 49.946868508179698 ], [ -124.454755866904364, 49.942519121292214 ], [ -124.451486288411488, 49.938830208229213 ], [ -124.450648448603715, 49.931393206681591 ], [ -124.445448275340425, 49.924283805739016 ], [ -124.452349367631101, 49.922944570210689 ], [ -124.453221217934114, 49.922191624809507 ], [ -124.455259093666498, 49.922166375207226 ], [ -124.454155882587571, 49.924881564128178 ], [ -124.45499044815891, 49.925976687830541 ], [ -124.455999167633266, 49.926104092388925 ], [ -124.456321405863363, 49.925514807962045 ], [ -124.455649718935163, 49.92471195779585 ], [ -124.458576188935169, 49.922125205855664 ], [ -124.458555721740026, 49.921538611159939 ], [ -124.471477699083735, 49.921573310387352 ], [ -124.471533608580387, 49.920741848364806 ], [ -124.473970906331587, 49.918849000911884 ], [ -124.477991349880213, 49.918169180392596 ], [ -124.481401182232915, 49.915498388841314 ], [ -124.481402056481343, 49.913493518925648 ], [ -124.490248585967862, 49.913364667461082 ], [ -124.488577217271853, 49.915410820017144 ], [ -124.48921509345621, 49.922099181982581 ], [ -124.490333054150355, 49.923735391954317 ], [ -124.491100924781279, 49.92920768888753 ], [ -124.498539645666682, 49.934011001215929 ], [ -124.498889650434165, 49.936654354574962 ], [ -124.507696419125082, 49.942728029709059 ], [ -124.507708613371307, 49.944383419101193 ], [ -124.506722695013693, 49.944989400765529 ], [ -124.512812939663988, 49.949549847782833 ], [ -124.520928804168648, 49.947285912890749 ], [ -124.520611218675512, 49.948473406925679 ], [ -124.522105386367315, 49.949883954423477 ], [ -124.521835388915491, 49.951047816693773 ], [ -124.524677285481687, 49.953636939191021 ], [ -124.530625210877744, 49.956562806249181 ], [ -124.530182218892492, 49.95842155170849 ], [ -124.528799455937857, 49.960103806639118 ], [ -124.525128932014084, 49.960430965783026 ], [ -124.524561446054761, 49.961005085183452 ], [ -124.525208740497149, 49.961536031710281 ], [ -124.521758449498222, 49.96217800248693 ], [ -124.523902435959826, 49.962691314396935 ], [ -124.524084807513347, 49.963587460067416 ], [ -124.525701684046126, 49.963553568474047 ], [ -124.528958118319736, 49.965552479979316 ], [ -124.528738249940972, 49.966095063015381 ], [ -124.527330606147814, 49.965514685793181 ], [ -124.524707169689208, 49.967585074991767 ], [ -124.524534094400821, 49.968335238211502 ], [ -124.527077662902741, 49.971229326691692 ], [ -124.52617277937108, 49.973072667969021 ], [ -124.524303300034802, 49.972414761902144 ], [ -124.523247604842112, 49.970710974442426 ], [ -124.523778656974883, 49.969681594732194 ], [ -124.522273763054343, 49.969185674938906 ], [ -124.521432496884273, 49.967900107983581 ], [ -124.521208301419222, 49.965654376104069 ], [ -124.52004998459104, 49.965624595057733 ], [ -124.519524432186529, 49.96664787699229 ] ] ], [ [ [ -124.454974089132079, 49.924131087823817 ], [ -124.455140771215753, 49.924078585580062 ], [ -124.454968910534276, 49.924344431075085 ], [ -124.454974089132079, 49.924131087823817 ] ] ], [ [ [ -124.455787701297709, 49.92258992774822 ], [ -124.457334516980396, 49.922140626916928 ], [ -124.455565624583329, 49.923611764866841 ], [ -124.455787701297709, 49.92258992774822 ] ] ] ] } },
{ "type": "Feature", "properties": { "name": "Halkett Bay Marine Park", "kind": "Provincial" }, "geometry": { "type": "Polygon", "coordinates": [ [ [ -123.329664184725203, 49.467113261107791 ], [ -123.329687878910079, 49.462308659867276 ], [ -123.308779996470932, 49.462261086315216 ], [ -123.3086629288089, 49.444261340016013 ], [ -123.327055924053667, 49.444217235970875 ], [ -123.327073655228574, 49.446508328803738 ], [ -123.333581996354042, 49.44670199397175 ], [ -123.332837221207797, 49.446974563861211 ], [ -123.333016446184544, 49.448737253284349 ], [ -123.331544516697022, 49.449388969394505 ], [ -123.331290701477599, 49.450771892119356 ], [ -123.339295614469322, 49.450767082996144 ], [ -123.339309418845346, 49.453646920782681 ], [ -123.344693338280962, 49.453616003841354 ], [ -123.344699330745414, 49.467069429621034 ], [ -123.341304239347934, 49.467079500739388 ], [ -123.341297863035422, 49.466162035506031 ], [ -123.338565270464173, 49.466170066338016 ], [ -123.338571606287474, 49.467087532058613 ], [ -123.329664184725203, 49.467113261107791 ] ], [ [ -123.322679067460939, 49.455434422596674 ], [ -123.324472102732358, 49.455426886514672 ], [ -123.326863562500435, 49.450142319283586 ], [ -123.317210474694122, 49.450123998748481 ], [ -123.317196675396374, 49.457347103199865 ], [ -123.322663071570275, 49.45736417605076 ], [ -123.322679067460939, 49.455434422596674 ] ] ] } },
{ "type": "Feature", "properties": { "name": "Big Bunsby Marine Park", "kind": "Provincial" }, "geometry": { "type": "Polygon", "coordinates": [ [ [ -127.535270848032781, 50.117196656733611 ], [ -127.514853827326405, 50.122234983014884 ], [ -127.51299325020689, 50.12070910104466 ], [ -127.509018163003518, 50.119511325692976 ], [ -127.508646944542804, 50.117698686195993 ], [ -127.501696230128445, 50.11456907277551 ], [ -127.496417734543115, 50.113785778189033 ], [ -127.488892386300662, 50.103848167630602 ], [ -127.488891358353499, 50.093603459078587 ], [ -127.503540460889639, 50.093572880329113 ], [ -127.515436925827132, 50.097530285793795 ], [ -127.522830594808894, 50.105188910731947 ], [ -127.526922841341346, 50.107840294300743 ], [ -127.535270848032781, 50.117196656733611 ] ], [ [ -127.516996289373083, 50.104907659394478 ], [ -127.514834501955463, 50.104718115124051 ], [ -127.513462455983898, 50.105671951965782 ], [ -127.513406352933771, 50.107470861928206 ], [ -127.517851403893403, 50.107528626279752 ], [ -127.517871273681905, 50.106915599508312 ], [ -127.51674548595841, 50.106235626001279 ], [ -127.516996289373083, 50.104907659394478 ] ] ] } },
{ "type": "Feature", "properties": { "name": "Rathtrevor Beach Park", "kind": "Provincial" }, "geometry": { "type": "Polygon", "coordinates": [ [ [ -124.275797038822418, 49.314115298885149 ], [ -124.275608933539104, 49.328075345403427 ], [ -124.274267268720692, 49.330464909489805 ], [ -124.249642543342262, 49.330448178246208 ], [ -124.245397534625639, 49.317349474433342 ], [ -124.262947469569241, 49.314457923185039 ], [ -124.275797038822418, 49.314115298885149 ] ] ] } },
{ "type": "Feature", "properties": { "name": "Mount Tuam Ecological Reserve", "kind": "Provincial" }, "geometry": { "type": "MultiPolygon", "coordinates": [ [ [ [ -123.466688048980203, 48.724475623642086 ], [ -123.466604144009679, 48.738942252791745 ], [ -123.448686286405461, 48.739681235471259 ], [ -123.448988159247705, 48.736581384408616 ], [ -123.450388398147297, 48.734381227691401 ], [ -123.451631271693913, 48.734114018711189 ], [ -123.454709614699752, 48.73559127975799 ], [ -123.455337975230591, 48.735569206971071 ], [ -123.455598392677345, 48.734999117492656 ], [ -123.455297489282771, 48.733961671235761 ], [ -123.456736481715211, 48.732619758770007 ], [ -123.45874826242563, 48.732380577888179 ], [ -123.459674309101842, 48.731836670194099 ], [ -123.459599105808323, 48.729691093875068 ], [ -123.464249865180065, 48.726884745673807 ], [ -123.465251290262032, 48.726081836238656 ], [ -123.466162915889541, 48.724474237506129 ], [ -123.466688048980203, 48.724475623642086 ] ] ], [ [ [ -123.49006577123248, 48.731743000989141 ], [ -123.488471922594471, 48.730598853530793 ], [ -123.488656967621509, 48.720933181155551 ], [ -123.499231820535968, 48.720958611381924 ], [ -123.499252451577973, 48.731750219767349 ], [ -123.49006577123248, 48.731743000989141 ] ] ], [ [ [ -123.46585862635331, 48.724475791856712 ], [ -123.464939623536537, 48.726076984603765 ], [ -123.4591974965997, 48.729763002914943 ], [ -123.459433452821699, 48.73173058647869 ], [ -123.456871711902963, 48.73222801530752 ], [ -123.455093609531716, 48.733828294306875 ], [ -123.455187354188098, 48.735418002838287 ], [ -123.452473476719845, 48.734182132183982 ], [ -123.450852524782889, 48.733954182760009 ], [ -123.450111946762036, 48.734345314364681 ], [ -123.448691594924327, 48.736883712288979 ], [ -123.448768882097525, 48.726143564861459 ], [ -123.450091112821966, 48.726391162007062 ], [ -123.450665253788486, 48.725330167498626 ], [ -123.455644495363657, 48.725336637968269 ], [ -123.45672356809564, 48.724477286743443 ], [ -123.46585862635331, 48.724475791856712 ] ] ], [ [ [ -123.477635248343788, 48.724504003486459 ], [ -123.466688048980203, 48.724475623642086 ], [ -123.466692526714823, 48.723700242097166 ], [ -123.468612449904683, 48.721931416919261 ], [ -123.470425655030937, 48.719400836052934 ], [ -123.474822163821628, 48.717266422028821 ], [ -123.477723982550501, 48.717276477338231 ], [ -123.477635248343788, 48.724504003486459 ] ] ], [ [ [ -123.466719638606079, 48.718454685364442 ], [ -123.474373227012947, 48.717264851713992 ], [ -123.470235683978331, 48.719268238160673 ], [ -123.466693853849733, 48.723370494016827 ], [ -123.466719638606079, 48.718454685364442 ] ] ], [ [ [ -123.489685371342787, 48.731742688338102 ], [ -123.488450409442123, 48.731741660566385 ], [ -123.488468537443637, 48.730778973163574 ], [ -123.488921583440785, 48.730921939591902 ], [ -123.489685371342787, 48.731742688338102 ] ] ] ] } },
{ "type": "Feature", "properties": { "name": "Bowser Ecological Reserve", "kind": "Provincial" }, "geometry": { "type": "Polygon", "coordinates": [ [ [ -124.734368597171326, 49.440711795383748 ], [ -124.734307253142717, 49.433805814278358 ], [ -124.741231015989499, 49.433784078719832 ], [ -124.741287119118283, 49.434738719936774 ], [ -124.742494516621704, 49.436114838020124 ], [ -124.743965450642335, 49.436362520401175 ], [ -124.744495357565967, 49.438468496395593 ], [ -124.745791966688685, 49.438466912724977 ], [ -124.745431093823285, 49.439569818199807 ], [ -124.747927478639937, 49.438784238943448 ], [ -124.747997867260437, 49.440755022649171 ], [ -124.734368597171326, 49.440711795383748 ] ] ] } },
{ "type": "Feature", "properties": { "name": "Iona Beach Regional Park", "kind": "Regional" }, "geometry": { "type": "Polygon", "coordinates": [ [ [ -123.220915441920013, 49.222802537612274 ], [ -123.229564635802873, 49.226533105768269 ], [ -123.215292596797497, 49.22221484254694 ], [ -123.213078051499821, 49.220779691354913 ], [ -123.2136367487103, 49.218159276526954 ], [ -123.211877283672024, 49.216953235666431 ], [ -123.213241883906306, 49.216060186067274 ], [ -123.263866374737063, 49.205512089630609 ], [ -123.216354165449943, 49.215559659304652 ], [ -123.219783004172328, 49.216672169091439 ], [ -123.220490878020996, 49.217948770866087 ], [ -123.220915441920013, 49.222802537612274 ] ] ] } },
{ "type": "Feature", "properties": { "name": "Crippen", "kind": "Regional" }, "geometry": { "type": "MultiPolygon", "coordinates": [ [ [ [ -123.347419818841999, 49.402923763801603 ], [ -123.347762397153872, 49.388485721355799 ], [ -123.343550819445696, 49.388453343683118 ], [ -123.343556401839905, 49.386721780821254 ], [ -123.337459454810002, 49.386694762176859 ], [ -123.340518935929765, 49.384594441592526 ], [ -123.33975162745206, 49.38284267156898 ], [ -123.341771413333277, 49.383034605196492 ], [ -123.341299367018209, 49.382203962242968 ], [ -123.340302733554722, 49.382404786604084 ], [ -123.338915250958706, 49.379741835077361 ], [ -123.340873096019322, 49.380145353815493 ], [ -123.34071803321207, 49.381256693825179 ], [ -123.341460165986803, 49.381672773847718 ], [ -123.34357219650127, 49.382071293357789 ], [ -123.34357473994055, 49.38132469760513 ], [ -123.35441825198339, 49.381354934262284 ], [ -123.35442590141696, 49.384993402094963 ], [ -123.360054912609328, 49.385002996439802 ], [ -123.359980881363612, 49.399444743734435 ], [ -123.353100823991923, 49.399385005361779 ], [ -123.353006173034231, 49.403005786131743 ], [ -123.347419818841999, 49.402923763801603 ] ], [ [ -123.351894732412177, 49.381884355006044 ], [ -123.351053365244795, 49.381814948554883 ], [ -123.35068124714239, 49.382463726169803 ], [ -123.35149590394569, 49.382650144823636 ], [ -123.351894732412177, 49.381884355006044 ] ] ], [ [ [ -123.328962464768992, 49.377197999740503 ], [ -123.3328637753865, 49.376309814761207 ], [ -123.337718135854445, 49.375998902306812 ], [ -123.337731819729015, 49.378499481802201 ], [ -123.335579138341018, 49.37949969989414 ], [ -123.334235916261363, 49.378869449198426 ], [ -123.333973636404821, 49.377840271712977 ], [ -123.332035365170185, 49.377378106239128 ], [ -123.324192549383085, 49.380031416033475 ], [ -123.321834859636823, 49.379952548789532 ], [ -123.321947646961974, 49.377577547478566 ], [ -123.323723364612704, 49.376506676093712 ], [ -123.325531542351641, 49.376321699409708 ], [ -123.327350781732861, 49.377413956613907 ], [ -123.3293465801178, 49.376310890938655 ], [ -123.328962464768992, 49.377197999740503 ] ] ], [ [ [ -123.337409058757132, 49.382480737021559 ], [ -123.334179715393077, 49.381437691842919 ], [ -123.333244412616168, 49.379695354630371 ], [ -123.337226810234611, 49.379692798408577 ], [ -123.337440502992678, 49.380533217485635 ], [ -123.338362697722758, 49.380530520261885 ], [ -123.340251057892729, 49.384523267918716 ], [ -123.337409058757132, 49.382480737021559 ] ] ], [ [ [ -123.335203881293481, 49.376042193607525 ], [ -123.332142966770107, 49.376096009856155 ], [ -123.335981132886673, 49.375945495963784 ], [ -123.335203881293481, 49.376042193607525 ] ] ], [ [ [ -123.337734412779056, 49.379003198540822 ], [ -123.337385607381933, 49.379116657283184 ], [ -123.337381391245586, 49.379004228481193 ], [ -123.337734412779056, 49.379003198540822 ] ] ] ] } },
{ "type": "Feature", "properties": { "name": "Pacific Spirit", "kind": "Regional" }, "geometry": { "type": "MultiPolygon", "coordinates": [ [ [ [ -123.203174837251908, 49.257019334157953 ], [ -123.196714686652115, 49.256540274485197 ], [ -123.196760674252644, 49.252011108914303 ], [ -123.193746553341754, 49.252007201725178 ], [ -123.193756091094684, 49.24939407222363 ], [ -123.196796693477509, 49.249406922269507 ], [ -123.196781226073199, 49.250378439039636 ], [ -123.205336015243716, 49.249491010504798 ], [ -123.199131155018222, 49.24637603068804 ], [ -123.196945995769696, 49.246244843935365 ], [ -123.197005479073908, 49.238639263167499 ], [ -123.198584763010587, 49.238501627229887 ], [ -123.198604471885162, 49.236671066291663 ], [ -123.197025964320076, 49.236664775023215 ], [ -123.196993565155552, 49.235212090706121 ], [ -123.209526450680968, 49.238518286760247 ], [ -123.223880332212445, 49.2404523211002 ], [ -123.226858604129632, 49.241503456044036 ], [ -123.226418779314272, 49.242210447645306 ], [ -123.227266369514453, 49.245973291946676 ], [ -123.231230019929612, 49.257222960795552 ], [ -123.22651572650291, 49.258244258923398 ], [ -123.214438259092404, 49.258285296991893 ], [ -123.203402337646011, 49.258138842425303 ], [ -123.203174837251908, 49.257019334157953 ] ] ], [ [ [ -123.224621164846923, 49.277416747481993 ], [ -123.223993306954327, 49.275106197953242 ], [ -123.224468487632393, 49.275015326738554 ], [ -123.224571692614845, 49.27295522031325 ], [ -123.221767001542702, 49.27040600299943 ], [ -123.221848686147496, 49.268984602879755 ], [ -123.225249080293594, 49.269067980223049 ], [ -123.230732573357685, 49.271476862860247 ], [ -123.236792946923529, 49.273038763078375 ], [ -123.236307530581712, 49.274573443130876 ], [ -123.237268238244027, 49.27530908242781 ], [ -123.239184731113923, 49.274765418001948 ], [ -123.23848463903397, 49.273287156203757 ], [ -123.242221672040742, 49.273621195092353 ], [ -123.241009862331083, 49.274347846473617 ], [ -123.244555398143731, 49.276683644781315 ], [ -123.244849444438685, 49.278715930957794 ], [ -123.238939222770782, 49.27934897750653 ], [ -123.229906699968723, 49.278364339614313 ], [ -123.224621164846923, 49.277416747481993 ] ] ], [ [ [ -123.246416786989442, 49.279486187995253 ], [ -123.235652356368632, 49.279441174317547 ], [ -123.244376203825738, 49.279198175726172 ], [ -123.24981363973383, 49.276843306472486 ], [ -123.254195689979781, 49.27370791152223 ], [ -123.254952501587596, 49.270926728494018 ], [ -123.25717849678125, 49.272392513866755 ], [ -123.26057144275525, 49.270432956540823 ], [ -123.262448377023873, 49.267212917398069 ], [ -123.262104673889041, 49.2661477676643 ], [ -123.26085653785097, 49.265354513207434 ], [ -123.261014695151914, 49.264067838610998 ], [ -123.259062022740252, 49.26307376726114 ], [ -123.259023547276314, 49.261958446560371 ], [ -123.257832305815768, 49.260598332339839 ], [ -123.255474739179363, 49.259501657172194 ], [ -123.254342771947023, 49.257273335485472 ], [ -123.252416261351243, 49.256193638460253 ], [ -123.251863724616001, 49.25344230162397 ], [ -123.247518980198251, 49.25014144936852 ], [ -123.237238356894352, 49.246497453359936 ], [ -123.231206242665948, 49.242938571436433 ], [ -123.225242654804546, 49.240566613183567 ], [ -123.210897209917448, 49.23861923587603 ], [ -123.205702365387154, 49.237310794879541 ], [ -123.208630817522845, 49.235331093045666 ], [ -123.219633910438404, 49.239574445273163 ], [ -123.220997708693403, 49.237718820041877 ], [ -123.221576976716705, 49.237753695649694 ], [ -123.224969831649204, 49.239766567592454 ], [ -123.233213751809771, 49.242462287260651 ], [ -123.237680103956208, 49.245408126497153 ], [ -123.247729078108847, 49.248962624736073 ], [ -123.253294826564911, 49.252143866623257 ], [ -123.253733823587737, 49.254517644148017 ], [ -123.264222774459824, 49.265751645889004 ], [ -123.264168810025438, 49.266988614722464 ], [ -123.26193292257841, 49.270947093918764 ], [ -123.25821895366046, 49.272552110034624 ], [ -123.249279696498775, 49.278481580613139 ], [ -123.246416786989442, 49.279486187995253 ] ] ], [ [ [ -123.22432977954135, 49.268588526898931 ], [ -123.219823633890002, 49.268871535242035 ], [ -123.219782654469938, 49.266609319574989 ], [ -123.223709169640557, 49.268324364301783 ], [ -123.225469088460599, 49.267102097489442 ], [ -123.227869490264396, 49.266557678784515 ], [ -123.234194308199989, 49.268775842605677 ], [ -123.232906329343564, 49.265917968933387 ], [ -123.230228822462209, 49.263755491358296 ], [ -123.232312373778512, 49.264016671988514 ], [ -123.237731353734787, 49.266722205429211 ], [ -123.240113480266785, 49.269613740289742 ], [ -123.241423134195841, 49.273290043518429 ], [ -123.233071573874255, 49.271908438255579 ], [ -123.22432977954135, 49.268588526898931 ] ] ], [ [ [ -123.236706282107207, 49.266058664623984 ], [ -123.231535989365582, 49.263231151648561 ], [ -123.22974784686906, 49.263495584048563 ], [ -123.226301594540672, 49.261473965183065 ], [ -123.224654282047894, 49.26200340209148 ], [ -123.215441936722982, 49.262232327310947 ], [ -123.215550022466303, 49.259236728000801 ], [ -123.216162188076126, 49.258781324747503 ], [ -123.226508265688707, 49.258770493647944 ], [ -123.231531235399871, 49.257717089037349 ], [ -123.233574866559181, 49.260766860859022 ], [ -123.228388491342571, 49.262396369073876 ], [ -123.229920872611132, 49.263297345158293 ], [ -123.232238256088181, 49.262775488269206 ], [ -123.233243454545715, 49.263717959731963 ], [ -123.235390857688202, 49.262953510999786 ], [ -123.237533845839621, 49.265935535946944 ], [ -123.236706282107207, 49.266058664623984 ] ] ] ] } },
{ "type": "Feature", "properties": { "name": "Island View Beach Regional Park", "kind": "Regional" }, "geometry": { "type": "MultiPolygon", "coordinates": [ [ [ [ -123.36661399768532, 48.572641799875498 ], [ -123.37113528118357, 48.572468219875731 ], [ -123.372987818259489, 48.574514086355791 ], [ -123.375603848369778, 48.574630672443966 ], [ -123.377008451713735, 48.577804142351724 ], [ -123.370027241722752, 48.57779440561162 ], [ -123.367163698202546, 48.572638259847878 ], [ -123.368331028168726, 48.576065523244353 ], [ -123.369718596028463, 48.577793877767462 ], [ -123.368100737128302, 48.577791098232325 ], [ -123.36661399768532, 48.572641799875498 ] ] ], [ [ [ -123.371476957256291, 48.581861744462955 ], [ -123.368117354912059, 48.577880380093504 ], [ -123.370152578819173, 48.579606381839312 ], [ -123.368868050841783, 48.577881583719112 ], [ -123.375741552547368, 48.57789239612999 ], [ -123.37613916572009, 48.583230828415346 ], [ -123.371535465924524, 48.583271387766985 ], [ -123.371476957256291, 48.581861744462955 ] ] ], [ [ [ -123.36660812932449, 48.572283880211089 ], [ -123.368238959905341, 48.572095084376336 ], [ -123.368261479915859, 48.572276188306773 ], [ -123.36660812932449, 48.572283880211089 ] ] ] ] } },
{ "type": "Feature", "properties": { "name": "Coles Bay Regional Park", "kind": "Regional" }, "geometry": { "type": "Polygon", "coordinates": [ [ [ -123.463672933938909, 48.632819571157683 ], [ -123.463683243238549, 48.630764087752127 ], [ -123.46705993503619, 48.630945678630532 ], [ -123.463672933938909, 48.632819571157683 ] ] ] } },
{ "type": "Feature", "properties": { "name": "Matthews Point Regional Park", "kind": "Regional" }, "geometry": { "type": "Polygon", "coordinates": [ [ [ -123.329937011667994, 48.865221427761817 ], [ -123.325410698799274, 48.864437095141902 ], [ -123.325141582686157, 48.866724745867344 ], [ -123.325138317677059, 48.863794119644311 ], [ -123.322570055762526, 48.862912394902565 ], [ -123.322559701404771, 48.862323725386389 ], [ -123.329451978781108, 48.861494469147729 ], [ -123.333006877438365, 48.864128002749098 ], [ -123.333045233812058, 48.866878504686007 ], [ -123.328967758749386, 48.866878815481577 ], [ -123.329937011667994, 48.865221427761817 ] ] ] } },
{ "type": "Feature", "properties": { "name": "Mount Sullivan Regional Park", "kind": "Regional" }, "geometry": { "type": "Polygon", "coordinates": [ [ [ -123.516610536352815, 48.77530551883973 ], [ -123.508311331826448, 48.77255979634149 ], [ -123.499152440545686, 48.767754716527548 ], [ -123.5047038623227, 48.767781653802693 ], [ -123.504658362048005, 48.764213329544795 ], [ -123.510187997523985, 48.764212489392278 ], [ -123.510239244476494, 48.767808234382869 ], [ -123.532014266680292, 48.76792434242703 ], [ -123.53198101454791, 48.775149741789917 ], [ -123.528012489521871, 48.781570531581465 ], [ -123.525467013828234, 48.779370206540939 ], [ -123.516610536352815, 48.77530551883973 ] ] ] } },
{ "type": "Feature", "properties": { "name": "Mill Farm Regional Park", "kind": "Regional" }, "geometry": { "type": "MultiPolygon", "coordinates": [ [ [ [ -123.499103677896954, 48.753395097800095 ], [ -123.510049630668718, 48.753426621979088 ], [ -123.510136693306123, 48.760615901772972 ], [ -123.499087070353568, 48.760635467862443 ], [ -123.499103677896954, 48.753395097800095 ] ] ], [ [ [ -123.520847700289892, 48.753420329387019 ], [ -123.531743351669249, 48.753519910612177 ], [ -123.531730534557781, 48.76074851150026 ], [ -123.52098853603465, 48.760649006612859 ], [ -123.520847700289892, 48.753420329387019 ] ] ] ] } },
{ "type": "Feature", "properties": { "name": "Mount Parke Regional Park", "kind": "Regional" }, "geometry": { "type": "Polygon", "coordinates": [ [ [ -123.277195210873259, 48.840981662695143 ], [ -123.277226820245275, 48.837343673255965 ], [ -123.285584136716665, 48.837370136469112 ], [ -123.288262218516465, 48.838462326663439 ], [ -123.28817018846128, 48.844615117269356 ], [ -123.281942488621269, 48.844610695188933 ], [ -123.282510013532203, 48.843825091798486 ], [ -123.281519693476199, 48.842630297654487 ], [ -123.282929495282914, 48.841880431693205 ], [ -123.281616246403061, 48.840984758501271 ], [ -123.277195210873259, 48.840981662695143 ] ] ] } },
{ "type": "Feature", "properties": { "name": "Galloping Goose Regional Trail", "kind": "Regional" }, "geometry": { "type": "MultiPolygon", "coordinates": [ [ [ [ -123.411159606861375, 48.461793806297045 ], [ -123.407963177220736, 48.460689112846339 ], [ -123.404564676690583, 48.460015329905737 ], [ -123.408381292975491, 48.460597406909955 ], [ -123.411159606861375, 48.461793806297045 ] ] ], [ [ [ -123.415638146457326, 48.463970091694115 ], [ -123.412056921872519, 48.462476410928019 ], [ -123.411223357653313, 48.462055220909903 ], [ -123.415638146457326, 48.463970091694115 ] ] ], [ [ [ -123.402706857571829, 48.459648137398304 ], [ -123.39746454488197, 48.458473209215164 ], [ -123.40314058557982, 48.459545093811407 ], [ -123.402706857571829, 48.459648137398304 ] ] ], [ [ [ -123.394536489675488, 48.458650100714074 ], [ -123.390316690617865, 48.458421608767559 ], [ -123.394607897461597, 48.458466959548979 ], [ -123.394536489675488, 48.458650100714074 ] ] ], [ [ [ -123.389385512990202, 48.458206149822288 ], [ -123.386667553780129, 48.457389375938881 ], [ -123.389913499028566, 48.458328786261305 ], [ -123.389385512990202, 48.458206149822288 ] ] ], [ [ [ -123.386321024006591, 48.457500987867711 ], [ -123.38329830055865, 48.456610974168967 ], [ -123.386410561853495, 48.457330156652667 ], [ -123.386321024006591, 48.457500987867711 ] ] ], [ [ [ -123.380644672970163, 48.45599858065431 ], [ -123.37879193116683, 48.456089202423748 ], [ -123.379670870539215, 48.455963957059531 ], [ -123.378446824473173, 48.455491985248642 ], [ -123.380644672970163, 48.45599858065431 ] ] ], [ [ [ -123.375549962487341, 48.450754120912137 ], [ -123.375008940072291, 48.449101848677365 ], [ -123.37582495634777, 48.450723356588703 ], [ -123.375549962487341, 48.450754120912137 ] ] ], [ [ [ -123.39482035548366, 48.458646079779882 ], [ -123.396896094676336, 48.458441163503281 ], [ -123.397354371228388, 48.458646300963522 ], [ -123.39482035548366, 48.458646079779882 ] ] ], [ [ [ -123.382951700605517, 48.456722339090184 ], [ -123.380901180559135, 48.456058253322929 ], [ -123.38304099597039, 48.456551450137169 ], [ -123.382951700605517, 48.456722339090184 ] ] ], [ [ [ -123.377809237916765, 48.456706594143405 ], [ -123.377848099766823, 48.456063338457888 ], [ -123.378796282087066, 48.456281694284115 ], [ -123.377809237916765, 48.456706594143405 ] ] ], [ [ [ -123.377125458804869, 48.453777384911739 ], [ -123.376847918892864, 48.452691453983142 ], [ -123.377395669774046, 48.453743576078566 ], [ -123.377125458804869, 48.453777384911739 ] ] ], [ [ [ -123.377648696410716, 48.454781345763315 ], [ -123.377455426517599, 48.453864919669556 ], [ -123.377918372427231, 48.454748514232541 ], [ -123.377648696410716, 48.454781345763315 ] ] ], [ [ [ -123.374698795630707, 48.448488405450263 ], [ -123.375144278324171, 48.448034962844588 ], [ -123.374703643321595, 48.448981541054579 ], [ -123.374698795630707, 48.448488405450263 ] ] ], [ [ [ -123.376466042677507, 48.452513860185036 ], [ -123.376332077808129, 48.451702339820784 ], [ -123.376736923883101, 48.452481719982245 ], [ -123.376466042677507, 48.452513860185036 ] ] ], [ [ [ -123.376009578282179, 48.451631596625617 ], [ -123.3758879851475, 48.450844710793525 ], [ -123.376279655394598, 48.451598779442719 ], [ -123.376009578282179, 48.451631596625617 ] ] ], [ [ [ -123.375119387816966, 48.447664459958816 ], [ -123.375809359680105, 48.447375616237061 ], [ -123.374921981951587, 48.447922375551087 ], [ -123.375119387816966, 48.447664459958816 ] ] ], [ [ [ -123.403142311116227, 48.459734342572496 ], [ -123.403603861487113, 48.459636794422416 ], [ -123.404176840934568, 48.459938692758193 ], [ -123.403919865046504, 48.459887912794265 ], [ -123.403142311116227, 48.459734342572496 ] ] ], [ [ [ -123.377896952984159, 48.455882903393494 ], [ -123.378179081761971, 48.455430269916214 ], [ -123.378158645750744, 48.455943225162152 ], [ -123.377896952984159, 48.455882903393494 ] ] ] ] } },
{ "type": "Feature", "properties": { "name": "Lochside Regional Trail", "kind": "Regional" }, "geometry": { "type": "MultiPolygon", "coordinates": [ [ [ [ -123.364465699785043, 48.46562677868144 ], [ -123.366732488963194, 48.464414333678732 ], [ -123.364310947831513, 48.466116961421044 ], [ -123.36309906083477, 48.467906975518154 ], [ -123.364465699785043, 48.46562677868144 ] ] ], [ [ [ -123.367985233249826, 48.463495178096508 ], [ -123.370902380756576, 48.46097825760345 ], [ -123.371128674871528, 48.461081570361337 ], [ -123.367985233249826, 48.463495178096508 ] ] ], [ [ [ -123.362165660975649, 48.468964109638435 ], [ -123.362939351988118, 48.468169814612914 ], [ -123.361361430814227, 48.470296539013454 ], [ -123.362165660975649, 48.468964109638435 ] ] ], [ [ [ -123.375622479299409, 48.458322158534401 ], [ -123.376511316643786, 48.457465964441262 ], [ -123.376886482821291, 48.45763746482271 ], [ -123.375622479299409, 48.458322158534401 ] ] ], [ [ [ -123.36610146296168, 48.464387278395535 ], [ -123.367127624379037, 48.46374554655781 ], [ -123.367497752886948, 48.463745283492869 ], [ -123.36610146296168, 48.464387278395535 ] ] ], [ [ [ -123.37213266152412, 48.460305489298833 ], [ -123.373184066425068, 48.459990603164776 ], [ -123.373450726816529, 48.460112721880812 ], [ -123.37213266152412, 48.460305489298833 ] ] ], [ [ [ -123.373953513266841, 48.459746027189901 ], [ -123.374618417904017, 48.459628818253236 ], [ -123.373479048593282, 48.45990584567538 ], [ -123.373953513266841, 48.459746027189901 ] ] ], [ [ [ -123.371846324976943, 48.460419458480089 ], [ -123.37131688693016, 48.460948071095451 ], [ -123.37108924974676, 48.460844148253081 ], [ -123.371456698927091, 48.460612952490294 ], [ -123.371846324976943, 48.460419458480089 ] ] ], [ [ [ -123.374590448934185, 48.459391717226168 ], [ -123.375125514303932, 48.458910300050626 ], [ -123.375348287179648, 48.459012326599115 ], [ -123.374590448934185, 48.459391717226168 ] ] ], [ [ [ -123.375278940612631, 48.458761449474011 ], [ -123.375757307195954, 48.458617356409967 ], [ -123.375502200000156, 48.458863704211581 ], [ -123.375278940612631, 48.458761449474011 ] ] ], [ [ [ -123.367380396384121, 48.463560328037602 ], [ -123.367730133625912, 48.463304077936193 ], [ -123.36768308458106, 48.463564971605813 ], [ -123.367380396384121, 48.463560328037602 ] ] ] ] } },
{ "type": "Feature", "properties": { "name": "Elk/Beaver Lake Regional Park", "kind": "Regional" }, "geometry": { "type": "Polygon", "coordinates": [ [ [ -123.403602284644123, 48.539884055242176 ], [ -123.403497766957656, 48.536471271983395 ], [ -123.405986189292733, 48.537326769606679 ], [ -123.407518898564348, 48.539772629121437 ], [ -123.403602284644123, 48.539884055242176 ] ] ] } },
{ "type": "Feature", "properties": { "name": "Bear Hill Regional Park", "kind": "Regional" }, "geometry": { "type": "Polygon", "coordinates": [ [ [ -123.409775840510946, 48.54859587300863 ], [ -123.407645754410552, 48.548464710030515 ], [ -123.407642030427297, 48.547079711342377 ], [ -123.403517453013123, 48.547081589126286 ], [ -123.403504830714084, 48.545818167134193 ], [ -123.391349783808337, 48.545838834206535 ], [ -123.391225497501793, 48.545277877199119 ], [ -123.392280264410317, 48.545240038434024 ], [ -123.391610200051716, 48.543466030854653 ], [ -123.39934475912338, 48.543458473870679 ], [ -123.399889356080095, 48.54229807943296 ], [ -123.399560834541461, 48.543458258411825 ], [ -123.41036547006982, 48.543469315438983 ], [ -123.410370750536885, 48.545197462295192 ], [ -123.412560671697094, 48.545190263669248 ], [ -123.413051160806262, 48.546393827484145 ], [ -123.410368828980197, 48.546486943024618 ], [ -123.410371148799456, 48.547944550258407 ], [ -123.409774952524941, 48.547945783922373 ], [ -123.409775840510946, 48.54859587300863 ] ] ] } },
{ "type": "Feature", "properties": { "name": "Francis/King Regional Park", "kind": "Regional" }, "geometry": { "type": "Polygon", "coordinates": [ [ [ -123.452802967947662, 48.490473099407147 ], [ -123.449270046442578, 48.489568582857871 ], [ -123.442025303481728, 48.489696394029025 ], [ -123.440459004808119, 48.488901170060956 ], [ -123.439774303124096, 48.486094977056283 ], [ -123.441427595181779, 48.483825565297039 ], [ -123.44292354970564, 48.483838531730044 ], [ -123.451900170140178, 48.474425573807409 ], [ -123.453407953119353, 48.474442245769879 ], [ -123.453240283159133, 48.489765907233568 ], [ -123.452802967947662, 48.490473099407147 ] ] ] } },
{ "type": "Feature", "properties": { "name": "Elk/Beaver Lake Regional Park", "kind": "Regional" }, "geometry": { "type": "Polygon", "coordinates": [ [ [ -123.412168264382132, 48.539858323957105 ], [ -123.407528217988144, 48.53957278435005 ], [ -123.406443871457412, 48.537453246815154 ], [ -123.404505981247794, 48.536103178115916 ], [ -123.399856859827366, 48.534661297837602 ], [ -123.394261072806373, 48.535785404589163 ], [ -123.394254834815214, 48.536247245236581 ], [ -123.390315356915565, 48.536239110810868 ], [ -123.390040002001427, 48.535024574135235 ], [ -123.388648973439047, 48.533734394602334 ], [ -123.386906333985991, 48.52719790514746 ], [ -123.386870038100341, 48.524324013080836 ], [ -123.384768055136888, 48.515295323467036 ], [ -123.384452926710722, 48.511906016736809 ], [ -123.385307113385124, 48.506487002806324 ], [ -123.387639814523297, 48.505890306141026 ], [ -123.39303050550194, 48.507334841938217 ], [ -123.394830670772905, 48.504232986452763 ], [ -123.396279738395776, 48.50460491139372 ], [ -123.396453230716702, 48.503803265475462 ], [ -123.3976922040913, 48.506361335711723 ], [ -123.39716978067878, 48.50725657876071 ], [ -123.398315438052364, 48.507492598049076 ], [ -123.398813615728457, 48.508500890117482 ], [ -123.400621750760592, 48.508060787920101 ], [ -123.401967061153314, 48.509599819889317 ], [ -123.402459009015843, 48.510825304028209 ], [ -123.402140625483739, 48.513226761537318 ], [ -123.403891675748795, 48.513697213223125 ], [ -123.403759823458998, 48.518218073449589 ], [ -123.398060166594732, 48.518156153324277 ], [ -123.398957898713192, 48.522296059445928 ], [ -123.400901264133068, 48.524273543905124 ], [ -123.401804365440611, 48.526228139397404 ], [ -123.403768488649064, 48.526818974516644 ], [ -123.40499637978273, 48.526470432833328 ], [ -123.405169776813239, 48.527267019271342 ], [ -123.409461090897906, 48.530256072699359 ], [ -123.409680962296278, 48.532175235130993 ], [ -123.41097043655482, 48.532638100966878 ], [ -123.410367660104157, 48.533051241205342 ], [ -123.410803941244779, 48.534428322350351 ], [ -123.411729857253917, 48.534446489318498 ], [ -123.411383987441042, 48.536254520434348 ], [ -123.412168264382132, 48.539858323957105 ] ] ] } },
{ "type": "Feature", "properties": { "name": "Mount Work Regional Park", "kind": "Regional" }, "geometry": { "type": "MultiPolygon", "coordinates": [ [ [ [ -123.472593553920134, 48.551370917783984 ], [ -123.475080610085342, 48.548900258708954 ], [ -123.467023748202678, 48.546107692678682 ], [ -123.467029400527665, 48.542997854173663 ], [ -123.46923225914918, 48.543806070063702 ], [ -123.473925077009199, 48.544111552256233 ], [ -123.473745269477845, 48.536824876306106 ], [ -123.463888031483762, 48.530920699832393 ], [ -123.458009968998724, 48.530865691435899 ], [ -123.45801471059832, 48.530110812441173 ], [ -123.452877795286128, 48.530175070497279 ], [ -123.45293749816986, 48.52538067926838 ], [ -123.449769014388679, 48.525419254379081 ], [ -123.449867105155661, 48.52183507746323 ], [ -123.451435266205124, 48.521810696678145 ], [ -123.451410924898866, 48.522715790367144 ], [ -123.458141395703962, 48.522616209328341 ], [ -123.458317314665067, 48.515165133283446 ], [ -123.466257985032357, 48.515155010612375 ], [ -123.466098052664691, 48.52234781861636 ], [ -123.484029378314389, 48.522325420506675 ], [ -123.484006061240322, 48.520900732635241 ], [ -123.486967193566116, 48.52066854087542 ], [ -123.486605445003732, 48.51944498545592 ], [ -123.487280679073805, 48.517076739479265 ], [ -123.488363565169223, 48.517138401796153 ], [ -123.488913839358815, 48.519428813710185 ], [ -123.489463307614614, 48.520110192011899 ], [ -123.489493737182485, 48.522342023867509 ], [ -123.495158263871275, 48.52238181613879 ], [ -123.495162996726435, 48.536753868095026 ], [ -123.481731354767959, 48.536899476695297 ], [ -123.481662307604637, 48.54190130064724 ], [ -123.48532864204094, 48.541921887605135 ], [ -123.488757459044137, 48.540773385305322 ], [ -123.488756983753603, 48.543032196799146 ], [ -123.489670358973584, 48.543213066169727 ], [ -123.489622075360884, 48.544208243713697 ], [ -123.494695980429, 48.544083337502379 ], [ -123.494462223208842, 48.545962431176385 ], [ -123.492577371293166, 48.546506691070732 ], [ -123.493023452040816, 48.547514169289983 ], [ -123.492137607781359, 48.547685293323376 ], [ -123.490489463834365, 48.549877545168627 ], [ -123.488981174339372, 48.550214127991175 ], [ -123.484021524737202, 48.549041716460351 ], [ -123.477894135548624, 48.545483166907594 ], [ -123.480709861431791, 48.547895598377622 ], [ -123.483978268365803, 48.549394373610092 ], [ -123.480345302625707, 48.549363438444864 ], [ -123.480340055667881, 48.551340901473218 ], [ -123.472593553920134, 48.551370917783984 ] ] ], [ [ [ -123.489129370613412, 48.550434579938589 ], [ -123.490813003905529, 48.549913952454375 ], [ -123.493151554293831, 48.547729093013061 ], [ -123.494771857770886, 48.548538110406568 ], [ -123.497664092878921, 48.546256755959654 ], [ -123.496332658995968, 48.545555893946734 ], [ -123.494873665338432, 48.545777137389329 ], [ -123.494892465811475, 48.544078228243293 ], [ -123.499871487950287, 48.543955136841376 ], [ -123.499566635238239, 48.551372847044881 ], [ -123.489347079044023, 48.551342515155284 ], [ -123.489129370613412, 48.550434579938589 ] ] ], [ [ [ -123.488654961617499, 48.517170284181688 ], [ -123.489425207860876, 48.517435560735848 ], [ -123.489458254877974, 48.519847104460482 ], [ -123.489305910220992, 48.518789543517627 ], [ -123.488654961617499, 48.517170284181688 ] ] ] ] } },
{ "type": "Feature", "properties": { "name": "Craigflower Farm Historic Site", "kind": "Regional" }, "geometry": { "type": "Polygon", "coordinates": [ [ [ -123.424675064135172, 48.451388312019809 ], [ -123.425618592353686, 48.45184216958738 ], [ -123.424293772041167, 48.45267554379506 ], [ -123.423754476395942, 48.45182361461125 ], [ -123.424675064135172, 48.451388312019809 ] ] ] } },
{ "type": "Feature", "properties": { "name": "Mill Hill Regional Park", "kind": "Regional" }, "geometry": { "type": "Polygon", "coordinates": [ [ [ -123.479641725301974, 48.460662153237351 ], [ -123.474396877049074, 48.455602108828884 ], [ -123.476682975780292, 48.453323213048655 ], [ -123.478811534873273, 48.453768796146178 ], [ -123.48060377296504, 48.450542936088823 ], [ -123.484657284765788, 48.4519409872061 ], [ -123.482691230892499, 48.455100418541349 ], [ -123.484176913450654, 48.455462143800659 ], [ -123.48392692892952, 48.456774555009176 ], [ -123.481169765179956, 48.45787488698172 ], [ -123.479641725301974, 48.460662153237351 ] ] ] } },
{ "type": "Feature", "properties": { "name": "Ayum Creek Regional Park Reserve", "kind": "Regional" }, "geometry": { "type": "MultiPolygon", "coordinates": [ [ [ [ -123.660218601068536, 48.393105896816465 ], [ -123.65902073998376, 48.3912652942536 ], [ -123.659646373831677, 48.391795232749168 ], [ -123.65914322098709, 48.391067212496502 ], [ -123.65991355621783, 48.391265839577045 ], [ -123.659212929933432, 48.39078805006659 ], [ -123.660491318528784, 48.390762223767929 ], [ -123.659616733519542, 48.390236620075086 ], [ -123.660620575236109, 48.390117825975487 ], [ -123.661401747753686, 48.391453865577674 ], [ -123.662290701625949, 48.391224486611165 ], [ -123.661985030356846, 48.390383760808078 ], [ -123.662435990920571, 48.390268049851365 ], [ -123.662931257853202, 48.392010180727588 ], [ -123.660218601068536, 48.393105896816465 ] ] ], [ [ [ -123.664643632905936, 48.394550542623961 ], [ -123.662177383958877, 48.394089706321061 ], [ -123.664693807250913, 48.394234751810615 ], [ -123.664643632905936, 48.394550542623961 ] ] ], [ [ [ -123.663138691293341, 48.393040702942578 ], [ -123.661682465491253, 48.392838143130753 ], [ -123.662751380829093, 48.392347931760249 ], [ -123.663073520346614, 48.392980956755807 ], [ -123.663950797932614, 48.392388976874201 ], [ -123.663138691293341, 48.393040702942578 ] ] ] ] } },
{ "type": "Feature", "properties": { "name": "Galloping Goose Regional Trail", "kind": "Regional" }, "geometry": { "type": "MultiPolygon", "coordinates": [ [ [ [ -123.723851392052325, 48.475227943151864 ], [ -123.72744261454892, 48.475216101973913 ], [ -123.728810963105389, 48.474517675465499 ], [ -123.729545107333209, 48.469033143888808 ], [ -123.733155375178171, 48.467189757927379 ], [ -123.734311986880073, 48.464832487097148 ], [ -123.737593549021327, 48.462292831378647 ], [ -123.737571176743373, 48.457724160877127 ], [ -123.736732034348861, 48.455957486264552 ], [ -123.732422533737761, 48.452277153616748 ], [ -123.730368458051899, 48.448383176132772 ], [ -123.724883347581681, 48.446841744802711 ], [ -123.722746622748573, 48.444861819904624 ], [ -123.716386178650581, 48.441023258323078 ], [ -123.715796220227645, 48.437721219731877 ], [ -123.711955810176008, 48.431833840584531 ], [ -123.709485006209292, 48.429944886473258 ], [ -123.710525824348153, 48.428107255880981 ], [ -123.71052533299121, 48.426313354202087 ], [ -123.712460337181469, 48.422814432642383 ], [ -123.71111329573165, 48.417825182722339 ], [ -123.709503668652019, 48.415916256468989 ], [ -123.706477107631983, 48.415611910845904 ], [ -123.704986620807333, 48.414637014034483 ], [ -123.704774746087764, 48.413827001262703 ], [ -123.705853799510592, 48.411811402090159 ], [ -123.705855314554455, 48.40914028158867 ], [ -123.703447217406435, 48.406015709439025 ], [ -123.706365352253442, 48.409316924122564 ], [ -123.706427752345306, 48.411402929312388 ], [ -123.705432127984679, 48.413858341030988 ], [ -123.705927143881723, 48.414591136685118 ], [ -123.710497607148568, 48.416037611858762 ], [ -123.711701735991184, 48.417650345120386 ], [ -123.713090320383955, 48.422727632179374 ], [ -123.71110947364663, 48.426451225937257 ], [ -123.711383451654143, 48.427635315769322 ], [ -123.71052936620049, 48.429197954106769 ], [ -123.710911753911816, 48.430745734825422 ], [ -123.712353121067181, 48.431747948463887 ], [ -123.716233366317468, 48.437714101942113 ], [ -123.716671986120346, 48.440576577002673 ], [ -123.723131067048897, 48.444733026318644 ], [ -123.725103541822818, 48.446607739059893 ], [ -123.730709559772023, 48.44822707236748 ], [ -123.732833511710282, 48.452176952149919 ], [ -123.737096717590191, 48.455828302326395 ], [ -123.737974146854341, 48.457666225570918 ], [ -123.737983238977208, 48.462382295121337 ], [ -123.734775011661455, 48.465101497187177 ], [ -123.733651734484553, 48.467274755741769 ], [ -123.729912697908475, 48.469157396458698 ], [ -123.729057612887544, 48.474780968350125 ], [ -123.727467006398072, 48.475492583636481 ], [ -123.724204963684201, 48.475410687211905 ], [ -123.717529030171931, 48.47877123319202 ], [ -123.717701560349425, 48.481783173013312 ], [ -123.714858160983226, 48.485106653109774 ], [ -123.714902770767893, 48.489076827672783 ], [ -123.713690504314371, 48.490333797032086 ], [ -123.714516132350269, 48.4889057781877 ], [ -123.714400646373548, 48.485167501977813 ], [ -123.717309966106853, 48.481689442943754 ], [ -123.717123966006071, 48.478698813466934 ], [ -123.723851392052325, 48.475227943151864 ] ] ], [ [ [ -123.632156593467172, 48.373707177588471 ], [ -123.626258874684268, 48.372607373162992 ], [ -123.620627577535487, 48.370204389751194 ], [ -123.617689628437418, 48.368168414197179 ], [ -123.607284387531905, 48.365578619962875 ], [ -123.600932483878182, 48.366527377004935 ], [ -123.597613924600651, 48.366061956082881 ], [ -123.59316484629386, 48.36427479119979 ], [ -123.592448373081282, 48.363270050363063 ], [ -123.59197703185707, 48.360666672600573 ], [ -123.590947154682539, 48.359582961925419 ], [ -123.582570736637791, 48.356740317163016 ], [ -123.580413615838864, 48.355434915461728 ], [ -123.59114202788507, 48.359367609948293 ], [ -123.592336668916317, 48.360606181084691 ], [ -123.593184270783894, 48.363829158855047 ], [ -123.597835372710819, 48.365814290956209 ], [ -123.600875459339676, 48.366282702702975 ], [ -123.607453357977107, 48.365357848415364 ], [ -123.61863017932815, 48.368034257512306 ], [ -123.621046781171188, 48.370100646566577 ], [ -123.626170317346904, 48.372235759748179 ], [ -123.632205540939211, 48.373357560274791 ], [ -123.633636711731242, 48.374528251282626 ], [ -123.632156593467172, 48.373707177588471 ] ] ], [ [ [ -123.551348498177575, 48.354815670667733 ], [ -123.552202578115583, 48.353875253690575 ], [ -123.553863226721447, 48.353372327018789 ], [ -123.562205907158358, 48.352902357313347 ], [ -123.568002135106283, 48.354337883196195 ], [ -123.573384197499081, 48.352789078223594 ], [ -123.577779294376924, 48.353909970464393 ], [ -123.580244862842846, 48.355169880908178 ], [ -123.573469805259151, 48.353037805678447 ], [ -123.568093890553868, 48.354581823302716 ], [ -123.56203712240351, 48.353140826703985 ], [ -123.552790646924933, 48.35390522125703 ], [ -123.551667517028164, 48.355054754491704 ], [ -123.551784422378503, 48.36114865055972 ], [ -123.549336320592118, 48.364550340020266 ], [ -123.549018761540694, 48.366617060417589 ], [ -123.548893816283027, 48.364594002659999 ], [ -123.551485439781246, 48.360841738288109 ], [ -123.551348498177575, 48.354815670667733 ] ] ], [ [ [ -123.694874438297333, 48.394749289168814 ], [ -123.686508287376725, 48.392183648906418 ], [ -123.681002461637931, 48.391843858026313 ], [ -123.675663121208871, 48.392389445278383 ], [ -123.674550684225494, 48.391942453316425 ], [ -123.681181217485701, 48.391555712671988 ], [ -123.686568131836722, 48.391822794116571 ], [ -123.695095079600264, 48.394517780645948 ], [ -123.69615862395149, 48.395652438461802 ], [ -123.695399028690346, 48.399998054440559 ], [ -123.698207894428052, 48.402101226527208 ], [ -123.695035359968315, 48.400153190940593 ], [ -123.695748811655662, 48.39570132373494 ], [ -123.694874438297333, 48.394749289168814 ] ] ], [ [ [ -123.631924624553278, 48.387536412106989 ], [ -123.633569175299286, 48.386291744775825 ], [ -123.634103733552834, 48.383558317875831 ], [ -123.635424764898943, 48.381148930086169 ], [ -123.632088089181849, 48.37771259448116 ], [ -123.633718832317356, 48.374725721623157 ], [ -123.632650092118681, 48.377871444563759 ], [ -123.635368241913881, 48.380069641858817 ], [ -123.635784466793481, 48.381196423646593 ], [ -123.634427883102418, 48.383700481485327 ], [ -123.633910027136906, 48.386384333829362 ], [ -123.631898011500468, 48.388091600206884 ], [ -123.63280906184734, 48.389699271684265 ], [ -123.631562818081022, 48.38877621682294 ], [ -123.631924624553278, 48.387536412106989 ] ] ], [ [ [ -123.484943807724946, 48.44147220822861 ], [ -123.477247221966593, 48.440076279415941 ], [ -123.485570865653344, 48.441209594195179 ], [ -123.497792207541721, 48.43895479719383 ], [ -123.484943807724946, 48.44147220822861 ] ] ], [ [ [ -123.470166150464337, 48.447821221948452 ], [ -123.473007195743108, 48.447453452269343 ], [ -123.473221699736811, 48.446875773172756 ], [ -123.470641862040637, 48.445225872655236 ], [ -123.472989475565768, 48.446127989687213 ], [ -123.473831649099651, 48.447456039189518 ], [ -123.470035429757729, 48.449138872547373 ], [ -123.469384581710671, 48.450598139926292 ], [ -123.4693899113323, 48.449333919228593 ], [ -123.47090417586378, 48.448534666630515 ], [ -123.470166150464337, 48.447821221948452 ] ] ], [ [ [ -123.659218200967956, 48.394912960909991 ], [ -123.666066312922823, 48.391308083818295 ], [ -123.671698339809936, 48.39106401200408 ], [ -123.674596886865018, 48.391695950462775 ], [ -123.666048360251878, 48.391568571153627 ], [ -123.662776741063055, 48.393970762290877 ], [ -123.659218200967956, 48.394912960909991 ] ] ], [ [ [ -123.646256529921445, 48.386151403614917 ], [ -123.647900560036817, 48.386547395839671 ], [ -123.651635265617074, 48.389660575326054 ], [ -123.652558623438054, 48.391372725609308 ], [ -123.652160178596375, 48.393323237653142 ], [ -123.652681897061228, 48.394023206927415 ], [ -123.651788530517223, 48.393514690180552 ], [ -123.652185951050797, 48.391541685474628 ], [ -123.651247137828719, 48.389701095153242 ], [ -123.646256529921445, 48.386151403614917 ] ] ], [ [ [ -123.528730227646761, 48.431894235016308 ], [ -123.53083152808702, 48.428978715408654 ], [ -123.531402117690774, 48.429089877666208 ], [ -123.529324193707922, 48.432281181993098 ], [ -123.526764400811928, 48.433500929542859 ], [ -123.525896203708427, 48.433504074975936 ], [ -123.528730227646761, 48.431894235016308 ] ] ], [ [ [ -123.538722660067066, 48.410780969374137 ], [ -123.535389840326474, 48.419501322841072 ], [ -123.535032308827255, 48.419431750626075 ], [ -123.538722660067066, 48.410780969374137 ] ] ], [ [ [ -123.639784830510408, 48.38994364414188 ], [ -123.633845763495955, 48.389838972013955 ], [ -123.639303025147512, 48.389851176398949 ], [ -123.640934735617108, 48.388085710491453 ], [ -123.644714044805951, 48.385827352172491 ], [ -123.639784830510408, 48.38994364414188 ] ] ], [ [ [ -123.45510797805521, 48.460680550587668 ], [ -123.45787570280585, 48.45929697423 ], [ -123.463841817719469, 48.458349710137007 ], [ -123.45510797805521, 48.460680550587668 ] ] ], [ [ [ -123.468429345194153, 48.440018689345642 ], [ -123.467153654748088, 48.440831995882156 ], [ -123.468215055125015, 48.439818868481986 ], [ -123.470967782336032, 48.438719870201624 ], [ -123.477145581793494, 48.439811520503866 ], [ -123.470871414017267, 48.439179502461123 ], [ -123.468429345194153, 48.440018689345642 ] ] ], [ [ [ -123.546255956161602, 48.404719098407419 ], [ -123.548744592321924, 48.402912066445047 ], [ -123.547124334073018, 48.40463652742288 ], [ -123.541969194876529, 48.40571250066337 ], [ -123.540056364766684, 48.407462241603774 ], [ -123.541471294462511, 48.405640822059276 ], [ -123.546255956161602, 48.404719098407419 ] ] ], [ [ [ -123.514373318841663, 48.435754823271978 ], [ -123.52571589728224, 48.4338172382827 ], [ -123.514215079971592, 48.436040089947831 ], [ -123.514373318841663, 48.435754823271978 ] ] ], [ [ [ -123.468893058167922, 48.454888093150167 ], [ -123.470319619323178, 48.452237775985893 ], [ -123.469810249764748, 48.450617929703554 ], [ -123.470546714432203, 48.452789055533991 ], [ -123.468620490130164, 48.45578218587017 ], [ -123.466259539870478, 48.457702675648846 ], [ -123.468893058167922, 48.454888093150167 ] ] ], [ [ [ -123.549887014245314, 48.382405956707601 ], [ -123.546558986548447, 48.376916876616001 ], [ -123.546769767153151, 48.376655297439775 ], [ -123.549571413141038, 48.380211983586321 ], [ -123.549887014245314, 48.382405956707601 ] ] ], [ [ [ -123.552844996913791, 48.392602460093514 ], [ -123.552786564986249, 48.395392116093198 ], [ -123.550929464224538, 48.398964270272309 ], [ -123.552414931491185, 48.395371236912894 ], [ -123.552844996913791, 48.392602460093514 ] ] ], [ [ [ -123.552839592371242, 48.392350005055306 ], [ -123.550651546645724, 48.386544195320404 ], [ -123.553206006797282, 48.392292478241593 ], [ -123.552839592371242, 48.392350005055306 ] ] ], [ [ [ -123.548623064595844, 48.366679663562167 ], [ -123.548532527839555, 48.368510012110868 ], [ -123.545920653623597, 48.37131982486477 ], [ -123.548229536570204, 48.368287846276097 ], [ -123.548623064595844, 48.366679663562167 ] ] ], [ [ [ -123.533923407410725, 48.42195211164718 ], [ -123.535314037276962, 48.419674625001946 ], [ -123.532736254529894, 48.424647931606316 ], [ -123.533923407410725, 48.42195211164718 ] ] ], [ [ [ -123.70381808887673, 48.405907274577388 ], [ -123.699969178859888, 48.403513001820649 ], [ -123.699691569008124, 48.402976815529676 ], [ -123.70381808887673, 48.405907274577388 ] ] ], [ [ [ -123.655849379209641, 48.39567934767841 ], [ -123.652894958666678, 48.394416910437315 ], [ -123.656750181062208, 48.395672799685705 ], [ -123.659146502969406, 48.395295462065569 ], [ -123.657558035850741, 48.395926168879484 ], [ -123.655849379209641, 48.39567934767841 ] ] ], [ [ [ -123.507510322903116, 48.437083369139515 ], [ -123.513982920892531, 48.435832451537514 ], [ -123.507455417008899, 48.43733749536532 ], [ -123.507510322903116, 48.437083369139515 ] ] ], [ [ [ -123.42390368034367, 48.465000289035274 ], [ -123.421183452266206, 48.464443457613498 ], [ -123.418270003094463, 48.464889786593695 ], [ -123.416755320952674, 48.464721550288701 ], [ -123.421062895986765, 48.46425417881705 ], [ -123.42390368034367, 48.465000289035274 ] ] ], [ [ [ -123.550578317662925, 48.398885180663228 ], [ -123.549961083569556, 48.400731200280909 ], [ -123.548473493586513, 48.402696294321373 ], [ -123.549972250976055, 48.400000043327481 ], [ -123.550578317662925, 48.398885180663228 ] ] ], [ [ [ -123.550216805112413, 48.386211706732752 ], [ -123.549511496997368, 48.382393866335683 ], [ -123.55061086517297, 48.386324016507359 ], [ -123.550216805112413, 48.386211706732752 ] ] ], [ [ [ -123.4368963986268, 48.464183146566832 ], [ -123.435867433515156, 48.46370701486034 ], [ -123.437463568292472, 48.464012775525738 ], [ -123.440420659460415, 48.463640081801984 ], [ -123.440950765616478, 48.463894432830905 ], [ -123.4368963986268, 48.464183146566832 ] ] ], [ [ [ -123.467852839868698, 48.443824129027156 ], [ -123.466677067292622, 48.44264047153171 ], [ -123.46702394343508, 48.441037054751 ], [ -123.467852839868698, 48.443824129027156 ] ] ], [ [ [ -123.498103049920616, 48.438868278649529 ], [ -123.502397014533543, 48.438054798917712 ], [ -123.497931643342596, 48.439159811742513 ], [ -123.498103049920616, 48.438868278649529 ] ] ], [ [ [ -123.446118122726787, 48.464689791475898 ], [ -123.445527978748103, 48.464103383039834 ], [ -123.443617460745543, 48.464173053783597 ], [ -123.441176128976963, 48.46366427076245 ], [ -123.445250561718609, 48.46393103799123 ], [ -123.4457066872544, 48.464070458717302 ], [ -123.446118122726787, 48.464689791475898 ] ] ], [ [ [ -123.53233471371361, 48.426100786621539 ], [ -123.53126382236853, 48.428874544888487 ], [ -123.53090809502045, 48.428805084586955 ], [ -123.53212326517702, 48.426045125608923 ], [ -123.53233471371361, 48.426100786621539 ] ] ], [ [ [ -123.544878232357149, 48.37479172730869 ], [ -123.544979764971103, 48.374059244088464 ], [ -123.546389145644994, 48.376702280713673 ], [ -123.544878232357149, 48.37479172730869 ] ] ], [ [ [ -123.538837875478322, 48.410490411490443 ], [ -123.539983865260851, 48.407634445263149 ], [ -123.540336555534566, 48.407682185860828 ], [ -123.538837875478322, 48.410490411490443 ] ] ], [ [ [ -123.54489797552128, 48.372728129772987 ], [ -123.546186667175618, 48.371529937198275 ], [ -123.544607538954907, 48.373810049664392 ], [ -123.54489797552128, 48.372728129772987 ] ] ], [ [ [ -123.44630574078208, 48.46485033928527 ], [ -123.454445531072182, 48.461172176131868 ], [ -123.454016399123688, 48.461870850334364 ], [ -123.448022597878278, 48.464417248394369 ], [ -123.44630574078208, 48.46485033928527 ] ] ], [ [ [ -123.468081255266355, 48.444056127337639 ], [ -123.468914771711582, 48.444573824225621 ], [ -123.470277723719065, 48.445096846995419 ], [ -123.468810956923107, 48.444828332577231 ], [ -123.468081255266355, 48.444056127337639 ] ] ], [ [ [ -123.427699620370646, 48.464454896453105 ], [ -123.426627845052778, 48.465248155172304 ], [ -123.425385782500314, 48.46555387172598 ], [ -123.425359255995318, 48.46537206825591 ], [ -123.427699620370646, 48.464454896453105 ] ] ], [ [ [ -123.532470327825237, 48.426135743064599 ], [ -123.53212326517702, 48.426045125608923 ], [ -123.533017033600245, 48.424894637846634 ], [ -123.532470660004407, 48.426135840981374 ], [ -123.532470327825237, 48.426135743064599 ] ] ], [ [ [ -123.699446815441661, 48.403300132721917 ], [ -123.698053366963848, 48.402399614555002 ], [ -123.698337943482187, 48.402179411480141 ], [ -123.699446815441661, 48.403300132721917 ] ] ], [ [ [ -123.505318474017002, 48.437504839030815 ], [ -123.507253395769325, 48.437132769758975 ], [ -123.505373611473445, 48.437738426832766 ], [ -123.505318474017002, 48.437504839030815 ] ] ], [ [ [ -123.465066976721843, 48.458027572514823 ], [ -123.464081953135121, 48.45793296150233 ], [ -123.465906650486403, 48.457537018930552 ], [ -123.465066976721843, 48.458027572514823 ] ] ], [ [ [ -123.423995261255271, 48.465364382911453 ], [ -123.425086423096843, 48.465376457983766 ], [ -123.425114651924218, 48.465557978286732 ], [ -123.423995261255271, 48.465364382911453 ] ] ], [ [ [ -123.416617695218989, 48.464434299468934 ], [ -123.415758300226173, 48.464295954532318 ], [ -123.415869550099515, 48.464084395485017 ], [ -123.416617695218989, 48.464434299468934 ] ] ] ] } },
{ "type": "Feature", "properties": { "name": "Roche Cove Regional Park", "kind": "Regional" }, "geometry": { "type": "MultiPolygon", "coordinates": [ [ [ [ -123.626760964734331, 48.378287477092712 ], [ -123.608891834968773, 48.371491529647379 ], [ -123.612809996965382, 48.367021439027106 ], [ -123.617689628437418, 48.368168414197179 ], [ -123.620627577535487, 48.370204389751194 ], [ -123.62586745512624, 48.372445408074178 ], [ -123.632052484757111, 48.373668784038813 ], [ -123.633304309894783, 48.374664133087812 ], [ -123.631333567486848, 48.375865128670874 ], [ -123.62707965779336, 48.376021010550289 ], [ -123.626760964734331, 48.378287477092712 ] ] ], [ [ [ -123.627489521049824, 48.372296766019709 ], [ -123.620819005068768, 48.369990579845734 ], [ -123.618782630977734, 48.36809129388336 ], [ -123.613031480576467, 48.366767540578749 ], [ -123.614417538497506, 48.365182401427091 ], [ -123.602514615403067, 48.360620432314974 ], [ -123.604040921459941, 48.358793664053813 ], [ -123.609173237304063, 48.361322472334557 ], [ -123.617184050562074, 48.358900053987803 ], [ -123.617029528203346, 48.366158321673794 ], [ -123.627007480100119, 48.369901866425515 ], [ -123.626480291317762, 48.370403794444243 ], [ -123.623504971716656, 48.370015098463 ], [ -123.623743286048509, 48.370733547646033 ], [ -123.627489521049824, 48.372296766019709 ] ] ], [ [ [ -123.634115450890036, 48.37460702937863 ], [ -123.633880189256331, 48.373539167033528 ], [ -123.632837276135234, 48.373057196790555 ], [ -123.632960111926124, 48.372049882502935 ], [ -123.637013678992048, 48.373755681670694 ], [ -123.635118983393411, 48.374503884557662 ], [ -123.63575909806967, 48.37494117810509 ], [ -123.635619567038276, 48.37570792709392 ], [ -123.633614300751248, 48.375781154824701 ], [ -123.634115450890036, 48.37460702937863 ] ] ], [ [ [ -123.631815253998226, 48.373256243365418 ], [ -123.628070981755698, 48.372561688688243 ], [ -123.628102742827551, 48.372366379305319 ], [ -123.631061738202462, 48.372915805016497 ], [ -123.631000062766191, 48.37229537351503 ], [ -123.63276760232678, 48.371977623441879 ], [ -123.632593212090796, 48.373139512947724 ], [ -123.633961525703327, 48.374434961231714 ], [ -123.631815253998226, 48.373256243365418 ] ] ], [ [ [ -123.633301514408018, 48.374848683516923 ], [ -123.633203701491524, 48.375796197199492 ], [ -123.63163402455271, 48.375854128799787 ], [ -123.631812601855145, 48.375683560935663 ], [ -123.633301514408018, 48.374848683516923 ] ] ] ] } },
{ "type": "Feature", "properties": { "name": "Sooke Hills Wilderness Regional Park", "kind": "Regional" }, "geometry": { "type": "MultiPolygon", "coordinates": [ [ [ [ -123.63205660017347, 48.483748189095557 ], [ -123.625994811953703, 48.483785821007459 ], [ -123.621906580930727, 48.48218860986271 ], [ -123.621535442237843, 48.481196511703921 ], [ -123.62299966794096, 48.478350196837525 ], [ -123.6209672982516, 48.476777780461163 ], [ -123.62066778807241, 48.474305366732544 ], [ -123.619430843427082, 48.473317916071657 ], [ -123.617868656812576, 48.468904531256399 ], [ -123.616255144219849, 48.467244329466276 ], [ -123.613929972896145, 48.466649497434041 ], [ -123.610123324762057, 48.468154160217416 ], [ -123.612342376422205, 48.470292539055727 ], [ -123.612045580503121, 48.471027338490956 ], [ -123.610996343588852, 48.471217337429835 ], [ -123.609687258763032, 48.470783450734743 ], [ -123.608993985122169, 48.469167747944851 ], [ -123.604505575812297, 48.466586923901346 ], [ -123.602214672149444, 48.466693399256819 ], [ -123.600224011267684, 48.465624209185343 ], [ -123.600751957200032, 48.463927410766807 ], [ -123.569484772596724, 48.456352849881746 ], [ -123.570383788661999, 48.454655685008177 ], [ -123.560090797282029, 48.452238355943805 ], [ -123.55869919320773, 48.454860425345416 ], [ -123.558588995084477, 48.453828106671835 ], [ -123.554213010383947, 48.452801821921526 ], [ -123.554501553594235, 48.452335506396253 ], [ -123.554313025888931, 48.45158052564544 ], [ -123.553403466586019, 48.450880966115484 ], [ -123.553594554818233, 48.44912476013161 ], [ -123.552561046498838, 48.447843864154109 ], [ -123.554256616978734, 48.447986948756949 ], [ -123.555555292808862, 48.445930946088133 ], [ -123.558035006502365, 48.445167563240481 ], [ -123.559330076858942, 48.441180320788867 ], [ -123.560332327036448, 48.441220364944783 ], [ -123.56176002895738, 48.437683732361727 ], [ -123.566365069610129, 48.439132896106265 ], [ -123.580601364567556, 48.439421180751147 ], [ -123.580638851764093, 48.41939392640996 ], [ -123.585552462675082, 48.416316207051572 ], [ -123.586284590437415, 48.416584931463539 ], [ -123.591476544300548, 48.410234678705727 ], [ -123.623219578225701, 48.410329139017733 ], [ -123.623243733865863, 48.439501231469784 ], [ -123.611906820985183, 48.439513672280846 ], [ -123.61192282802422, 48.446756712067149 ], [ -123.625320233080089, 48.446580145730913 ], [ -123.625353519129334, 48.459958906750302 ], [ -123.6321922277574, 48.457736748133847 ], [ -123.633182506194927, 48.471412506080767 ], [ -123.650961303605754, 48.471336453403033 ], [ -123.650992233366708, 48.500306933040697 ], [ -123.641306948520295, 48.50033621282428 ], [ -123.638970826169682, 48.498783624124407 ], [ -123.637204594769173, 48.496175438125505 ], [ -123.638344343085606, 48.495112040660459 ], [ -123.640293887308658, 48.489869753529725 ], [ -123.634035905493477, 48.488069109917319 ], [ -123.63385997189269, 48.485083245630861 ], [ -123.63205660017347, 48.483748189095557 ] ] ], [ [ [ -123.587301153493783, 48.522007089055045 ], [ -123.587191947998761, 48.514801894540184 ], [ -123.58174821461354, 48.514789905844836 ], [ -123.58178172660341, 48.507559172764125 ], [ -123.570909898426606, 48.507537196172308 ], [ -123.570949713172581, 48.496685285448201 ], [ -123.565508745417006, 48.496674336117067 ], [ -123.565564656758241, 48.489435253850097 ], [ -123.558731292405255, 48.489408259658568 ], [ -123.558286442177391, 48.483613494286196 ], [ -123.555135059221499, 48.480704127750911 ], [ -123.553156639603685, 48.477746123197363 ], [ -123.554720833965831, 48.473843639071873 ], [ -123.557888247426646, 48.471811205723149 ], [ -123.557510828463833, 48.467766008221155 ], [ -123.558417656577035, 48.466614466977653 ], [ -123.560795478837022, 48.465599388337644 ], [ -123.564463687380552, 48.46557147469283 ], [ -123.569438775652898, 48.464106359617098 ], [ -123.580497176977815, 48.466692332822596 ], [ -123.582073788884045, 48.47301810709908 ], [ -123.586749441101077, 48.476889844230421 ], [ -123.588048506840124, 48.478983899812548 ], [ -123.588463037833336, 48.482395942630475 ], [ -123.587073288550044, 48.484251815806637 ], [ -123.587256279774806, 48.485303473056966 ], [ -123.585981456505834, 48.485912737875573 ], [ -123.585962089008802, 48.486470615336174 ], [ -123.597527609704784, 48.48898415373997 ], [ -123.598702655022777, 48.489891180522804 ], [ -123.596853056833709, 48.492410799302363 ], [ -123.599106066354025, 48.493941994727436 ], [ -123.599908780533241, 48.498665463439004 ], [ -123.597666271449995, 48.50139405518614 ], [ -123.596155231177534, 48.502157593747221 ], [ -123.596156270485423, 48.502751350849529 ], [ -123.605776938901514, 48.505872379550318 ], [ -123.607757459946427, 48.505807955568677 ], [ -123.610836379182444, 48.50775738715123 ], [ -123.616040783987145, 48.509492956471867 ], [ -123.614678410412992, 48.512680486785989 ], [ -123.614596545767029, 48.514799584564777 ], [ -123.61039532112774, 48.515069338806882 ], [ -123.608031000806534, 48.517461409104065 ], [ -123.605067910051815, 48.518741014880845 ], [ -123.602791809013127, 48.520579234163449 ], [ -123.60250271805505, 48.522052571608661 ], [ -123.587301153493783, 48.522007089055045 ] ] ], [ [ [ -123.580650478479257, 48.41790981354648 ], [ -123.58067680639806, 48.41452613217492 ], [ -123.584097937717715, 48.415782291622691 ], [ -123.580650478479257, 48.41790981354648 ] ] ], [ [ [ -123.552353760206572, 48.451381254846048 ], [ -123.554065062908876, 48.451446831429898 ], [ -123.554376852800672, 48.452280428322098 ], [ -123.554258347844481, 48.452225357877893 ], [ -123.552353760206572, 48.451381254846048 ] ] ], [ [ [ -123.55254215049996, 48.451012790170353 ], [ -123.553372721757725, 48.449388326363433 ], [ -123.553177925219615, 48.451027450023723 ], [ -123.55254215049996, 48.451012790170353 ] ] ] ] } },
{ "type": "Feature", "properties": { "name": "Sooke Potholes Regional Park", "kind": "Regional" }, "geometry": { "type": "MultiPolygon", "coordinates": [ [ [ [ -123.723795992042312, 48.475590771091767 ], [ -123.727546452266282, 48.475481637569047 ], [ -123.729057612887544, 48.474780968350125 ], [ -123.729719502591578, 48.469528395196406 ], [ -123.729135104763486, 48.475817058308358 ], [ -123.725671157500244, 48.475839045655349 ], [ -123.718291317942118, 48.4784492593324 ], [ -123.717664129327602, 48.47931233628487 ], [ -123.7179384919706, 48.481705048268729 ], [ -123.71736110548828, 48.482340883802159 ], [ -123.717635116771703, 48.478646231002578 ], [ -123.723795992042312, 48.475590771091767 ] ] ], [ [ [ -123.736822570416166, 48.463700579469545 ], [ -123.738169386376427, 48.461861227401684 ], [ -123.737851988056164, 48.460143326917084 ], [ -123.739033984197135, 48.45994466706324 ], [ -123.740088033228275, 48.463248889917843 ], [ -123.737908643753002, 48.463145930959065 ], [ -123.736822570416166, 48.463700579469545 ] ] ], [ [ [ -123.714523846242557, 48.48673359570077 ], [ -123.715054732549632, 48.484740547445618 ], [ -123.715513236813806, 48.484136307027995 ], [ -123.716830345601977, 48.48288106129624 ], [ -123.71608855587111, 48.48604416628968 ], [ -123.714523846242557, 48.48673359570077 ] ] ], [ [ [ -123.719754671652268, 48.442384165089614 ], [ -123.718159220103857, 48.441221991913153 ], [ -123.719527290963015, 48.440714427765926 ], [ -123.721126466949642, 48.442172318989122 ], [ -123.719754671652268, 48.442384165089614 ] ] ], [ [ [ -123.71498789732621, 48.436198228490937 ], [ -123.716627037677668, 48.435998142790936 ], [ -123.716595468482055, 48.437380995066079 ], [ -123.71498789732621, 48.436198228490937 ] ] ], [ [ [ -123.734725484095151, 48.454762797057256 ], [ -123.732509622501325, 48.452361254659706 ], [ -123.735068581635744, 48.454582027604673 ], [ -123.734725484095151, 48.454762797057256 ] ] ] ] } },
{ "type": "Feature", "properties": { "name": "Sea To Sea Regional Park", "kind": "Regional" }, "geometry": { "type": "MultiPolygon", "coordinates": [ [ [ [ -123.644747505052607, 48.428236059341451 ], [ -123.65049849734703, 48.410285201017132 ], [ -123.647817163811709, 48.405954710524469 ], [ -123.65267472442271, 48.404280147016152 ], [ -123.657670351137725, 48.404090158393728 ], [ -123.662877178668367, 48.397699368432335 ], [ -123.665606612147641, 48.397161952246243 ], [ -123.667619109629584, 48.400328309438216 ], [ -123.665905157637383, 48.397269839444299 ], [ -123.666965914426925, 48.396986725806997 ], [ -123.668783690406784, 48.400007149926957 ], [ -123.67805631929626, 48.397532937861506 ], [ -123.684494339379867, 48.408510201504285 ], [ -123.688093593622852, 48.413392148150677 ], [ -123.688021164789049, 48.428245753907362 ], [ -123.644747505052607, 48.428236059341451 ] ] ], [ [ [ -123.69988555396165, 48.417694267360694 ], [ -123.699939617700636, 48.413207077823266 ], [ -123.705866330380204, 48.411724299374704 ], [ -123.704774746087764, 48.413827001262703 ], [ -123.70512174397804, 48.414817558850075 ], [ -123.706477107631983, 48.415611910845904 ], [ -123.709503668652019, 48.415916256468989 ], [ -123.711024596490631, 48.417627581232367 ], [ -123.69988555396165, 48.417694267360694 ] ] ], [ [ [ -123.710660582757058, 48.41623453958691 ], [ -123.705927143881723, 48.414591136685118 ], [ -123.70543825741666, 48.413805093690456 ], [ -123.706290649278458, 48.411618583454434 ], [ -123.708341243568043, 48.41110573594915 ], [ -123.709844215315513, 48.412442288174901 ], [ -123.711015455491264, 48.414210349360623 ], [ -123.709714611039999, 48.414374171564312 ], [ -123.709942043603434, 48.414870684527884 ], [ -123.711925449641782, 48.414890213624261 ], [ -123.712402150216477, 48.417618280298775 ], [ -123.711690969178193, 48.417623088894921 ], [ -123.710660582757058, 48.41623453958691 ] ] ], [ [ [ -123.652248269008467, 48.393322631551847 ], [ -123.652923350000123, 48.393748102877012 ], [ -123.655153071084385, 48.394712201243024 ], [ -123.652681897061228, 48.394023206927415 ], [ -123.652248269008467, 48.393322631551847 ] ] ] ] } },
{ "type": "Feature", "properties": { "name": "Land Owned For Future Inclusion In Sooke Hills Wilderness Regional Park", "kind": "Regional" }, "geometry": { "type": "MultiPolygon", "coordinates": [ [ [ [ -123.572098502973546, 48.516387345545638 ], [ -123.572684468454796, 48.515986985181748 ], [ -123.573018262945894, 48.517139293415831 ], [ -123.575284435684424, 48.518974661808222 ], [ -123.579026780457909, 48.525977929524018 ], [ -123.578598300754649, 48.526096213030051 ], [ -123.576436496872873, 48.522700188254731 ], [ -123.574916161334542, 48.519101933915934 ], [ -123.572098502973546, 48.516387345545638 ] ] ], [ [ [ -123.578740804115981, 48.531703294144087 ], [ -123.581172559105681, 48.531632750829388 ], [ -123.581103508469326, 48.527530557042105 ], [ -123.581519990279901, 48.527582125959114 ], [ -123.581586075102109, 48.531899589870832 ], [ -123.578740804115981, 48.531703294144087 ] ] ], [ [ [ -123.578986714353405, 48.536064866979238 ], [ -123.579175883624643, 48.532412961565051 ], [ -123.579257585316981, 48.536062768764722 ], [ -123.578986714353405, 48.536064866979238 ] ] ], [ [ [ -123.5791862455998, 48.5264075080715 ], [ -123.581519961445238, 48.527005497052563 ], [ -123.581520082738294, 48.527280119112383 ], [ -123.5791862455998, 48.5264075080715 ] ] ] ] } },
{ "type": "Feature", "properties": { "name": "Matheson Lake Regional Park", "kind": "Regional" }, "geometry": { "type": "MultiPolygon", "coordinates": [ [ [ [ -123.613027814989152, 48.366766483877292 ], [ -123.606754201592821, 48.365249968080526 ], [ -123.601035340925407, 48.36627367806819 ], [ -123.597882002452664, 48.365830563940769 ], [ -123.593279108914388, 48.363913761903049 ], [ -123.592011937185561, 48.360095585821419 ], [ -123.588794095188135, 48.358456336938332 ], [ -123.590731845759251, 48.356308418174912 ], [ -123.614417538497506, 48.365182401427091 ], [ -123.613027814989152, 48.366766483877292 ] ] ], [ [ [ -123.608891834968773, 48.371491529647379 ], [ -123.585202475813347, 48.362469966858256 ], [ -123.588601961930934, 48.35866933068678 ], [ -123.5916933580788, 48.360221708353251 ], [ -123.593164944618849, 48.364274712274742 ], [ -123.597683958888908, 48.366086462409775 ], [ -123.601066321812638, 48.366519664183286 ], [ -123.606720925295363, 48.365494678140955 ], [ -123.612809996965382, 48.367021439027106 ], [ -123.608891834968773, 48.371491529647379 ] ] ] ] } },
{ "type": "Feature", "properties": { "name": "Thetis Lake Regional Park", "kind": "Regional" }, "geometry": { "type": "MultiPolygon", "coordinates": [ [ [ [ -123.453240283159133, 48.489765907233568 ], [ -123.453407966607713, 48.47444224609395 ], [ -123.459157346121827, 48.474504291540761 ], [ -123.453819861682632, 48.469394076562672 ], [ -123.45358933783244, 48.468235491734525 ], [ -123.454315734798485, 48.466170392473984 ], [ -123.452298898955902, 48.465638173925186 ], [ -123.453824678139355, 48.465746191377598 ], [ -123.453734475134809, 48.464783182717312 ], [ -123.454266548064439, 48.464700501378459 ], [ -123.454174113928332, 48.465725704986419 ], [ -123.455258151904118, 48.466695485799157 ], [ -123.454678612722844, 48.466963562281961 ], [ -123.459805068634054, 48.468198779479224 ], [ -123.459215215171355, 48.466638985195722 ], [ -123.456891455567288, 48.464761466711614 ], [ -123.456698177062748, 48.462470323014614 ], [ -123.457747345448368, 48.461783497365516 ], [ -123.465394555468464, 48.461766954342551 ], [ -123.465965716653827, 48.462754873425979 ], [ -123.467734500286056, 48.462347732536536 ], [ -123.468970621557389, 48.464169616474486 ], [ -123.47216641309754, 48.462873524273554 ], [ -123.477265607911477, 48.465266038974882 ], [ -123.480803339535484, 48.465251998039065 ], [ -123.483375962742926, 48.464339171474329 ], [ -123.484791277875559, 48.465424693302644 ], [ -123.484844563794795, 48.466651732020274 ], [ -123.485683893707701, 48.467200131610063 ], [ -123.484703419326337, 48.467727698250528 ], [ -123.484883164755885, 48.471301745555905 ], [ -123.497632350084643, 48.47132862340699 ], [ -123.497327146559513, 48.489517590092774 ], [ -123.492780970953575, 48.488478088447351 ], [ -123.490338394354694, 48.488443092056833 ], [ -123.490640613403158, 48.487287015087738 ], [ -123.489130868247202, 48.486839375953906 ], [ -123.487595675232157, 48.48455683649582 ], [ -123.488306786843552, 48.482035355520622 ], [ -123.456363884615797, 48.481792589689029 ], [ -123.456306575943017, 48.489810456062848 ], [ -123.453240283159133, 48.489765907233568 ] ] ], [ [ [ -123.490260715039341, 48.515206708185765 ], [ -123.490250749206098, 48.514253726155779 ], [ -123.489386616985001, 48.514257911520168 ], [ -123.489365962768105, 48.507898399994694 ], [ -123.486400104138809, 48.507892272808313 ], [ -123.486395919216434, 48.502179000495246 ], [ -123.481216986102311, 48.500514023620475 ], [ -123.480010488647409, 48.501068148364844 ], [ -123.478051265505584, 48.500617118104941 ], [ -123.480349056421986, 48.500372168995554 ], [ -123.482899549931432, 48.488572105299632 ], [ -123.483113366802002, 48.48892702234609 ], [ -123.484530209384744, 48.488694806884808 ], [ -123.48475904917818, 48.489203938293407 ], [ -123.485221952183309, 48.489349529786686 ], [ -123.487669623847125, 48.488645112517268 ], [ -123.492721604940996, 48.488548926428862 ], [ -123.497326659119977, 48.489599702465775 ], [ -123.497404731310809, 48.494052186185229 ], [ -123.510894702960144, 48.497066551524483 ], [ -123.510578952070418, 48.497475178874076 ], [ -123.497314402006609, 48.494912239652194 ], [ -123.496829709263224, 48.495385044018505 ], [ -123.498845528139057, 48.495764186301784 ], [ -123.498342464369031, 48.496430861465036 ], [ -123.495220943215557, 48.498182001587296 ], [ -123.491878574610936, 48.498717941202216 ], [ -123.497372496630504, 48.500352846392637 ], [ -123.497371888267466, 48.503511596336224 ], [ -123.49234173274796, 48.50194356860618 ], [ -123.491690184521431, 48.502812707108269 ], [ -123.492136098800444, 48.503636675196688 ], [ -123.489882927218446, 48.505626849891797 ], [ -123.489697742516185, 48.506429665761118 ], [ -123.490811788252856, 48.507211045610326 ], [ -123.490080577084356, 48.507883890173645 ], [ -123.494716422916909, 48.507808055966024 ], [ -123.494859705418492, 48.513783529039195 ], [ -123.491660106823844, 48.513818796381166 ], [ -123.490260715039341, 48.515206708185765 ] ] ], [ [ [ -123.484437946593118, 48.488607905482432 ], [ -123.483036703956159, 48.488503840536353 ], [ -123.490029793083153, 48.488532355748838 ], [ -123.487668482582833, 48.48857412378262 ], [ -123.48524502007912, 48.489267709070944 ], [ -123.484437946593118, 48.488607905482432 ] ] ], [ [ [ -123.490265950880925, 48.515708950690858 ], [ -123.490870892756845, 48.516716162389109 ], [ -123.490278962792004, 48.516953950096593 ], [ -123.490265950880925, 48.515708950690858 ] ] ], [ [ [ -123.466464150788184, 48.46255150628452 ], [ -123.46705851421585, 48.461918883586833 ], [ -123.467302830742511, 48.462290074813602 ], [ -123.466464150788184, 48.46255150628452 ] ] ] ] } },
{ "type": "Feature", "properties": { "name": "North View Nature Reserve", "kind": "Regional" }, "geometry": { "type": "Polygon", "coordinates": [ [ [ -123.577139290204499, 48.928386861543594 ], [ -123.576618085633925, 48.926203352843132 ], [ -123.579126229818584, 48.926290533122817 ], [ -123.580571464712776, 48.92334050009751 ], [ -123.580588685650753, 48.928028358311018 ], [ -123.577139290204499, 48.928386861543594 ] ] ] } },
{ "type": "Feature", "properties": { "name": "East Sooke Regional Park", "kind": "Regional" }, "geometry": { "type": "MultiPolygon", "coordinates": [ [ [ [ -123.669577965135247, 48.362758142553908 ], [ -123.66580889596743, 48.361510488781519 ], [ -123.665773434232037, 48.360561870193983 ], [ -123.663266221560676, 48.360582286676213 ], [ -123.663254359837183, 48.361371398548592 ], [ -123.658642009701211, 48.357956145234311 ], [ -123.657784168884362, 48.3579346889954 ], [ -123.657911057948894, 48.35384663142635 ], [ -123.663328478134005, 48.353944587784433 ], [ -123.663422064088692, 48.349446069591224 ], [ -123.660165996370594, 48.34940495887939 ], [ -123.660248015323972, 48.342144341921426 ], [ -123.648753698345587, 48.34196126402253 ], [ -123.648898336854089, 48.34934375880291 ], [ -123.63805834378033, 48.349234380415396 ], [ -123.638781917340324, 48.34855066349369 ], [ -123.63795880878682, 48.346818952470045 ], [ -123.638082647685025, 48.341930847783125 ], [ -123.646143583060237, 48.341947580203311 ], [ -123.649009624908004, 48.340154391991625 ], [ -123.649442472128101, 48.334966990885434 ], [ -123.645567306736964, 48.334864646285922 ], [ -123.645778919232839, 48.327575414039785 ], [ -123.634577777540329, 48.327403087313563 ], [ -123.632597190913188, 48.326796538352383 ], [ -123.631713678463328, 48.32579521499224 ], [ -123.630144859912292, 48.326301795563147 ], [ -123.62933106648957, 48.325946726998126 ], [ -123.630131649836528, 48.325204468074766 ], [ -123.631810073095835, 48.325399782453289 ], [ -123.635508454392095, 48.324498082046745 ], [ -123.636902832156309, 48.322708997985792 ], [ -123.635850209696557, 48.321608023786538 ], [ -123.637483203713344, 48.319484948187096 ], [ -123.637854835874379, 48.316819825615561 ], [ -123.638887636288487, 48.316364451264789 ], [ -123.642499050452045, 48.317180764459764 ], [ -123.646592868290568, 48.314486016877744 ], [ -123.650451980438319, 48.313564602350013 ], [ -123.654488344403617, 48.313856490843662 ], [ -123.652729698727839, 48.315558020110778 ], [ -123.654493162959938, 48.316348380898368 ], [ -123.654338879407334, 48.316889228963923 ], [ -123.661613777637456, 48.318332130768241 ], [ -123.662003431118151, 48.319229392815416 ], [ -123.665338044420267, 48.319462305976799 ], [ -123.666378830511448, 48.320625519779703 ], [ -123.667654806163625, 48.320258511961875 ], [ -123.667056158414681, 48.320882882218726 ], [ -123.668179474113529, 48.321146290131608 ], [ -123.66647629637923, 48.321893764048212 ], [ -123.668527563962215, 48.321989502077749 ], [ -123.66869555217292, 48.323464042910501 ], [ -123.670697349266561, 48.321806031220085 ], [ -123.670981130410198, 48.322866269279821 ], [ -123.669638471394222, 48.323314761264413 ], [ -123.671038799179072, 48.323162751286283 ], [ -123.671913618316822, 48.324012103659555 ], [ -123.671015141074449, 48.324431351600538 ], [ -123.67158548480684, 48.324724912621782 ], [ -123.669761169895125, 48.325402299441379 ], [ -123.671220256290653, 48.325671705872473 ], [ -123.671366424306427, 48.326507661718551 ], [ -123.672440594006929, 48.327148942205142 ], [ -123.67365454324117, 48.327141782412845 ], [ -123.674145667093725, 48.328569699563324 ], [ -123.678664174920968, 48.330513216026034 ], [ -123.680258002630751, 48.329667315343663 ], [ -123.681548189709659, 48.330316295793928 ], [ -123.683985824491117, 48.332966007708045 ], [ -123.683568810599681, 48.333614954632459 ], [ -123.685736326022834, 48.335743391602513 ], [ -123.691372653442926, 48.335475818655176 ], [ -123.69115274701096, 48.336142543608261 ], [ -123.693518216977751, 48.336461513805645 ], [ -123.694488589789955, 48.337319179504192 ], [ -123.696079541356369, 48.337273475362259 ], [ -123.696244517183402, 48.338451070851939 ], [ -123.699521577928294, 48.338332500609923 ], [ -123.704776098528569, 48.339685733751303 ], [ -123.705991139172468, 48.338733567573954 ], [ -123.707030722019297, 48.338727345852803 ], [ -123.706391563114295, 48.337363773201162 ], [ -123.706803359803317, 48.336857425927853 ], [ -123.708625627916661, 48.336900052068742 ], [ -123.708374111998907, 48.338170296010091 ], [ -123.70903306477814, 48.338768108170619 ], [ -123.706339236141005, 48.341539588858161 ], [ -123.70650639954178, 48.350468647518944 ], [ -123.700133823674634, 48.355645253000588 ], [ -123.692965368108474, 48.355757364327083 ], [ -123.69285473209743, 48.36030837934161 ], [ -123.688509913485049, 48.361750763843162 ], [ -123.690281691182221, 48.360260437684524 ], [ -123.684501474949784, 48.360241982929587 ], [ -123.684511753737183, 48.355809681444676 ], [ -123.66327504889145, 48.35594821768747 ], [ -123.66321805230875, 48.358025979767341 ], [ -123.673509151380003, 48.358276284134668 ], [ -123.673515402157136, 48.360092996125864 ], [ -123.669507107578141, 48.36005471533884 ], [ -123.669577965135247, 48.362758142553908 ] ] ], [ [ [ -123.658852786202232, 48.359399936731322 ], [ -123.657729376613545, 48.359728087063857 ], [ -123.657779472077451, 48.358114692069336 ], [ -123.662509128325013, 48.361267973298197 ], [ -123.658852786202232, 48.359399936731322 ] ] ], [ [ [ -123.637997378824679, 48.34904074988583 ], [ -123.637970517651596, 48.347461077915526 ], [ -123.63851906097662, 48.348556622512412 ], [ -123.637997378824679, 48.34904074988583 ] ] ] ] } },
{ "type": "Feature", "properties": { "name": "Mount Wells Regional Park", "kind": "Regional" }, "geometry": { "type": "MultiPolygon", "coordinates": [ [ [ [ -123.554552132823304, 48.447764386766139 ], [ -123.551159316948201, 48.447333039655994 ], [ -123.555136432340504, 48.43977930806993 ], [ -123.543015859948596, 48.436836851262846 ], [ -123.546976925856384, 48.429704048040115 ], [ -123.55911329277825, 48.432884832043001 ], [ -123.556749478547147, 48.436274985775334 ], [ -123.561108484138231, 48.437500558946233 ], [ -123.55968200018593, 48.439248039441502 ], [ -123.558035006502365, 48.445167563240481 ], [ -123.555555292808862, 48.445930946088133 ], [ -123.554552132823304, 48.447764386766139 ] ] ], [ [ [ -123.551504574804738, 48.447670117113454 ], [ -123.551087474649947, 48.447472090181599 ], [ -123.552570856435366, 48.447918743066317 ], [ -123.551504574804738, 48.447670117113454 ] ] ] ] } },
{ "type": "Feature", "properties": { "name": "Lone Tree Hill Regional Park", "kind": "Regional" }, "geometry": { "type": "Polygon", "coordinates": [ [ [ -123.511349461581929, 48.522162932522761 ], [ -123.511252974853818, 48.514971360996832 ], [ -123.512078912041304, 48.514972259681379 ], [ -123.517122604873663, 48.518662009219597 ], [ -123.517674349820751, 48.519937737733841 ], [ -123.521485857759686, 48.522182681994963 ], [ -123.511349461581929, 48.522162932522761 ] ] ] } },
{ "type": "Feature", "properties": { "name": "Sooke Potholes Regional Park", "kind": "Regional" }, "geometry": { "type": "Polygon", "coordinates": [ [ [ -123.733116295628918, 48.45250328682571 ], [ -123.730454469528212, 48.448042480613857 ], [ -123.725188326255235, 48.446652017819773 ], [ -123.721951426289706, 48.443940737342572 ], [ -123.717476877870197, 48.441544315469301 ], [ -123.716649644192032, 48.440508850476057 ], [ -123.716230417874527, 48.437708655499804 ], [ -123.714840577322192, 48.436218637023984 ], [ -123.711802383452337, 48.431235328460055 ], [ -123.713226891452067, 48.430758401564148 ], [ -123.714834952970278, 48.431623638028064 ], [ -123.715632761477963, 48.4345245835257 ], [ -123.716768331529835, 48.435480149944219 ], [ -123.716942097492961, 48.437260388381041 ], [ -123.718754989782553, 48.438301693244753 ], [ -123.718925046038265, 48.439812047267424 ], [ -123.721546191045405, 48.442539598448569 ], [ -123.723682855098843, 48.443506809050746 ], [ -123.724869343076847, 48.445163707225909 ], [ -123.735276873440938, 48.449514998923647 ], [ -123.739127175510376, 48.454834286441148 ], [ -123.739033984197135, 48.45994466706324 ], [ -123.737851988056164, 48.460143326917084 ], [ -123.737482403789997, 48.45634179531546 ], [ -123.733116295628918, 48.45250328682571 ] ], [ [ -123.719704309730247, 48.440902499414555 ], [ -123.718159220103857, 48.441221991913153 ], [ -123.719754671652268, 48.442384165089614 ], [ -123.721126466949642, 48.442172318989122 ], [ -123.719704309730247, 48.440902499414555 ] ], [ [ -123.716512509996406, 48.435880180455158 ], [ -123.714977869519203, 48.436090210273413 ], [ -123.716207239210362, 48.437490938661497 ], [ -123.716595468482055, 48.437380995066079 ], [ -123.716512509996406, 48.435880180455158 ] ] ] } },
{ "type": "Feature", "properties": { "name": "Deep Ridge Nature Reserve", "kind": "Regional" }, "geometry": { "type": "Polygon", "coordinates": [ [ [ -123.423570686449906, 48.802850068430509 ], [ -123.418281316858241, 48.801981256228352 ], [ -123.422209358179629, 48.80103583503157 ], [ -123.42615835087949, 48.802452209285235 ], [ -123.440986967683571, 48.802786749968618 ], [ -123.440985089096984, 48.80369139383162 ], [ -123.423570686449906, 48.802850068430509 ] ] ] } },
{ "type": "Feature", "properties": { "name": "Lower Mt. Erskine Nature Reserve", "kind": "Regional" }, "geometry": { "type": "Polygon", "coordinates": [ [ [ -123.54938649850871, 48.853592475059557 ], [ -123.556139496421125, 48.853547960030113 ], [ -123.556044659620056, 48.855809252180251 ], [ -123.559096288787785, 48.85579331309377 ], [ -123.558867253895457, 48.85709446922553 ], [ -123.549406831801676, 48.857144380778941 ], [ -123.54938649850871, 48.853592475059557 ] ] ] } },
{ "type": "Feature", "properties": { "name": "Sea To Sea Regional Park", "kind": "Regional" }, "geometry": { "type": "MultiPolygon", "coordinates": [ [ [ [ -123.634181217411097, 48.453965504103543 ], [ -123.634161950797491, 48.446726806380575 ], [ -123.644744112166705, 48.446713082929811 ], [ -123.644742093498778, 48.453657257193932 ], [ -123.666256937306784, 48.446469986663573 ], [ -123.666261262337585, 48.439481161782098 ], [ -123.688020880852378, 48.439193433228532 ], [ -123.688023296847845, 48.428246296384344 ], [ -123.695591919556719, 48.428219862853652 ], [ -123.695460263889842, 48.430429586476095 ], [ -123.695872966369308, 48.430913270450681 ], [ -123.695004610677771, 48.436857164613848 ], [ -123.69598781023852, 48.431997475593228 ], [ -123.699555930439118, 48.432246629318499 ], [ -123.702377557577108, 48.431250793564516 ], [ -123.699693669269024, 48.435288258792369 ], [ -123.699174885430097, 48.437680816570655 ], [ -123.701148220050953, 48.43790730994602 ], [ -123.70213859359923, 48.435954683728554 ], [ -123.703544400287143, 48.435239143881383 ], [ -123.708444039918291, 48.43837362804377 ], [ -123.712142268104685, 48.438376798240995 ], [ -123.714351810765777, 48.440410904739146 ], [ -123.715394763068602, 48.443110601614869 ], [ -123.714988395722344, 48.447154568508665 ], [ -123.715851318077114, 48.447588229924229 ], [ -123.716960843270613, 48.447431803153528 ], [ -123.717386697724237, 48.448661407526487 ], [ -123.718419335054335, 48.449196917610706 ], [ -123.719089719106293, 48.448920946894191 ], [ -123.719462946104542, 48.447330086424465 ], [ -123.721682203049227, 48.446594671321485 ], [ -123.725899901025443, 48.449766602334634 ], [ -123.72719475314004, 48.448920666417138 ], [ -123.729933655563826, 48.450033298339896 ], [ -123.730225536708943, 48.450554327467998 ], [ -123.729574659544284, 48.45107566674281 ], [ -123.7305131207833, 48.454056300861374 ], [ -123.729917041803319, 48.457196104764094 ], [ -123.731066153757382, 48.45711818665481 ], [ -123.731692814484063, 48.455717219506461 ], [ -123.732499247048636, 48.455419609368128 ], [ -123.734540441651461, 48.456936100949676 ], [ -123.733280067431892, 48.459271012494916 ], [ -123.731800025302235, 48.46019321902228 ], [ -123.730787795683966, 48.462489369526971 ], [ -123.732865898332705, 48.464251797643847 ], [ -123.732863225157757, 48.465916181682672 ], [ -123.731979795369739, 48.467182574978139 ], [ -123.729598272513797, 48.467835010888109 ], [ -123.728070832302961, 48.469286293457365 ], [ -123.727919947078149, 48.474012585829222 ], [ -123.72701836327046, 48.474254438049194 ], [ -123.72606899988763, 48.473613130396551 ], [ -123.724704283462572, 48.474083254390727 ], [ -123.723410821202393, 48.472571789238827 ], [ -123.721669373598459, 48.472541069063347 ], [ -123.720308854514727, 48.474703900958502 ], [ -123.718780402705065, 48.474737383388998 ], [ -123.718645307952144, 48.475891851815327 ], [ -123.716955630574162, 48.476787376870362 ], [ -123.715619934204327, 48.479207925533451 ], [ -123.715199292322751, 48.483331037137496 ], [ -123.712676404740577, 48.48461591931661 ], [ -123.71282643011709, 48.486427690852672 ], [ -123.710576170881964, 48.486627923976563 ], [ -123.71053846524228, 48.483928485331759 ], [ -123.709594845540266, 48.483939974651598 ], [ -123.709629652820652, 48.481855718743716 ], [ -123.705546601265652, 48.481829447528625 ], [ -123.705639037073709, 48.475517738002296 ], [ -123.700287516208306, 48.475534049655657 ], [ -123.700287532308906, 48.478248476071585 ], [ -123.701618871406822, 48.478248463406018 ], [ -123.701619227630573, 48.483905835366393 ], [ -123.69856893800565, 48.483886059287293 ], [ -123.698561470614152, 48.48288937891494 ], [ -123.687830716235453, 48.482819065073912 ], [ -123.687883048648274, 48.47932289048066 ], [ -123.69100221449682, 48.479323094904508 ], [ -123.691002525084656, 48.47751344514257 ], [ -123.6923634783426, 48.477513454885027 ], [ -123.692371152089706, 48.474805457814142 ], [ -123.687936293472887, 48.474805330463532 ], [ -123.687936154256562, 48.475775690489854 ], [ -123.679851175241907, 48.475773805546716 ], [ -123.679872071849914, 48.479392707098427 ], [ -123.674424238433616, 48.47939182957402 ], [ -123.674384638628538, 48.475771506659903 ], [ -123.657785566223978, 48.475636784114897 ], [ -123.657722788053121, 48.471294303485188 ], [ -123.649253034448932, 48.471345507733403 ], [ -123.649788322022815, 48.467753973648819 ], [ -123.63889392357936, 48.467749916186243 ], [ -123.638898409389029, 48.463839290084209 ], [ -123.632636651143443, 48.463874160497085 ], [ -123.6321922277574, 48.457736748133847 ], [ -123.643781074376818, 48.453969717728064 ], [ -123.634181217411097, 48.453965504103543 ] ], [ [ -123.675401038778588, 48.466921522759129 ], [ -123.67540191687921, 48.464856899550362 ], [ -123.672680683480237, 48.464856462056176 ], [ -123.672679686528753, 48.466921085242404 ], [ -123.675401038778588, 48.466921522759129 ] ] ], [ [ [ -123.71910834583764, 48.475702014511363 ], [ -123.719060312538033, 48.474946157705403 ], [ -123.720606510474155, 48.47489402009073 ], [ -123.722107212245177, 48.472665712786501 ], [ -123.72317537091341, 48.472798270574955 ], [ -123.724563182509712, 48.474340903007118 ], [ -123.726084278078901, 48.473887434289054 ], [ -123.727482195860418, 48.474586630403302 ], [ -123.728291716098141, 48.474132946773274 ], [ -123.728453806550377, 48.469387953189852 ], [ -123.729857025333615, 48.468048661234739 ], [ -123.732279311300601, 48.467371035597495 ], [ -123.733253478650042, 48.466008423761444 ], [ -123.733243628360796, 48.464141253952441 ], [ -123.73119891455849, 48.462510777061553 ], [ -123.734919313336789, 48.456740706623329 ], [ -123.732432723025681, 48.455148700848504 ], [ -123.731354200042389, 48.455560850842637 ], [ -123.730305659338143, 48.457103223789261 ], [ -123.730925034164841, 48.454043881500617 ], [ -123.729985933316783, 48.451057764943201 ], [ -123.730641559351312, 48.450575168668806 ], [ -123.730188197698695, 48.449817384883197 ], [ -123.72723048017086, 48.448647481499755 ], [ -123.72633092322738, 48.448829674410668 ], [ -123.72611742527792, 48.449533565996703 ], [ -123.72179747650803, 48.446331339173931 ], [ -123.719149665295973, 48.447151399380552 ], [ -123.718562101040021, 48.448906699935101 ], [ -123.717753165550349, 48.448535509861649 ], [ -123.717238867668399, 48.44722890363709 ], [ -123.715293293336984, 48.446967969093961 ], [ -123.715788969529498, 48.443026820369525 ], [ -123.714736033291544, 48.440310465946411 ], [ -123.712402682921322, 48.438164313713408 ], [ -123.708653030059068, 48.438137263875149 ], [ -123.704946693469751, 48.435347158406046 ], [ -123.703573746916035, 48.434965467900021 ], [ -123.702131837072145, 48.43544506270208 ], [ -123.700887189709306, 48.437695136820302 ], [ -123.699473371137671, 48.437489621088105 ], [ -123.70160074495378, 48.432614558481312 ], [ -123.703600336694251, 48.43095741601639 ], [ -123.704509236120415, 48.4284270500468 ], [ -123.705142328111378, 48.428185753638438 ], [ -123.704156529796478, 48.428239925349317 ], [ -123.703890292503502, 48.429879646260034 ], [ -123.702718265377769, 48.431086688587357 ], [ -123.69956095393357, 48.432042114076026 ], [ -123.69601426164526, 48.431816211512384 ], [ -123.695864150599235, 48.428218853396565 ], [ -123.700132356831318, 48.428203709201107 ], [ -123.699885594383076, 48.417694268238961 ], [ -123.703583995035146, 48.417671717373835 ], [ -123.70367441769821, 48.425044334415858 ], [ -123.711171273925672, 48.424917347541452 ], [ -123.709524389217322, 48.430084982728417 ], [ -123.711942999637401, 48.431818082234344 ], [ -123.715775480901016, 48.437687970316794 ], [ -123.716637765782934, 48.441337469347616 ], [ -123.72167808846558, 48.444146635551171 ], [ -123.724904464676868, 48.446852774521645 ], [ -123.730315395214006, 48.448342574892798 ], [ -123.732174617675867, 48.452521452277708 ], [ -123.737297248660184, 48.456880784601857 ], [ -123.737619184705963, 48.462242104377843 ], [ -123.734311986880073, 48.464832487097148 ], [ -123.733155375178171, 48.467189757927379 ], [ -123.729545107333209, 48.469033143888808 ], [ -123.728798480826754, 48.474533501401822 ], [ -123.727389684112708, 48.475223270793855 ], [ -123.724039564283558, 48.475159189203922 ], [ -123.717606898877492, 48.478228701411034 ], [ -123.716898661927004, 48.479284447885242 ], [ -123.717272874236684, 48.48179349856197 ], [ -123.715448266445776, 48.483702913966241 ], [ -123.716064986730089, 48.479159461886653 ], [ -123.717347927649001, 48.476876608069219 ], [ -123.71910834583764, 48.475702014511363 ] ] ], [ [ [ -123.634161950797491, 48.446726806380575 ], [ -123.61192282802422, 48.446756712067149 ], [ -123.611906820985183, 48.439513672280846 ], [ -123.634142559751524, 48.439488197689045 ], [ -123.634161950797491, 48.446726806380575 ] ] ], [ [ [ -123.712871555584144, 48.486702257508242 ], [ -123.713124835948037, 48.484747099237438 ], [ -123.71536740073644, 48.483781123704844 ], [ -123.714223562251078, 48.485699619659783 ], [ -123.71433712307082, 48.487873194459269 ], [ -123.712871555584144, 48.486702257508242 ] ] ], [ [ [ -123.711836770729207, 48.424905196015857 ], [ -123.713962946877018, 48.424866304952239 ], [ -123.711025518337081, 48.426878939928976 ], [ -123.711836770729207, 48.424905196015857 ] ] ] ] } },
{ "type": "Feature", "properties": { "name": "Andreas Vogt Nature Reserve", "kind": "Regional" }, "geometry": { "type": "Polygon", "coordinates": [ [ [ -123.459667345678795, 48.783155508347434 ], [ -123.465402161090807, 48.784743503298273 ], [ -123.465437859985343, 48.790321565260513 ], [ -123.459708011179742, 48.790367262551491 ], [ -123.459667345678795, 48.783155508347434 ] ] ] } },
{ "type": "Feature", "properties": { "name": "Trincomali Nature Sanctuary", "kind": "Regional" }, "geometry": { "type": "Polygon", "coordinates": [ [ [ -123.465522992380528, 48.929531573773303 ], [ -123.461369670625089, 48.928801017765942 ], [ -123.461335376372176, 48.923970315952232 ], [ -123.465516086019235, 48.925888262548746 ], [ -123.465522992380528, 48.929531573773303 ] ] ] } },
{ "type": "Feature", "properties": { "name": "Mt. Sutil", "kind": "Regional" }, "geometry": { "type": "Polygon", "coordinates": [ [ [ -123.377476889085159, 48.873402137140147 ], [ -123.377386164475396, 48.868331130521391 ], [ -123.383489242870752, 48.871499315469769 ], [ -123.383538414063906, 48.869814795231171 ], [ -123.383444741898458, 48.873353659780172 ], [ -123.377476889085159, 48.873402137140147 ] ] ] } },
{ "type": "Feature", "properties": { "name": "Ruby Alton Nature Reserve", "kind": "Regional" }, "geometry": { "type": "Polygon", "coordinates": [ [ [ -123.4409579897074, 48.750689295545364 ], [ -123.443071482921212, 48.750801092036447 ], [ -123.443193484768329, 48.752387433792421 ], [ -123.442510056647919, 48.752397547331469 ], [ -123.4409579897074, 48.750689295545364 ] ] ] } },
{ "type": "Feature", "properties": { "name": "Pebble Beach Dl 63", "kind": "Regional" }, "geometry": { "type": "Polygon", "coordinates": [ [ [ -123.487636078184082, 48.949732283804707 ], [ -123.487447032954677, 48.942865158590728 ], [ -123.498432164812385, 48.94286046235289 ], [ -123.498407899340833, 48.949756040373032 ], [ -123.487636078184082, 48.949732283804707 ] ] ] } },
{ "type": "Feature", "properties": { "name": "Laughlin Lake", "kind": "Regional" }, "geometry": { "type": "Polygon", "coordinates": [ [ [ -123.509404990495341, 48.951412850978173 ], [ -123.501876828746163, 48.948934271165541 ], [ -123.50163422606775, 48.947747333029433 ], [ -123.504622296800335, 48.948707956848274 ], [ -123.505099920361346, 48.947822954277335 ], [ -123.506913522058341, 48.947728336272682 ], [ -123.506912424872141, 48.949761005033004 ], [ -123.509383727611961, 48.94976085072112 ], [ -123.509404990495341, 48.951412850978173 ] ] ] } },
{ "type": "Feature", "properties": { "name": "", "kind": "Regional" }, "geometry": { "type": "Polygon", "coordinates": [ [ [ -123.44515586249824, 48.749779454113344 ], [ -123.445124499026576, 48.746935586359704 ], [ -123.448717552241263, 48.746938013650585 ], [ -123.448710490738335, 48.75095216143167 ], [ -123.443284587381982, 48.750961152683168 ], [ -123.443234916975939, 48.749787554578951 ], [ -123.44515586249824, 48.749779454113344 ] ] ] } },
{ "type": "Feature", "properties": { "name": "Medicine Beach Nature Sanctuary", "kind": "Regional" }, "geometry": { "type": "MultiPolygon", "coordinates": [ [ [ [ -123.265037604091432, 48.761650704876715 ], [ -123.267434898033457, 48.761314732945216 ], [ -123.269609662207998, 48.761853615474912 ], [ -123.269565349796281, 48.764701137447545 ], [ -123.265037604091432, 48.761650704876715 ] ] ], [ [ [ -123.268262644254619, 48.760057245878727 ], [ -123.269767871329634, 48.760462820201845 ], [ -123.269554208658491, 48.761566434752851 ], [ -123.267733243276979, 48.761025318598733 ], [ -123.268262644254619, 48.760057245878727 ] ] ] ] } },
{ "type": "Feature", "properties": { "name": "Manzanita Ridge Nature Reserve", "kind": "Regional" }, "geometry": { "type": "Polygon", "coordinates": [ [ [ -123.53621958384467, 48.84417460371575 ], [ -123.536057532224106, 48.842522751882825 ], [ -123.540311396370754, 48.842980898494758 ], [ -123.540857915872152, 48.841566755979954 ], [ -123.547189081267192, 48.841674205707186 ], [ -123.547123572722782, 48.844341701749748 ], [ -123.53621958384467, 48.84417460371575 ] ] ] } },
{ "type": "Feature", "properties": { "name": "Creekside Nature Reserve", "kind": "Regional" }, "geometry": { "type": "Polygon", "coordinates": [ [ [ -123.435325655201666, 48.807126899969219 ], [ -123.430188936950529, 48.806957339171696 ], [ -123.430890843940475, 48.805083899515587 ], [ -123.435358224321519, 48.805043532444813 ], [ -123.435325655201666, 48.807126899969219 ] ] ] } },
{ "type": "Feature", "properties": { "name": "Devonian Regional Park", "kind": "Regional" }, "geometry": { "type": "Polygon", "coordinates": [ [ [ -123.541887314454172, 48.366391284798176 ], [ -123.539198781392443, 48.365392185796381 ], [ -123.538610393983788, 48.365822274768149 ], [ -123.533687180016827, 48.364017204916557 ], [ -123.534833286061357, 48.361812142251829 ], [ -123.535534034288062, 48.361987024717628 ], [ -123.542872657580531, 48.36543968313179 ], [ -123.541887314454172, 48.366391284798176 ] ] ] } },
{ "type": "Feature", "properties": { "name": "Witty'S Lagoon Regional Park", "kind": "Regional" }, "geometry": { "type": "MultiPolygon", "coordinates": [ [ [ [ -123.509603680433329, 48.392661793991422 ], [ -123.512610467927544, 48.387406412881916 ], [ -123.514854779595467, 48.388021761511673 ], [ -123.514433805363922, 48.38885380385085 ], [ -123.515453059440759, 48.389541707713143 ], [ -123.518152559707644, 48.387347615611979 ], [ -123.520601190131998, 48.387152549315779 ], [ -123.522289543874265, 48.388422442437317 ], [ -123.520917637307164, 48.386431409234312 ], [ -123.516690914221968, 48.386312323308807 ], [ -123.51560965060176, 48.385739223232981 ], [ -123.514112654021275, 48.386464491242201 ], [ -123.510602415067439, 48.386415538853228 ], [ -123.51558290272942, 48.383219984832927 ], [ -123.523055361346806, 48.385421524787951 ], [ -123.522547717324684, 48.387140928404492 ], [ -123.525164399708288, 48.388036861595253 ], [ -123.524288783114784, 48.388855866367749 ], [ -123.525770752628773, 48.389411469043601 ], [ -123.521980313162373, 48.388943812866238 ], [ -123.521144152457623, 48.389693266990747 ], [ -123.522237671502054, 48.390224223113357 ], [ -123.521849135974122, 48.390481795409521 ], [ -123.522824128630276, 48.391422002579283 ], [ -123.52173397101572, 48.391692929022625 ], [ -123.520520423735505, 48.390002001794315 ], [ -123.518863881707958, 48.388922562288315 ], [ -123.517370470116347, 48.388811013734674 ], [ -123.516219244358723, 48.389899953729419 ], [ -123.517359380103827, 48.392563235071464 ], [ -123.509603680433329, 48.392661793991422 ] ] ], [ [ [ -123.507400088600022, 48.386837784684253 ], [ -123.508317132586072, 48.38547075912966 ], [ -123.504762049745992, 48.385423810230392 ], [ -123.506155750909485, 48.383012889500435 ], [ -123.509167960821614, 48.384722789488265 ], [ -123.508456560726685, 48.386765666266314 ], [ -123.507400088600022, 48.386837784684253 ] ] ] ] } },
{ "type": "Feature", "properties": { "name": "Sooke River Road Regional Park", "kind": "Regional" }, "geometry": { "type": "Polygon", "coordinates": [ [ [ -123.703639836151666, 48.403362439951927 ], [ -123.704535942185998, 48.400109290593726 ], [ -123.708174438372993, 48.40173570240723 ], [ -123.707461914624929, 48.402297795449442 ], [ -123.7050399722023, 48.402303196603263 ], [ -123.704381459478384, 48.403681658089283 ], [ -123.701933541142679, 48.404296522705728 ], [ -123.701385438185682, 48.403890887460882 ], [ -123.703639836151666, 48.403362439951927 ] ] ] } },
{ "type": "Feature", "properties": { "name": "Albert Head Lagoon Regional Park", "kind": "Regional" }, "geometry": { "type": "Polygon", "coordinates": [ [ [ -123.488679963352297, 48.396143007174985 ], [ -123.48931963173743, 48.393447079478257 ], [ -123.493648681736573, 48.395069330882528 ], [ -123.491690693555157, 48.396368594316286 ], [ -123.488679963352297, 48.396143007174985 ] ] ] } },
{ "type": "Feature", "properties": { "name": "Jordan River Regional Park", "kind": "Regional" }, "geometry": { "type": "MultiPolygon", "coordinates": [ [ [ [ -124.025309670671675, 48.426652632210377 ], [ -124.025378678675935, 48.421107708768595 ], [ -124.038817668717144, 48.426336639847612 ], [ -124.038971917230953, 48.425906006085853 ], [ -124.025384465684638, 48.420643017887748 ], [ -124.025399687269726, 48.419417486141867 ], [ -124.022527933049489, 48.419402373973384 ], [ -124.018550766132606, 48.417395012073641 ], [ -124.014302342194696, 48.414123579400119 ], [ -124.014293893054585, 48.412831032072368 ], [ -124.022227042455853, 48.416320794505388 ], [ -124.030733893185271, 48.416998977278197 ], [ -124.035094356942793, 48.419884605562807 ], [ -124.039392509003861, 48.421197632820984 ], [ -124.043100887535573, 48.421352112149556 ], [ -124.04487765087076, 48.419805822254567 ], [ -124.04723948245551, 48.419816017559207 ], [ -124.04859104701417, 48.420394725057051 ], [ -124.04498633214267, 48.420570371935483 ], [ -124.045713101272469, 48.423027171715567 ], [ -124.042331076159471, 48.426859196761946 ], [ -124.025309670671675, 48.426652632210377 ] ] ], [ [ [ -124.014299009966351, 48.414861715706962 ], [ -124.017367463382996, 48.417211693953448 ], [ -124.021502120153855, 48.419397002703761 ], [ -124.014146069417336, 48.419489890071951 ], [ -124.014299009966351, 48.414861715706962 ] ] ], [ [ [ -124.051285316855953, 48.421140256290926 ], [ -124.055262690357395, 48.420741084131812 ], [ -124.054986595416977, 48.421728319417056 ], [ -124.051285316855953, 48.421140256290926 ] ] ] ] } },
{ "type": "Feature", "properties": { "name": "Kapoor Regional Park", "kind": "Regional" }, "geometry": { "type": "Polygon", "coordinates": [ [ [ -123.710415405566678, 48.496406353666153 ], [ -123.710736213099068, 48.494037091575393 ], [ -123.71475209688748, 48.48953642151411 ], [ -123.714690083234942, 48.487664983309664 ], [ -123.716698951524521, 48.489995115148396 ], [ -123.715531394971762, 48.49143172110621 ], [ -123.713190397776685, 48.492757778449537 ], [ -123.712860787773067, 48.493851187881056 ], [ -123.711832848805045, 48.494319915984704 ], [ -123.711964907083143, 48.495054684746336 ], [ -123.710599029330481, 48.495638514527649 ], [ -123.712591067553149, 48.499031339527228 ], [ -123.711408279538119, 48.499939180578856 ], [ -123.710434179047525, 48.500031563283343 ], [ -123.711468415125992, 48.49908561888406 ], [ -123.710415405566678, 48.496406353666153 ] ] ] } },
{ "type": "Feature", "properties": { "name": "Blue Heron Park", "kind": "Regional" }, "geometry": { "type": "Polygon", "coordinates": [ [ [ -123.420623723722116, 48.666312550415547 ], [ -123.427928989639241, 48.672579290749788 ], [ -123.424145671082016, 48.672573234439511 ], [ -123.424894375368396, 48.671924650235574 ], [ -123.4238667284434, 48.671984586569025 ], [ -123.423871757375693, 48.669260757023629 ], [ -123.42335873747372, 48.668829743092616 ], [ -123.417554789005109, 48.668356685894125 ], [ -123.420297167072206, 48.668359967386067 ], [ -123.419751719422123, 48.666311763100957 ], [ -123.420623723722116, 48.666312550415547 ] ] ] } },
{ "type": "Feature", "properties": { "name": "Jubilee Park", "kind": "Regional" }, "geometry": { "type": "Polygon", "coordinates": [ [ [ -123.441027968462109, 48.655158544232201 ], [ -123.441026427165227, 48.654514604456686 ], [ -123.443904377064911, 48.654842418080229 ], [ -123.443586988571084, 48.655129936461378 ], [ -123.441027968462109, 48.655158544232201 ] ] ] } },
{ "type": "Feature", "properties": { "name": "Tixen - Cordova Spit Park", "kind": "Regional" }, "geometry": { "type": "MultiPolygon", "coordinates": [ [ [ [ -123.37267773921522, 48.594265481276672 ], [ -123.373963608172161, 48.59438860970031 ], [ -123.372796276454906, 48.595665317065588 ], [ -123.371845883847683, 48.595668388016342 ], [ -123.37267773921522, 48.594265481276672 ] ] ], [ [ [ -123.371545151580662, 48.594269138297065 ], [ -123.372384367088017, 48.594266432346892 ], [ -123.371552516494006, 48.595669337123553 ], [ -123.370282292217951, 48.595673427094866 ], [ -123.371545151580662, 48.594269138297065 ] ] ], [ [ [ -123.371738501043708, 48.595849489642212 ], [ -123.372662026935274, 48.595846503681273 ], [ -123.372224635246539, 48.597197962938125 ], [ -123.371018012952248, 48.59720185915026 ], [ -123.371738501043708, 48.595849489642212 ] ] ], [ [ [ -123.370183575902573, 48.596259283523992 ], [ -123.371445119038185, 48.59585043811839 ], [ -123.370717283711627, 48.597077838558569 ], [ -123.370183575902573, 48.596259283523992 ] ] ], [ [ [ -123.370861501432088, 48.597292814062151 ], [ -123.372183818817788, 48.59728855260704 ], [ -123.372198853720619, 48.597372968083619 ], [ -123.371748548181301, 48.597947605962588 ], [ -123.370861501432088, 48.597292814062151 ] ] ] ] } },
{ "type": "Feature", "properties": { "name": "Saint Johns Regional Park", "kind": "Regional" }, "geometry": { "type": "Polygon", "coordinates": [ [ [ -123.240959843651282, 48.819912422069628 ], [ -123.235868206071615, 48.8179962613915 ], [ -123.23293454026809, 48.81807449961309 ], [ -123.231590843015127, 48.817308343298237 ], [ -123.231121947674765, 48.816058862922006 ], [ -123.227736546518344, 48.814473308879961 ], [ -123.228892893701982, 48.81414718078554 ], [ -123.240553253742249, 48.817101087708352 ], [ -123.241936462237106, 48.818627485774954 ], [ -123.242201956807989, 48.820012311071437 ], [ -123.243205995963692, 48.820161687735265 ], [ -123.24319278507906, 48.823168439885663 ], [ -123.241000369670715, 48.821610081982044 ], [ -123.240959843651282, 48.819912422069628 ] ] ] } },
{ "type": "Feature", "properties": { "name": "Gossip Island Ecological Area", "kind": "Regional" }, "geometry": { "type": "Polygon", "coordinates": [ [ [ -123.320260858970315, 48.890615643308209 ], [ -123.319331255009004, 48.889522364591642 ], [ -123.321893558914923, 48.889636960060372 ], [ -123.323428012844943, 48.891641871745179 ], [ -123.322613898586098, 48.892947553753473 ], [ -123.321737356208288, 48.891738533967271 ], [ -123.32002491668797, 48.891109246087979 ], [ -123.320260858970315, 48.890615643308209 ] ] ] } },
{ "type": "Feature", "properties": { "name": "Mill Hill Regional Park", "kind": "Regional" }, "geometry": { "type": "MultiPolygon", "coordinates": [ [ [ [ -123.478185810427988, 48.464746887390795 ], [ -123.471978019987816, 48.461855992077844 ], [ -123.47228869862667, 48.459415317163661 ], [ -123.473223541104105, 48.459865718366032 ], [ -123.473698416090187, 48.459401752815339 ], [ -123.472483170885681, 48.459086913590511 ], [ -123.472356414546553, 48.45840746022477 ], [ -123.475675011866656, 48.456887307552194 ], [ -123.482885123846458, 48.463865412212769 ], [ -123.478185810427988, 48.464746887390795 ] ] ], [ [ [ -123.48069922893896, 48.450367050688143 ], [ -123.481263690841701, 48.449345137674868 ], [ -123.482714797045162, 48.449859553559989 ], [ -123.482281389591222, 48.45035314216986 ], [ -123.48069922893896, 48.450367050688143 ] ] ] ] } },
{ "type": "Feature", "properties": { "name": "Horth Hill Regional Park", "kind": "Regional" }, "geometry": { "type": "MultiPolygon", "coordinates": [ [ [ [ -123.43052624232908, 48.68253812073656 ], [ -123.437106592617937, 48.682546643144278 ], [ -123.43714613342334, 48.687760965740118 ], [ -123.4303087918899, 48.68776964549339 ], [ -123.43052624232908, 48.68253812073656 ] ] ], [ [ [ -123.43059096399287, 48.680783526536516 ], [ -123.435854364254752, 48.680790319488267 ], [ -123.437104312014839, 48.682365739020959 ], [ -123.430532912311122, 48.682357233515255 ], [ -123.43059096399287, 48.680783526536516 ] ] ] ] } },
{ "type": "Feature", "properties": { "name": "Sooke Lake Road Community Forest", "kind": "Regional" }, "geometry": { "type": "MultiPolygon", "coordinates": [ [ [ [ -123.636479215398168, 48.584589173472928 ], [ -123.63455653857261, 48.583367489742251 ], [ -123.634540357639011, 48.578456903402724 ], [ -123.635207340629265, 48.578052385600976 ], [ -123.634703960460712, 48.579933020006166 ], [ -123.635677517628807, 48.582620711215604 ], [ -123.640053146776054, 48.584544665647819 ], [ -123.641147004707165, 48.583682158108509 ], [ -123.640651717716736, 48.583281639480454 ], [ -123.641847280891014, 48.583647030249942 ], [ -123.642840074258984, 48.583150023223084 ], [ -123.64293194462752, 48.582042205839677 ], [ -123.639740626779144, 48.581087763804057 ], [ -123.639741879385696, 48.578417792065451 ], [ -123.63808880274523, 48.577020912703453 ], [ -123.638747527866641, 48.575496908263673 ], [ -123.639978362910455, 48.575610961729062 ], [ -123.639972385741444, 48.58086860865199 ], [ -123.648154592354203, 48.580871292570414 ], [ -123.648147624295774, 48.588098251647793 ], [ -123.638042219500576, 48.588086247737543 ], [ -123.63792943470277, 48.586739007633717 ], [ -123.636479215398168, 48.584589173472928 ] ] ], [ [ [ -123.639985095008782, 48.573639472642888 ], [ -123.639978563431782, 48.575429093444384 ], [ -123.638035935846702, 48.575377230817566 ], [ -123.638032205636961, 48.574579024849932 ], [ -123.637153199083031, 48.574332116061399 ], [ -123.632904871015668, 48.576971707584384 ], [ -123.633492793526543, 48.575109686302255 ], [ -123.635119479179295, 48.573775110916834 ], [ -123.639985095008782, 48.573639472642888 ] ] ] ] } },
{ "type": "Feature", "properties": { "name": "Elkington Ecological Reserve", "kind": "Regional" }, "geometry": { "type": "Polygon", "coordinates": [ [ [ -123.602985160072294, 48.522052922955574 ], [ -123.608987786592792, 48.522056942874457 ], [ -123.608975526112332, 48.529238587684532 ], [ -123.606075924677597, 48.527432773130762 ], [ -123.606088877743062, 48.524007623107643 ], [ -123.602985160072294, 48.522052922955574 ] ] ] } },
{ "type": "Feature", "properties": { "name": "Cowichan Valley Trail (Crd Connector)", "kind": "Regional" }, "geometry": { "type": "Polygon", "coordinates": [ [ [ -123.580016858306792, 48.548207493736861 ], [ -123.579355595539113, 48.536049623413099 ], [ -123.579434399383345, 48.535625658248989 ], [ -123.580397975849735, 48.53742934554883 ], [ -123.579895186955895, 48.538417719842883 ], [ -123.580016858306792, 48.548207493736861 ] ] ] } },
{ "type": "Feature", "properties": { "name": "Stebbings Road Community Forest", "kind": "Regional" }, "geometry": { "type": "Polygon", "coordinates": [ [ [ -123.618286665451464, 48.555476113436399 ], [ -123.618311840046374, 48.551867514828587 ], [ -123.612873491930017, 48.55183632579277 ], [ -123.612850264398404, 48.555456768258161 ], [ -123.607853455968822, 48.555448950784026 ], [ -123.609331269028033, 48.549661069057308 ], [ -123.602223080815719, 48.548870915138501 ], [ -123.609506125921854, 48.549315420637527 ], [ -123.627972090989914, 48.547480269015708 ], [ -123.634615809818328, 48.547532392145463 ], [ -123.634602928702989, 48.559163773439543 ], [ -123.629149969482413, 48.559113783399887 ], [ -123.629171615247799, 48.555496209856557 ], [ -123.618286665451464, 48.555476113436399 ] ] ] } },
{ "type": "Feature", "properties": { "name": "Horne Lake Regional Park", "kind": "Regional" }, "geometry": { "type": "MultiPolygon", "coordinates": [ [ [ [ -124.738134112014379, 49.344008762127672 ], [ -124.739395989522166, 49.341330916933437 ], [ -124.743033387624394, 49.339923511481231 ], [ -124.744777750809789, 49.338349743504324 ], [ -124.74562828202221, 49.336782618464753 ], [ -124.745623746267839, 49.334689028163339 ], [ -124.746473388384402, 49.336176227108425 ], [ -124.745617096079059, 49.337408084451191 ], [ -124.745682596577097, 49.342750531968647 ], [ -124.750102673835443, 49.342728656662963 ], [ -124.750100769422886, 49.34428043893638 ], [ -124.741356195064483, 49.35198530475126 ], [ -124.741485415490516, 49.350059900106039 ], [ -124.740166049619802, 49.347742607373888 ], [ -124.739253726442399, 49.347133571263278 ], [ -124.739163761404328, 49.345015091256869 ], [ -124.738134112014379, 49.344008762127672 ] ] ], [ [ [ -124.736621513911729, 49.34595910030599 ], [ -124.735733931893847, 49.346375466936578 ], [ -124.734963230475699, 49.345759164416087 ], [ -124.735459674180859, 49.345526795909336 ], [ -124.735069652376438, 49.345163800275984 ], [ -124.736667228903556, 49.344762438926082 ], [ -124.735132385934193, 49.343534666443063 ], [ -124.737192519424042, 49.342999957222275 ], [ -124.73788901953553, 49.340470687572392 ], [ -124.740130697735111, 49.340014147073049 ], [ -124.740501387259656, 49.338839215608886 ], [ -124.738698883875983, 49.338110700448262 ], [ -124.739932670530351, 49.336742791551245 ], [ -124.74003603063349, 49.335400852968149 ], [ -124.742385308865053, 49.334897664036156 ], [ -124.742923465337427, 49.333716068602541 ], [ -124.745505324881051, 49.334481671810742 ], [ -124.745359236498459, 49.336730103450385 ], [ -124.7445527515805, 49.338243033938923 ], [ -124.742927370297252, 49.339739887934819 ], [ -124.740548441178973, 49.340343644966907 ], [ -124.738623580368539, 49.341653428066792 ], [ -124.737904026104985, 49.343711228735657 ], [ -124.738896507672266, 49.345128141765436 ], [ -124.738994073962473, 49.347208450455703 ], [ -124.741221055703164, 49.350126845545454 ], [ -124.740918097599007, 49.351596989073158 ], [ -124.739562518915591, 49.350853512592245 ], [ -124.739645532685984, 49.348549370299629 ], [ -124.736621513911729, 49.34595910030599 ] ] ] ] } },
{ "type": "Feature", "properties": { "name": "Little Qualicum River Estuary Regional Conservation Area", "kind": "Regional" }, "geometry": { "type": "Polygon", "coordinates": [ [ [ -124.491159084690196, 49.367128787274439 ], [ -124.492030719569257, 49.365991293923194 ], [ -124.492545809154365, 49.365839097552019 ], [ -124.494100616108682, 49.366612861407148 ], [ -124.493567337872562, 49.366091632014928 ], [ -124.500263270578216, 49.365748628102025 ], [ -124.496983482138575, 49.367110620507383 ], [ -124.494328778833619, 49.36708272466803 ], [ -124.494308314763344, 49.366584807676787 ], [ -124.494002977511713, 49.366813286308663 ], [ -124.493106573936728, 49.366650092564463 ], [ -124.492527304007098, 49.365887640915446 ], [ -124.491159084690196, 49.367128787274439 ] ] ] } },
{ "type": "Feature", "properties": { "name": "Englishman River Regional Park", "kind": "Regional" }, "geometry": { "type": "Polygon", "coordinates": [ [ [ -124.266733549003035, 49.297714160906793 ], [ -124.265241683405549, 49.296689516112885 ], [ -124.267422304998107, 49.294641441381401 ], [ -124.270395404121274, 49.294214399300586 ], [ -124.272531913786452, 49.292860987774851 ], [ -124.273003495424803, 49.291726912750335 ], [ -124.272664701008026, 49.289416553959299 ], [ -124.274615562933306, 49.287707760194827 ], [ -124.273633607738603, 49.287074864343396 ], [ -124.274366315142714, 49.285074543106283 ], [ -124.276606499717175, 49.28472794942622 ], [ -124.27717405002933, 49.286635479096766 ], [ -124.280369290353079, 49.28707381224217 ], [ -124.283370533964472, 49.284952108020008 ], [ -124.288564978635804, 49.28357841942627 ], [ -124.288476360532897, 49.280933507596494 ], [ -124.292120908783005, 49.278910770974342 ], [ -124.2990365226932, 49.280096536684738 ], [ -124.300631875575263, 49.280988843720991 ], [ -124.300844514291811, 49.282293080732614 ], [ -124.303605694775612, 49.283517070064278 ], [ -124.306576071735776, 49.281880862094205 ], [ -124.306614470650871, 49.286711900873549 ], [ -124.29534105011092, 49.286953398387837 ], [ -124.295663387068188, 49.28938139989922 ], [ -124.285950132022322, 49.289480947493502 ], [ -124.285971280753216, 49.291265842805721 ], [ -124.279053628089457, 49.291267541626965 ], [ -124.279057609435895, 49.293117321993243 ], [ -124.273598208114166, 49.293127521623276 ], [ -124.27377361451903, 49.297911888250361 ], [ -124.27111657669181, 49.298824139339118 ], [ -124.266733549003035, 49.297714160906793 ] ] ] } },
{ "type": "Feature", "properties": { "name": "Little Qualicum River Regional Park", "kind": "Regional" }, "geometry": { "type": "MultiPolygon", "coordinates": [ [ [ [ -124.541051551565175, 49.334227166523604 ], [ -124.541064029160907, 49.329987601593324 ], [ -124.543960039413179, 49.330374715454447 ], [ -124.54486618659466, 49.331973711911488 ], [ -124.545531568740245, 49.332215976727497 ], [ -124.548814658035113, 49.329931142907895 ], [ -124.547459936790233, 49.328413387381858 ], [ -124.548893727870407, 49.327038277397016 ], [ -124.547015761061033, 49.32838146024514 ], [ -124.548570427979087, 49.329775551040655 ], [ -124.545530589873096, 49.331890167122602 ], [ -124.543368741608077, 49.329732320488056 ], [ -124.541064299109692, 49.329774220019999 ], [ -124.541077076224028, 49.325135940688916 ], [ -124.543040061677871, 49.324903778865718 ], [ -124.542769132620421, 49.325405047106521 ], [ -124.545222192937871, 49.326616339958946 ], [ -124.547783708592803, 49.324863067389003 ], [ -124.548218206153692, 49.323708171021543 ], [ -124.550302835127539, 49.321907951589765 ], [ -124.550380412814746, 49.317825666619747 ], [ -124.555406825099794, 49.317871555723869 ], [ -124.55543686926535, 49.320149194930515 ], [ -124.553689381837771, 49.322389035356366 ], [ -124.555956379554246, 49.323193688759119 ], [ -124.55578881330004, 49.32395526475355 ], [ -124.554297486256715, 49.324626246400697 ], [ -124.556213782591456, 49.323975450799118 ], [ -124.555857823792707, 49.322704122396445 ], [ -124.554106369147689, 49.322104988157719 ], [ -124.555891834406282, 49.32012804590353 ], [ -124.555427923846068, 49.31880789344018 ], [ -124.556568396188723, 49.317850601287169 ], [ -124.558083183278868, 49.317856039399942 ], [ -124.55814527178525, 49.311015823938575 ], [ -124.558398229940224, 49.315022149280146 ], [ -124.560505263769755, 49.315209263388489 ], [ -124.558392487528309, 49.31520193249095 ], [ -124.558603521940071, 49.319174710684393 ], [ -124.556811747467577, 49.319365135689118 ], [ -124.554869657723799, 49.321837567725566 ], [ -124.55653752436406, 49.32235307959111 ], [ -124.55735539915365, 49.323670805813428 ], [ -124.556175265201517, 49.325218861280369 ], [ -124.558031971851321, 49.325288881124465 ], [ -124.556220309856712, 49.32531348688466 ], [ -124.556542519824092, 49.326116957094328 ], [ -124.559639953688801, 49.328062657608712 ], [ -124.558426271774096, 49.328309398313721 ], [ -124.55663580750155, 49.326965047183201 ], [ -124.552371266087718, 49.327631092697288 ], [ -124.552373326136674, 49.32945626496695 ], [ -124.551525872072077, 49.330676563040811 ], [ -124.548387204587215, 49.331745909840762 ], [ -124.547719158036159, 49.332599152129426 ], [ -124.544365927897005, 49.332884331451773 ], [ -124.542796721355046, 49.334096415132706 ], [ -124.541051551565175, 49.334227166523604 ] ], [ [ -124.549162820004057, 49.327014543964729 ], [ -124.551733893397142, 49.32643156911503 ], [ -124.553433391148843, 49.325595775104908 ], [ -124.549162820004057, 49.327014543964729 ] ] ], [ [ [ -124.560575306692328, 49.328292900738667 ], [ -124.560886528078484, 49.329560859937111 ], [ -124.560005371751132, 49.329751854828721 ], [ -124.558268793422457, 49.328631223243228 ], [ -124.560575306692328, 49.328292900738667 ] ] ], [ [ [ -124.559367273556944, 49.326440370176272 ], [ -124.558355452761035, 49.325355571889887 ], [ -124.55944570364997, 49.326357274513569 ], [ -124.559367273556944, 49.326440370176272 ] ] ] ] } },
{ "type": "Feature", "properties": { "name": "Moorecroft Regional Park", "kind": "Regional" }, "geometry": { "type": "Polygon", "coordinates": [ [ [ -124.178666631224161, 49.307983762598731 ], [ -124.177795651966576, 49.306593200909639 ], [ -124.179469620614455, 49.307383103282497 ], [ -124.180174191996898, 49.306948538364395 ], [ -124.179830872932897, 49.305896614353443 ], [ -124.176841233873631, 49.304723510998365 ], [ -124.176856743841938, 49.300718263873776 ], [ -124.183837550409862, 49.300704395335444 ], [ -124.183335271907922, 49.307958746145722 ], [ -124.178666631224161, 49.307983762598731 ] ] ] } },
{ "type": "Feature", "properties": { "name": "Beachcomber Regional Park", "kind": "Regional" }, "geometry": { "type": "Polygon", "coordinates": [ [ [ -124.212689595515229, 49.313233592547519 ], [ -124.212963684613428, 49.31246515786539 ], [ -124.214280514706815, 49.312415043176593 ], [ -124.214660353396766, 49.312961707228233 ], [ -124.212689595515229, 49.313233592547519 ] ] ] } },
{ "type": "Feature", "properties": { "name": "Mount Arrowsmith Massif Regional Park", "kind": "Regional" }, "geometry": { "type": "Polygon", "coordinates": [ [ [ -124.582597237441746, 49.24436030942578 ], [ -124.578270676158823, 49.243420825882922 ], [ -124.576718758097968, 49.234067234562588 ], [ -124.568592977845327, 49.23656996113602 ], [ -124.552420138091477, 49.222350473934007 ], [ -124.557997115284223, 49.213877016413193 ], [ -124.541570712063816, 49.20018698156747 ], [ -124.550767345925181, 49.193685192849557 ], [ -124.607107729284593, 49.224902569065662 ], [ -124.614699602148761, 49.233438592426864 ], [ -124.60351792881562, 49.238187791877095 ], [ -124.585445482999816, 49.239834456402221 ], [ -124.582597237441746, 49.24436030942578 ] ] ] } },
{ "type": "Feature", "properties": { "name": "Mount Arrowsmith Regional Park (Acrd)", "kind": "Regional" }, "geometry": { "type": "Polygon", "coordinates": [ [ [ -124.592747621095754, 49.261069614827534 ], [ -124.577422705018748, 49.257157987645137 ], [ -124.57497156813011, 49.252766448362927 ], [ -124.582597237441746, 49.24436030942578 ], [ -124.585445482999816, 49.239834456402221 ], [ -124.60351792881562, 49.238187791877095 ], [ -124.607905244924481, 49.239431141616159 ], [ -124.614891263981363, 49.239638202268601 ], [ -124.616084730384529, 49.241696330369173 ], [ -124.613200588821499, 49.244641000338426 ], [ -124.614366580708008, 49.247224658524594 ], [ -124.611781557918789, 49.250468272886508 ], [ -124.611285449739981, 49.252531525622203 ], [ -124.607096190369489, 49.257812041001863 ], [ -124.606065461506319, 49.260418274389075 ], [ -124.606504057007527, 49.261248331183545 ], [ -124.604847307866308, 49.260103167354877 ], [ -124.60259516186369, 49.260112392492772 ], [ -124.602511132318625, 49.263940879094385 ], [ -124.598033895293284, 49.263918340311704 ], [ -124.592747621095754, 49.261069614827534 ] ] ] } },
{ "type": "Feature", "properties": { "name": "Benson Creek Falls Regional Park", "kind": "Regional" }, "geometry": { "type": "Polygon", "coordinates": [ [ [ -124.082507076335077, 49.18856642595064 ], [ -124.082060798857427, 49.195716780984696 ], [ -124.076857781202733, 49.19572073188241 ], [ -124.076872911349056, 49.188571910742084 ], [ -124.082507076335077, 49.18856642595064 ] ] ] } },
{ "type": "Feature", "properties": { "name": "Mount Benson Regional Park", "kind": "Regional" }, "geometry": { "type": "Polygon", "coordinates": [ [ [ -124.06076899683039, 49.160046161705587 ], [ -124.060727448874374, 49.156455050504384 ], [ -124.027880330158766, 49.156281528117979 ], [ -124.028157699536749, 49.145572451477605 ], [ -124.036078826610805, 49.14572261208675 ], [ -124.035981315868469, 49.149023437382112 ], [ -124.05320301309365, 49.149180732036193 ], [ -124.053216799411032, 49.149851683710281 ], [ -124.046229693257743, 49.149447444262883 ], [ -124.046260653754658, 49.150638004877798 ], [ -124.053231488900252, 49.150589449198137 ], [ -124.053279468762497, 49.152948644777027 ], [ -124.065818897446803, 49.153477306245335 ], [ -124.065836878887595, 49.160116172217833 ], [ -124.06076899683039, 49.160046161705587 ] ] ] } },
{ "type": "Feature", "properties": { "name": "Descanso Bay Regional Park", "kind": "Regional" }, "geometry": { "type": "Polygon", "coordinates": [ [ [ -123.865540869275577, 49.185535762673389 ], [ -123.859337151201615, 49.183626320066274 ], [ -123.855020982302648, 49.183672328254502 ], [ -123.854049573494521, 49.18289976537875 ], [ -123.855832866346006, 49.181615780378728 ], [ -123.86320783575907, 49.181709232460129 ], [ -123.86334948995561, 49.182235582831517 ], [ -123.861674550532044, 49.182416845005285 ], [ -123.863443529652585, 49.183402198225814 ], [ -123.860656936050191, 49.183352294933009 ], [ -123.865540869275577, 49.185535762673389 ] ] ] } },
{ "type": "Feature", "properties": { "name": "Coats Marsh Regional Park", "kind": "Regional" }, "geometry": { "type": "Polygon", "coordinates": [ [ [ -123.82125130531233, 49.15453662406992 ], [ -123.821241180737317, 49.157115164334442 ], [ -123.810143110448436, 49.157024014060362 ], [ -123.810213057761459, 49.14996204524806 ], [ -123.815741557363339, 49.150058427979971 ], [ -123.815681263064363, 49.153474307677612 ], [ -123.819131771813019, 49.154386444571536 ], [ -123.818727564901025, 49.152896502428653 ], [ -123.81918326064563, 49.152969908867135 ], [ -123.819469477173953, 49.154651612885132 ], [ -123.82125130531233, 49.15453662406992 ] ] ] } },
{ "type": "Feature", "properties": { "name": "Nanaimo River Regional Park", "kind": "Regional" }, "geometry": { "type": "Polygon", "coordinates": [ [ [ -123.864396234082747, 49.082715045421672 ], [ -123.864306245101574, 49.079238246853016 ], [ -123.872680288920023, 49.079269193239654 ], [ -123.872685966630073, 49.075655677575917 ], [ -123.877937381660544, 49.075673691741379 ], [ -123.877737353098354, 49.082723209442833 ], [ -123.864396234082747, 49.082715045421672 ] ] ] } },
{ "type": "Feature", "properties": { "name": "Rivers Edge Regional Park", "kind": "Regional" }, "geometry": { "type": "Polygon", "coordinates": [ [ [ -124.271452511548787, 49.272078125587676 ], [ -124.270304504593511, 49.272065826006582 ], [ -124.269879158415478, 49.27083225771878 ], [ -124.268323163776472, 49.270831186885665 ], [ -124.268319683242382, 49.269576998127476 ], [ -124.266665174640494, 49.269976573928112 ], [ -124.266642603876988, 49.267259142014552 ], [ -124.268508938080387, 49.267104539062522 ], [ -124.268498330562593, 49.270727604500983 ], [ -124.27001706102601, 49.270726572352856 ], [ -124.271452511548787, 49.272078125587676 ] ] ] } },
{ "type": "Feature", "properties": { "name": "Rivers Edge Regional Park", "kind": "Regional" }, "geometry": { "type": "Polygon", "coordinates": [ [ [ -124.262195488434131, 49.272686125408626 ], [ -124.267092574439857, 49.272724925600528 ], [ -124.264952156830674, 49.272847842842943 ], [ -124.264918326017025, 49.27379031049518 ], [ -124.263381887225947, 49.275198760067859 ], [ -124.263297904029756, 49.276000771608608 ], [ -124.271140239436193, 49.276082724606113 ], [ -124.261143450323999, 49.276176468145927 ], [ -124.261124731862722, 49.273760566192102 ], [ -124.262195488434131, 49.272686125408626 ] ] ] } },
{ "type": "Feature", "properties": { "name": "Rivers Edge Regional Park", "kind": "Regional" }, "geometry": { "type": "Polygon", "coordinates": [ [ [ -124.256419137647498, 49.293726185198587 ], [ -124.258187940082408, 49.296865301843823 ], [ -124.259520739265938, 49.29684867646634 ], [ -124.2590423793756, 49.295152757991275 ], [ -124.259708027695552, 49.293749666247734 ], [ -124.25984244800847, 49.298553335526215 ], [ -124.258211254054928, 49.298573698233874 ], [ -124.256419137647498, 49.293726185198587 ] ] ] } },
{ "type": "Feature", "properties": { "name": "Park Reserve", "kind": "Regional" }, "geometry": { "type": "Polygon", "coordinates": [ [ [ -123.970058413321254, 49.224542647529773 ], [ -123.970129946322984, 49.223579314930568 ], [ -123.969250469108971, 49.223273272799332 ], [ -123.967503757454693, 49.222964099552634 ], [ -123.966315918308709, 49.223449703520807 ], [ -123.963161112946736, 49.22186388657888 ], [ -123.961299063898537, 49.221732633456405 ], [ -123.96138918278983, 49.220223273044574 ], [ -123.964885868598259, 49.22018389209348 ], [ -123.964974459276704, 49.21306289622266 ], [ -123.976950592014703, 49.213171956763233 ], [ -123.976854518764725, 49.216997379461148 ], [ -123.974323427569772, 49.21699461808123 ], [ -123.974217717064462, 49.224203237151038 ], [ -123.970058413321254, 49.224542647529773 ] ] ] } },
{ "type": "Feature", "properties": { "name": "Siskin Forest Park", "kind": "Regional" }, "geometry": { "type": "Polygon", "coordinates": [ [ [ -124.983549645337604, 50.052112720017604 ], [ -124.977186607003091, 50.051609667858166 ], [ -124.977196999572868, 50.050269248140083 ], [ -124.975819591126992, 50.050000323237711 ], [ -124.981285282118264, 50.049803729034764 ], [ -124.983588125713254, 50.048631029230009 ], [ -124.983549645337604, 50.052112720017604 ] ] ] } },
{ "type": "Feature", "properties": { "name": "Kw'As Park", "kind": "Regional" }, "geometry": { "type": "Polygon", "coordinates": [ [ [ -124.963526290157176, 50.059106047532431 ], [ -124.962820011827048, 50.060287330031798 ], [ -124.960826037271744, 50.061436415207204 ], [ -124.960122677948121, 50.061191945166264 ], [ -124.960286475879528, 50.060100791684647 ], [ -124.958180616022844, 50.060680541938467 ], [ -124.957062164306407, 50.06480557106071 ], [ -124.959496389015612, 50.066513993667542 ], [ -124.960241077565541, 50.063528608262182 ], [ -124.962224426490508, 50.062298771319107 ], [ -124.964139267919506, 50.062419281114735 ], [ -124.965105672016492, 50.061566398671623 ], [ -124.96530948267997, 50.062781750851556 ], [ -124.966509169278055, 50.062999789139994 ], [ -124.966817562529414, 50.073783915324675 ], [ -124.95948437386258, 50.073719086611504 ], [ -124.958636200082552, 50.071682575952153 ], [ -124.956980786284774, 50.07068058996569 ], [ -124.957058035775063, 50.06867343519972 ], [ -124.955803826071147, 50.06771863632131 ], [ -124.956210146613813, 50.066542455351787 ], [ -124.955480700096572, 50.066001567584244 ], [ -124.955404444651521, 50.059144261905445 ], [ -124.963526290157176, 50.059106047532431 ] ] ] } },
{ "type": "Feature", "properties": { "name": "Blenkin Park", "kind": "Regional" }, "geometry": { "type": "Polygon", "coordinates": [ [ [ -125.197654528987755, 50.059886458761596 ], [ -125.209550955756882, 50.060087782572026 ], [ -125.209692731677166, 50.067353147668847 ], [ -125.197521285680338, 50.067184020618924 ], [ -125.197654528987755, 50.059886458761596 ] ] ] } },
{ "type": "Feature", "properties": { "name": "Granite Bay Park", "kind": "Regional" }, "geometry": { "type": "Polygon", "coordinates": [ [ [ -125.304045430240436, 50.237813779027881 ], [ -125.303333955599371, 50.236720899597536 ], [ -125.308297997942773, 50.237590044489764 ], [ -125.307714442866171, 50.238814759318494 ], [ -125.304045430240436, 50.237813779027881 ] ] ] } },
{ "type": "Feature", "properties": { "name": "Gowlland Harbour Park", "kind": "Regional" }, "geometry": { "type": "MultiPolygon", "coordinates": [ [ [ [ -125.260935510688128, 50.104310891376649 ], [ -125.25821506765476, 50.104714678835087 ], [ -125.258566255966656, 50.102935806681089 ], [ -125.260935510688128, 50.104310891376649 ] ] ], [ [ [ -125.258211804653328, 50.105276935009982 ], [ -125.261065743285741, 50.104524236993065 ], [ -125.261389894532371, 50.105448915863356 ], [ -125.258211804653328, 50.105276935009982 ] ] ] ] } },
{ "type": "Feature", "properties": { "name": "Copper Bluff Park", "kind": "Regional" }, "geometry": { "type": "Polygon", "coordinates": [ [ [ -125.276353157250128, 50.104279332694688 ], [ -125.277067992838056, 50.104966929440323 ], [ -125.274830189727425, 50.104992827157069 ], [ -125.274826569569143, 50.104556633459367 ], [ -125.276353157250128, 50.104279332694688 ] ] ] } },
{ "type": "Feature", "properties": { "name": "Carrington Bay Park", "kind": "Regional" }, "geometry": { "type": "Polygon", "coordinates": [ [ [ -125.015230794723806, 50.15690712373685 ], [ -125.013285958423339, 50.158059257876523 ], [ -124.992181349132679, 50.143348379091528 ], [ -124.992217179007113, 50.142449516181038 ], [ -124.988718020919379, 50.142453981088195 ], [ -124.988951676443506, 50.136601751093302 ], [ -124.986852443167152, 50.136604373908838 ], [ -124.987037118183409, 50.131977931780831 ], [ -125.009435602796373, 50.132175265973956 ], [ -125.009452399259189, 50.13946386160378 ], [ -125.015114941936488, 50.139452273077403 ], [ -125.015230794723806, 50.15690712373685 ] ] ] } },
{ "type": "Feature", "properties": { "name": "Oyster Bay Shoreline Park", "kind": "Regional" }, "geometry": { "type": "Polygon", "coordinates": [ [ [ -125.148147695613545, 49.896853244340903 ], [ -125.148140494595282, 49.895350823187378 ], [ -125.150440053239009, 49.895658971629395 ], [ -125.14937331020964, 49.896056556178969 ], [ -125.148944960820629, 49.897404800188681 ], [ -125.148147695613545, 49.896853244340903 ] ] ] } },
{ "type": "Feature", "properties": { "name": "Storie Creek Park", "kind": "Regional" }, "geometry": { "type": "Polygon", "coordinates": [ [ [ -125.192370977327954, 49.923367195585662 ], [ -125.189351117373434, 49.92281484698718 ], [ -125.192433094579826, 49.922909457998266 ], [ -125.192370977327954, 49.923367195585662 ] ] ] } },
{ "type": "Feature", "properties": { "name": "Oyster River Nature Park", "kind": "Regional" }, "geometry": { "type": "Polygon", "coordinates": [ [ [ -125.119928291949776, 49.871860441967847 ], [ -125.123736938168008, 49.869674901635882 ], [ -125.126240061271929, 49.869663926063986 ], [ -125.127371162094775, 49.871869517646736 ], [ -125.119928291949776, 49.871860441967847 ] ] ] } },
{ "type": "Feature", "properties": { "name": "Oyster River Trails", "kind": "Regional" }, "geometry": { "type": "Polygon", "coordinates": [ [ [ -125.125957297275477, 49.888461775497348 ], [ -125.123986385056739, 49.887880878647429 ], [ -125.123927054825771, 49.887520370748945 ], [ -125.124615217389959, 49.887387181007171 ], [ -125.125957297275477, 49.888461775497348 ] ] ] } },
{ "type": "Feature", "properties": { "name": "Maple Park", "kind": "Regional" }, "geometry": { "type": "Polygon", "coordinates": [ [ [ -125.186514233379185, 49.918425276637549 ], [ -125.185613209145771, 49.917856897776232 ], [ -125.188987501570736, 49.917620696807134 ], [ -125.18897583135454, 49.918453552567406 ], [ -125.186514233379185, 49.918425276637549 ] ] ] } },
{ "type": "Feature", "properties": { "name": "Rendezvous Park", "kind": "Regional" }, "geometry": { "type": "Polygon", "coordinates": [ [ [ -125.074356860438314, 50.292787421189217 ], [ -125.077690839240987, 50.294211987301274 ], [ -125.077609583387613, 50.295670568031511 ], [ -125.075081470953805, 50.294798285052217 ], [ -125.074356860438314, 50.292787421189217 ] ] ] } },
{ "type": "Feature", "properties": { "name": "Gnat Park", "kind": "Regional" }, "geometry": { "type": "Polygon", "coordinates": [ [ [ -124.906387030802051, 50.116270651337246 ], [ -124.906361514565404, 50.115726890078605 ], [ -124.909059314352504, 50.116112330575 ], [ -124.909058837738741, 50.116273959424895 ], [ -124.906387030802051, 50.116270651337246 ] ] ] } },
{ "type": "Feature", "properties": { "name": "Whiskey Point Park", "kind": "Regional" }, "geometry": { "type": "Polygon", "coordinates": [ [ [ -125.211999644112254, 50.036632654916005 ], [ -125.213798071550983, 50.036906970044861 ], [ -125.21241323829291, 50.03764089020909 ], [ -125.211999644112254, 50.036632654916005 ] ] ] } },
{ "type": "Feature", "properties": { "name": "Hank'S Beach Forest Conservation Park", "kind": "Regional" }, "geometry": { "type": "Polygon", "coordinates": [ [ [ -124.956173954914462, 50.044801413384455 ], [ -124.965946396545846, 50.044843105473632 ], [ -124.966145480927352, 50.05202216054029 ], [ -124.955274005212175, 50.051940592033517 ], [ -124.955238609349436, 50.046053967716915 ], [ -124.956173954914462, 50.044801413384455 ] ] ] } },
{ "type": "Feature", "properties": { "name": "Hagel Park", "kind": "Regional" }, "geometry": { "type": "Polygon", "coordinates": [ [ [ -125.183518348473058, 49.909589878439085 ], [ -125.182075575806209, 49.908339792574168 ], [ -125.185982615706351, 49.908376410050046 ], [ -125.183518348473058, 49.909589878439085 ] ] ] } },
{ "type": "Feature", "properties": { "name": "Esplanade Park And Trails", "kind": "Regional" }, "geometry": { "type": "Polygon", "coordinates": [ [ [ -125.21658776596567, 50.102589320243354 ], [ -125.214879494630907, 50.101947308048459 ], [ -125.214055339633518, 50.101549553117813 ], [ -125.214413191040791, 50.101190897561324 ], [ -125.217164820683521, 50.10248622223444 ], [ -125.217766304804329, 50.103425559796577 ], [ -125.217766589946152, 50.101215667769566 ], [ -125.218058579085962, 50.10367211278092 ], [ -125.216885146498171, 50.103663052565174 ], [ -125.21658776596567, 50.102589320243354 ] ] ] } },
{ "type": "Feature", "properties": { "name": "John Kim Nature Sanctuary", "kind": "Regional" }, "geometry": { "type": "Polygon", "coordinates": [ [ [ -125.107483819102924, 50.225895527885626 ], [ -125.107589741045544, 50.224998622271528 ], [ -125.107831918071156, 50.222938902725872 ], [ -125.108894895885953, 50.224718575672355 ], [ -125.107483819102924, 50.225895527885626 ] ] ] } },
{ "type": "Feature", "properties": { "name": "Whaletown Commons Park", "kind": "Regional" }, "geometry": { "type": "Polygon", "coordinates": [ [ [ -125.038092973774297, 50.110623982886608 ], [ -125.032626491040091, 50.110517466045607 ], [ -125.032972218175871, 50.10491208058108 ], [ -125.035121506205869, 50.104950861077398 ], [ -125.035187150203328, 50.103447564328782 ], [ -125.037451990226799, 50.103502272097153 ], [ -125.03735757383113, 50.104583316828659 ], [ -125.038615230006215, 50.104610704821489 ], [ -125.038092973774297, 50.110623982886608 ] ] ] } },
{ "type": "Feature", "properties": { "name": "Beaver Lodge Forest Lands", "kind": "Regional" }, "geometry": { "type": "MultiPolygon", "coordinates": [ [ [ [ -125.265981763918916, 49.97444688243008 ], [ -125.271823244548273, 49.983427518849552 ], [ -125.270611507950377, 49.983950490873177 ], [ -125.269229358007408, 49.985151432317558 ], [ -125.264813767586844, 49.983357738719754 ], [ -125.264807552950998, 49.983578240802188 ], [ -125.269163671998626, 49.985404589421634 ], [ -125.269252420000356, 49.990927914063874 ], [ -125.259703221669838, 50.00027860328214 ], [ -125.259052082776208, 50.000277790555735 ], [ -125.259335618325238, 49.996242398363812 ], [ -125.253641735718674, 49.996146295371879 ], [ -125.252323038701775, 49.994372865048547 ], [ -125.253419097693182, 49.993240655458806 ], [ -125.252732502534627, 49.992385953788855 ], [ -125.250968738426252, 49.992591106119733 ], [ -125.250673654398497, 49.993172530747756 ], [ -125.248760707572686, 49.991900829366855 ], [ -125.250145673985216, 49.988298336580257 ], [ -125.24823526959149, 49.984481090239619 ], [ -125.247837892373767, 49.975830673308948 ], [ -125.245929140808983, 49.971833278074186 ], [ -125.241722008249781, 49.966949307484995 ], [ -125.245099515570971, 49.966978411106993 ], [ -125.245728259017199, 49.967649866651726 ], [ -125.248417829093228, 49.967597746664808 ], [ -125.248433929535437, 49.967008239544775 ], [ -125.259898477040409, 49.96702372201392 ], [ -125.259465391493379, 49.9743768373744 ], [ -125.265981763918916, 49.97444688243008 ] ], [ [ -125.259034741073378, 49.98893960064504 ], [ -125.258945241745835, 49.992582866619394 ], [ -125.261173922282012, 49.992596500525416 ], [ -125.261257952823527, 49.988968230288521 ], [ -125.259034741073378, 49.98893960064504 ] ] ], [ [ [ -125.260036094086487, 50.000281107338743 ], [ -125.26841946246617, 49.992233080862277 ], [ -125.271313938404816, 49.993530221071282 ], [ -125.275532301523128, 49.9935779497021 ], [ -125.275529762321582, 50.000274996316385 ], [ -125.260036094086487, 50.000281107338743 ] ] ], [ [ [ -125.247821804051455, 49.98916816283861 ], [ -125.244143561408634, 49.985315767956827 ], [ -125.242006697335839, 49.98432714013444 ], [ -125.243692369158751, 49.983813700034432 ], [ -125.246282853930111, 49.981878156524182 ], [ -125.247706081157503, 49.981522733102295 ], [ -125.247941856164246, 49.984972344021287 ], [ -125.249720886221596, 49.988230114209571 ], [ -125.248634337896704, 49.991155621406094 ], [ -125.247821804051455, 49.98916816283861 ] ] ], [ [ [ -125.239206033400066, 49.984147373799047 ], [ -125.235920190839437, 49.981372764305448 ], [ -125.246554812263497, 49.981495569265746 ], [ -125.24241641676916, 49.984030949187229 ], [ -125.241421232512025, 49.984149557789777 ], [ -125.241465812041241, 49.983523523077082 ], [ -125.2391025647497, 49.982979988879052 ], [ -125.239206033400066, 49.984147373799047 ] ] ], [ [ [ -125.271931891312889, 49.983596301677984 ], [ -125.275316405658501, 49.988801189250481 ], [ -125.276169612627712, 49.990111248471713 ], [ -125.274653493361626, 49.989434871322949 ], [ -125.270775885844813, 49.985885760676183 ], [ -125.269418372280072, 49.985480560221148 ], [ -125.271931891312889, 49.983596301677984 ] ] ] ] } },
{ "type": "Feature", "properties": { "name": "Siskin Forest Trails", "kind": "Regional" }, "geometry": { "type": "MultiPolygon", "coordinates": [ [ [ [ -124.985604471210024, 50.037641747544889 ], [ -124.985571607895935, 50.039405317797346 ], [ -124.986139799316689, 50.039530516664648 ], [ -124.986543243301597, 50.039851921539096 ], [ -124.988412256472998, 50.039496087453784 ], [ -124.989446231975705, 50.03970774046973 ], [ -124.986570339553381, 50.039905433428927 ], [ -124.987044194711174, 50.040230128702667 ], [ -124.986818316356491, 50.04049934705764 ], [ -124.986304395095814, 50.040769001834164 ], [ -124.986243346405985, 50.041701017924268 ], [ -124.985935895239734, 50.041791732175305 ], [ -124.986507221419799, 50.042299159245459 ], [ -124.986842283360005, 50.043458265662132 ], [ -124.988418432822371, 50.0434267745471 ], [ -124.987686436811856, 50.04375413623346 ], [ -124.987585153124456, 50.044313557888181 ], [ -124.987259359488192, 50.044436069174829 ], [ -124.98620682545301, 50.04451705843254 ], [ -124.98422932807749, 50.044078653023909 ], [ -124.987248705404227, 50.044400268397354 ], [ -124.987626173759878, 50.04379564046225 ], [ -124.9867627090388, 50.043486608665241 ], [ -124.9864250972024, 50.042318559581808 ], [ -124.985440590373074, 50.041656290693609 ], [ -124.985245910823579, 50.041349298331617 ], [ -124.984050748777761, 50.041293286483921 ], [ -124.983227875704515, 50.04107798874012 ], [ -124.982846817709031, 50.040855130622489 ], [ -124.982891451471005, 50.039999844049511 ], [ -124.9790486340071, 50.042210747139585 ], [ -124.978428424173487, 50.045724853712166 ], [ -124.979067034061231, 50.045682478306581 ], [ -124.981338210745349, 50.04619240495537 ], [ -124.978435441838315, 50.045778693140456 ], [ -124.978698049424494, 50.047600184526985 ], [ -124.978546047927253, 50.047895118694171 ], [ -124.978211686675436, 50.044954976284217 ], [ -124.976727613280019, 50.045178162320866 ], [ -124.97610349033782, 50.045148318656047 ], [ -124.978202937340285, 50.044901165637675 ], [ -124.978950332061572, 50.042293386375746 ], [ -124.977669361585939, 50.04172156424189 ], [ -124.977496530912475, 50.041562598161022 ], [ -124.977691858762071, 50.041185979147478 ], [ -124.978966513936314, 50.04219865590391 ], [ -124.980717157237336, 50.040999442520054 ], [ -124.97993749270195, 50.039659021140452 ], [ -124.979898928775285, 50.039209926752839 ], [ -124.980072137736201, 50.038932626811793 ], [ -124.980787211128501, 50.040962267391691 ], [ -124.98290462214058, 50.039927661084207 ], [ -124.985488859223878, 50.0392403262261 ], [ -124.985604471210024, 50.037641747544889 ] ], [ [ -124.985486860246027, 50.039456242332768 ], [ -124.982959935119851, 50.039967193393331 ], [ -124.982938983064003, 50.040835565101176 ], [ -124.985322572849284, 50.041303010662382 ], [ -124.985851103939012, 50.04175720719239 ], [ -124.986161613892975, 50.041666440467999 ], [ -124.986226335342693, 50.04073885478109 ], [ -124.986938333028192, 50.040245435617166 ], [ -124.985486860246027, 50.039456242332768 ] ] ], [ [ [ -124.981102056734855, 50.048238279950986 ], [ -124.981187116164648, 50.048236829500595 ], [ -124.981299882539361, 50.049809016035475 ], [ -124.981102056734855, 50.048238279950986 ] ] ] ] } },
{ "type": "Feature", "properties": { "name": "Quathiaski Cove Park", "kind": "Regional" }, "geometry": { "type": "Polygon", "coordinates": [ [ [ -125.215932493489774, 50.039981860049309 ], [ -125.217335075050471, 50.040814631675957 ], [ -125.216761736316286, 50.041491228574124 ], [ -125.215534287235457, 50.040316055762567 ], [ -125.215932493489774, 50.039981860049309 ] ] ] } },
{ "type": "Feature", "properties": { "name": "Hagel Creek Park", "kind": "Regional" }, "geometry": { "type": "MultiPolygon", "coordinates": [ [ [ [ -125.183157258560158, 49.912808405029025 ], [ -125.183605671355991, 49.91229725298529 ], [ -125.185318712127227, 49.912799944515719 ], [ -125.18382973541793, 49.912583288642175 ], [ -125.183157258560158, 49.912808405029025 ] ] ], [ [ [ -125.184701183263599, 49.912225207219265 ], [ -125.185410141433863, 49.911571401030599 ], [ -125.185399330700136, 49.912597034184252 ], [ -125.184701183263599, 49.912225207219265 ] ] ], [ [ [ -125.184918329410436, 49.911298708871804 ], [ -125.185449152503523, 49.910752300713085 ], [ -125.185695624666238, 49.910853612349612 ], [ -125.185462006208724, 49.911509318185082 ], [ -125.184918329410436, 49.911298708871804 ] ] ] ] } },
{ "type": "Feature", "properties": { "name": "Bear Creek Nature Park", "kind": "Regional" }, "geometry": { "type": "Polygon", "coordinates": [ [ [ -125.164035509232022, 49.868734722154173 ], [ -125.162140412655148, 49.864987288052653 ], [ -125.158518103269145, 49.864472278592146 ], [ -125.15850192348428, 49.858375250718893 ], [ -125.164531921089932, 49.857374433890058 ], [ -125.164551625406062, 49.864465296538299 ], [ -125.168194541275838, 49.865605490676899 ], [ -125.170713080189969, 49.868314547885731 ], [ -125.172419091143723, 49.868839688500493 ], [ -125.173074683219937, 49.871735691100341 ], [ -125.171229165199023, 49.872466633933101 ], [ -125.169169981213102, 49.870889168157682 ], [ -125.165555140532149, 49.869930992033176 ], [ -125.164035509232022, 49.868734722154173 ] ] ] } },
{ "type": "Feature", "properties": { "name": "Esplanade Park And Trails", "kind": "Regional" }, "geometry": { "type": "Polygon", "coordinates": [ [ [ -125.231870452589249, 50.103776101878253 ], [ -125.221872732728443, 50.103702599318353 ], [ -125.220790084895683, 50.09704419131598 ], [ -125.223499921167914, 50.097145130865599 ], [ -125.224345464707667, 50.098680854356274 ], [ -125.228058349608503, 50.09937622776382 ], [ -125.229821861377332, 50.098193458388728 ], [ -125.229352398762003, 50.096451118733832 ], [ -125.231930056164416, 50.096456469306162 ], [ -125.231870452589249, 50.103776101878253 ] ] ] } },
{ "type": "Feature", "properties": { "name": "Chemainus Estuary Management Area", "kind": "Regional" }, "geometry": { "type": "Polygon", "coordinates": [ [ [ -123.673747428716382, 48.892667865530314 ], [ -123.673213934810178, 48.891944587191603 ], [ -123.669574086529366, 48.89254240291465 ], [ -123.66566969973475, 48.887989606729533 ], [ -123.660496167668555, 48.886701122987532 ], [ -123.658506241779421, 48.883308534108586 ], [ -123.667237233704085, 48.882187217909909 ], [ -123.666993776931633, 48.881145489233241 ], [ -123.671897408335909, 48.880598316884416 ], [ -123.671928744453993, 48.879853498602927 ], [ -123.673690198023806, 48.880007127507035 ], [ -123.673598505865584, 48.879179830323132 ], [ -123.674437758818655, 48.878313873881979 ], [ -123.673743217496153, 48.879357413837837 ], [ -123.674178876715573, 48.880554576979499 ], [ -123.672017915948729, 48.881948360465877 ], [ -123.673169309053478, 48.882158448798243 ], [ -123.673166842514775, 48.885414987044257 ], [ -123.687353964404309, 48.885409626429038 ], [ -123.68697905887889, 48.886982949723873 ], [ -123.685914301064557, 48.887884055504372 ], [ -123.68631389562276, 48.889907019533879 ], [ -123.684134909224099, 48.892670977672516 ], [ -123.67884173585918, 48.892669508249057 ], [ -123.679711590712841, 48.893603862725008 ], [ -123.679271409860505, 48.893867156670161 ], [ -123.677349090050427, 48.892669053229149 ], [ -123.673747428716382, 48.892667865530314 ] ] ] } },
{ "type": "Feature", "properties": { "name": "Elkington Garry Oak Reserve", "kind": "Regional" }, "geometry": { "type": "Polygon", "coordinates": [ [ [ -123.625857567231193, 48.809971620243665 ], [ -123.626820079175985, 48.808582298624884 ], [ -123.630060134756008, 48.806958535109558 ], [ -123.63170662899293, 48.806398044794776 ], [ -123.632671163852052, 48.806936330780054 ], [ -123.631771314210809, 48.80991411866485 ], [ -123.625857567231193, 48.809971620243665 ] ] ] } },
{ "type": "Feature", "properties": { "name": "Cowichan Estuary Environmental Management Area", "kind": "Regional" }, "geometry": { "type": "Polygon", "coordinates": [ [ [ -123.605310515340847, 48.755597635367288 ], [ -123.61120487629897, 48.740291653390841 ], [ -123.623086920942825, 48.740857063802437 ], [ -123.627110020592156, 48.742850959660039 ], [ -123.633869924801544, 48.743172812506693 ], [ -123.648541811429467, 48.746845359125395 ], [ -123.652627996983085, 48.74727062224828 ], [ -123.656528793890828, 48.749805898358197 ], [ -123.65446431414783, 48.756000479796739 ], [ -123.654603024845599, 48.757493215848818 ], [ -123.652465280342099, 48.760440881521419 ], [ -123.645460944279662, 48.760854286924982 ], [ -123.644104417260081, 48.761975172534534 ], [ -123.644203405152993, 48.765471294563859 ], [ -123.641352781894867, 48.76968537371949 ], [ -123.641823748211721, 48.771400828107978 ], [ -123.63912675129653, 48.770929353704588 ], [ -123.634985389347079, 48.771398191994649 ], [ -123.632886461470648, 48.768689535409202 ], [ -123.629998093882662, 48.767060947558605 ], [ -123.627717898127912, 48.766281208258064 ], [ -123.625577569585218, 48.766767111716128 ], [ -123.622581638246388, 48.76635704498694 ], [ -123.617357106810687, 48.764075815059108 ], [ -123.609659992238306, 48.759089359256286 ], [ -123.609305915961372, 48.757555914505865 ], [ -123.605310515340847, 48.755597635367288 ] ] ] } },
{ "type": "Feature", "properties": { "name": "Timbercrest & Somenos Garry Oak Reserve", "kind": "Regional" }, "geometry": { "type": "Polygon", "coordinates": [ [ [ -123.697100136048689, 48.792145314536057 ], [ -123.696038987036872, 48.790696241727126 ], [ -123.698380280079647, 48.789690656141943 ], [ -123.700260088066585, 48.791271832946926 ], [ -123.702073529935902, 48.791851620779305 ], [ -123.697100136048689, 48.792145314536057 ] ] ] } },
{ "type": "Feature", "properties": { "name": "Osborne Bay", "kind": "Regional" }, "geometry": { "type": "Polygon", "coordinates": [ [ [ -123.625253842715139, 48.856661782374559 ], [ -123.621829427239149, 48.853947007191415 ], [ -123.621819135018356, 48.85283750952415 ], [ -123.625068205399188, 48.852827995328994 ], [ -123.625075610759836, 48.853972316415181 ], [ -123.628746568668589, 48.8557672073023 ], [ -123.628822053035151, 48.857362032139314 ], [ -123.625253842715139, 48.856661782374559 ] ] ] } },
{ "type": "Feature", "properties": { "name": "Osborne Bay", "kind": "Regional" }, "geometry": { "type": "Polygon", "coordinates": [ [ [ -123.621829427239149, 48.853947007191415 ], [ -123.625253842715139, 48.856661782374559 ], [ -123.617893234237783, 48.858831356269775 ], [ -123.617699200136869, 48.856640026549044 ], [ -123.621842600220674, 48.855366842310737 ], [ -123.621829427239149, 48.853947007191415 ] ] ] } },
{ "type": "Feature", "properties": { "name": "Glenora Trails Head Park", "kind": "Regional" }, "geometry": { "type": "Polygon", "coordinates": [ [ [ -123.796988004753715, 48.758593853499946 ], [ -123.791686600447306, 48.757317110001239 ], [ -123.791655001934728, 48.758249004794067 ], [ -123.788380362647274, 48.758079604423429 ], [ -123.786520647493901, 48.757064716535574 ], [ -123.786771982237696, 48.756490159677391 ], [ -123.785554764656368, 48.756299684119931 ], [ -123.785876664241883, 48.75561022780338 ], [ -123.797489164108512, 48.757299356923184 ], [ -123.796988004753715, 48.758593853499946 ] ] ] } },
{ "type": "Feature", "properties": { "name": "Stocking Heart Lake Regional Park", "kind": "Regional" }, "geometry": { "type": "Polygon", "coordinates": [ [ [ -123.811202840239289, 48.964167229907247 ], [ -123.811282028576713, 48.960551202395102 ], [ -123.805376992885172, 48.960493229698827 ], [ -123.804769468900972, 48.958159185373098 ], [ -123.803355413788381, 48.955994932572942 ], [ -123.806852865530075, 48.953343845093151 ], [ -123.813574553304733, 48.952795560664498 ], [ -123.813719527968956, 48.954052560165444 ], [ -123.815892614049972, 48.95516212560414 ], [ -123.814777868186709, 48.956819900048473 ], [ -123.817776196649945, 48.956798689889069 ], [ -123.817750131932016, 48.95520433382331 ], [ -123.818507399560389, 48.956035558883038 ], [ -123.815757714944539, 48.95937278191213 ], [ -123.816955436314672, 48.961913279233087 ], [ -123.818897556090619, 48.962538648988399 ], [ -123.818846559195279, 48.965174629764519 ], [ -123.816096544771298, 48.965150862212937 ], [ -123.816063896973986, 48.965971020002669 ], [ -123.814155777578776, 48.965999962136884 ], [ -123.814130434381255, 48.964157955311606 ], [ -123.811202840239289, 48.964167229907247 ] ] ] } },
{ "type": "Feature", "properties": { "name": "Shawnigan Creek Nature Park", "kind": "Regional" }, "geometry": { "type": "Polygon", "coordinates": [ [ [ -123.628992087142549, 48.595879200641662 ], [ -123.624433352604754, 48.594671271365087 ], [ -123.624412602712127, 48.595572882706996 ], [ -123.622400022420152, 48.59573525998956 ], [ -123.621989989085222, 48.593530818815921 ], [ -123.622693733167765, 48.591146989541492 ], [ -123.629010239089951, 48.592904398470374 ], [ -123.628992087142549, 48.595879200641662 ] ] ] } },
{ "type": "Feature", "properties": { "name": "Koksilah River Park", "kind": "Regional" }, "geometry": { "type": "MultiPolygon", "coordinates": [ [ [ [ -123.644617390118142, 48.694269163913837 ], [ -123.647873906794587, 48.692896969382659 ], [ -123.648283679211644, 48.691176396378964 ], [ -123.649852021501843, 48.689903601430963 ], [ -123.648408597142179, 48.688503827206482 ], [ -123.648737075386435, 48.687399949923417 ], [ -123.64814323360946, 48.686751066274319 ], [ -123.651168424935676, 48.684903284853554 ], [ -123.651355743293678, 48.683296405889159 ], [ -123.655143926274945, 48.682690169571906 ], [ -123.657135346400196, 48.683555963619192 ], [ -123.658694654364851, 48.682382907127327 ], [ -123.660494780650652, 48.679450206000375 ], [ -123.662496761429864, 48.680207998024152 ], [ -123.662506572393994, 48.6807659171373 ], [ -123.660565178651112, 48.680895924066597 ], [ -123.657085558144516, 48.6839385820955 ], [ -123.654302539287301, 48.683452238428998 ], [ -123.652416255578032, 48.684212517182246 ], [ -123.651529768465863, 48.686057247759848 ], [ -123.649361076767704, 48.687882230671271 ], [ -123.649185015724612, 48.688719865841755 ], [ -123.650585201515995, 48.689760019852912 ], [ -123.647482010391215, 48.694226110956627 ], [ -123.645943950527453, 48.695291796248711 ], [ -123.646073934100372, 48.696986839243472 ], [ -123.645084909632118, 48.696992380887146 ], [ -123.644450069621783, 48.695965876934196 ], [ -123.645110426033227, 48.694734200609659 ], [ -123.644617390118142, 48.694269163913837 ] ] ], [ [ [ -123.648205881299404, 48.693947658818971 ], [ -123.64923765349377, 48.693937345767615 ], [ -123.647427269383101, 48.69518900903374 ], [ -123.648204606485479, 48.697586613371612 ], [ -123.647129277771015, 48.698645211868445 ], [ -123.648499532592083, 48.699420172814165 ], [ -123.648669286715474, 48.701227439536162 ], [ -123.648080237991195, 48.701230760438229 ], [ -123.64713718682178, 48.699261399920928 ], [ -123.646398647272548, 48.695581614003878 ], [ -123.648205881299404, 48.693947658818971 ] ] ], [ [ [ -123.649672084480898, 48.691528425627403 ], [ -123.650757626154942, 48.691508803274616 ], [ -123.649409801929437, 48.693751953431203 ], [ -123.648291828757564, 48.693762753527423 ], [ -123.649672084480898, 48.691528425627403 ] ] ] ] } },
{ "type": "Feature", "properties": { "name": "Stoney Hill Regional Park", "kind": "Regional" }, "geometry": { "type": "Polygon", "coordinates": [ [ [ -123.575744065743379, 48.784499033235363 ], [ -123.572618289409434, 48.78450120306502 ], [ -123.572102410765339, 48.785957770610459 ], [ -123.5725980313739, 48.786571471911564 ], [ -123.572413861369341, 48.788122453447166 ], [ -123.566319443973399, 48.788119015300204 ], [ -123.566720847772714, 48.784503797205325 ], [ -123.559469575468896, 48.7845071049355 ], [ -123.559889817463969, 48.783431105404816 ], [ -123.557997945284583, 48.781739526605143 ], [ -123.558009555349955, 48.781089499093852 ], [ -123.559183914254589, 48.780978124282321 ], [ -123.558688041953658, 48.780112212922219 ], [ -123.559070872097948, 48.779753320476708 ], [ -123.564552829870436, 48.780931148379018 ], [ -123.568601183359348, 48.780869717357419 ], [ -123.570588540158781, 48.779056525387531 ], [ -123.571459673573287, 48.777197723157911 ], [ -123.575474347504596, 48.777194824012412 ], [ -123.575744065743379, 48.784499033235363 ] ] ] } },
{ "type": "Feature", "properties": { "name": "Glenora Riverside Park", "kind": "Regional" }, "geometry": { "type": "MultiPolygon", "coordinates": [ [ [ [ -123.794598576236965, 48.763627365558762 ], [ -123.789811338150471, 48.763484443635384 ], [ -123.788487530703676, 48.762883917876145 ], [ -123.799048591047068, 48.762853323839458 ], [ -123.794598576236965, 48.763627365558762 ] ] ], [ [ [ -123.796347396656714, 48.765397059665545 ], [ -123.793615190269264, 48.765616814950171 ], [ -123.793666259397511, 48.764406433238349 ], [ -123.789286019543042, 48.764191469051958 ], [ -123.786674067691507, 48.762879369313822 ], [ -123.789371662429787, 48.763960597200438 ], [ -123.795361903526825, 48.763978073354671 ], [ -123.7954304221022, 48.765415182187596 ], [ -123.796347396656714, 48.765397059665545 ] ] ] ] } },
{ "type": "Feature", "properties": { "name": "Stoney Hill Regional Park", "kind": "Regional" }, "geometry": { "type": "Polygon", "coordinates": [ [ [ -123.589295316919532, 48.780868939040971 ], [ -123.588210498004401, 48.781417546962174 ], [ -123.58668624652492, 48.783603725060168 ], [ -123.582527489273829, 48.782790548681533 ], [ -123.582444054423306, 48.780871950370525 ], [ -123.589295316919532, 48.780868939040971 ] ] ] } },
{ "type": "Feature", "properties": { "name": "Somenos Marsh Conservation Area", "kind": "Regional" }, "geometry": { "type": "Polygon", "coordinates": [ [ [ -123.705321939258212, 48.793787955970188 ], [ -123.708676327396986, 48.791708499680979 ], [ -123.708144441776838, 48.791320159514662 ], [ -123.709881888496554, 48.789285095647308 ], [ -123.711024733610628, 48.790333657506302 ], [ -123.705321939258212, 48.793787955970188 ] ] ] } },
{ "type": "Feature", "properties": { "name": "Youbou Highway Highlands Park", "kind": "Regional" }, "geometry": { "type": "Polygon", "coordinates": [ [ [ -124.127948414129108, 48.856662514841148 ], [ -124.131195255405729, 48.857601648396297 ], [ -124.131617480157217, 48.857723761333972 ], [ -124.129645125399819, 48.857947708981236 ], [ -124.127226370893041, 48.857252496084641 ], [ -124.127948414129108, 48.856662514841148 ] ] ] } },
{ "type": "Feature", "properties": { "name": "Somenos Marsh Conservation Area", "kind": "Regional" }, "geometry": { "type": "Polygon", "coordinates": [ [ [ -123.703060608776724, 48.787016867367974 ], [ -123.700961919961671, 48.787331975568961 ], [ -123.70096033833272, 48.785684154991557 ], [ -123.703060608776724, 48.787016867367974 ] ] ] } },
{ "type": "Feature", "properties": { "name": "Mount Geoffrey Nature Park - Addition #2 (Cross)", "kind": "Regional" }, "geometry": { "type": "Polygon", "coordinates": [ [ [ -124.676626540925511, 49.512064712982387 ], [ -124.687739858402168, 49.512135915394538 ], [ -124.687703085261106, 49.5139449066669 ], [ -124.676591792196362, 49.513873595666695 ], [ -124.676626540925511, 49.512064712982387 ] ] ] } },
{ "type": "Feature", "properties": { "name": "Mount Geoffrey Nature Park - Addition #1 (Cross)", "kind": "Regional" }, "geometry": { "type": "Polygon", "coordinates": [ [ [ -124.671070129503605, 49.512004730451856 ], [ -124.671100006908773, 49.510767402752627 ], [ -124.67285854340831, 49.510786365591109 ], [ -124.67287277117822, 49.510196140128024 ], [ -124.676670298507091, 49.510239504642712 ], [ -124.67662654273127, 49.512064650017159 ], [ -124.671070129503605, 49.512004730451856 ] ] ] } },
{ "type": "Feature", "properties": { "name": "Mount Geoffrey Nature Park", "kind": "Regional" }, "geometry": { "type": "MultiPolygon", "coordinates": [ [ [ [ -124.68610204480828, 49.532130385622175 ], [ -124.673914338791377, 49.51752361521843 ], [ -124.66738432722498, 49.517442011896001 ], [ -124.662669030782354, 49.511912567571493 ], [ -124.668407636872018, 49.511976087654425 ], [ -124.669086488781815, 49.512476441151669 ], [ -124.670602876712721, 49.512620965359645 ], [ -124.671070129503605, 49.512004730451856 ], [ -124.67662654273127, 49.512064650017159 ], [ -124.676591792196362, 49.513873595666695 ], [ -124.687703085261106, 49.5139449066669 ], [ -124.687739858402168, 49.512135915394538 ], [ -124.696350186200249, 49.512190452798187 ], [ -124.696329799251203, 49.514017680715938 ], [ -124.693555038217099, 49.514000356665029 ], [ -124.693373238246295, 49.527919377447851 ], [ -124.692777181032582, 49.528054039917457 ], [ -124.693371152109592, 49.528058829261717 ], [ -124.693304829802386, 49.532171836278714 ], [ -124.698863771380189, 49.532204127482323 ], [ -124.698817643802116, 49.535906293176708 ], [ -124.6873984398499, 49.535827012942882 ], [ -124.687622789116503, 49.53214662733609 ], [ -124.68610204480828, 49.532130385622175 ] ] ], [ [ [ -124.670437219060247, 49.512434447181725 ], [ -124.668707049227876, 49.511979309308018 ], [ -124.670605839747807, 49.511999721690728 ], [ -124.670437219060247, 49.512434447181725 ] ] ] ] } },
{ "type": "Feature", "properties": { "name": "Mount Geoffrey Bench Park", "kind": "Regional" }, "geometry": { "type": "Polygon", "coordinates": [ [ [ -124.699405413566353, 49.511822050723566 ], [ -124.699146945238368, 49.510379684315268 ], [ -124.701148906379927, 49.510786576585069 ], [ -124.699405413566353, 49.511822050723566 ] ] ] } },
{ "type": "Feature", "properties": { "name": "Wildwood Interpretive Forest", "kind": "Regional" }, "geometry": { "type": "MultiPolygon", "coordinates": [ [ [ [ -125.047686914206139, 49.697926984691662 ], [ -125.062981916327232, 49.697930210012764 ], [ -125.061680023693569, 49.698619455914418 ], [ -125.065751995648725, 49.701855289934429 ], [ -125.070123625487156, 49.703151228990208 ], [ -125.070119374187513, 49.705219669398097 ], [ -125.047680827848424, 49.705186918415876 ], [ -125.047686914206139, 49.697926984691662 ] ] ], [ [ [ -125.073724105177277, 49.717059597440617 ], [ -125.070062453023041, 49.716835511160937 ], [ -125.070209898179428, 49.703155283624341 ], [ -125.071013330374328, 49.702725309820011 ], [ -125.068356391098988, 49.700680746493489 ], [ -125.075688899512727, 49.700718644702782 ], [ -125.07569124574259, 49.705238120158462 ], [ -125.081264287624009, 49.705276993313149 ], [ -125.081242635645893, 49.711985674633418 ], [ -125.073843450457716, 49.711897363637561 ], [ -125.073724105177277, 49.717059597440617 ] ] ], [ [ [ -125.078248922450555, 49.72694613007333 ], [ -125.074263527910844, 49.725141317822484 ], [ -125.070076462923396, 49.725551265588251 ], [ -125.070064551233003, 49.717015342898506 ], [ -125.073720511860799, 49.717215085840934 ], [ -125.07368743140286, 49.719172856184187 ], [ -125.081273094944166, 49.719247113553386 ], [ -125.081280925747919, 49.727002369755795 ], [ -125.078248922450555, 49.72694613007333 ] ] ] ] } },
{ "type": "Feature", "properties": { "name": "Wildwood Marsh Park", "kind": "Regional" }, "geometry": { "type": "Polygon", "coordinates": [ [ [ -125.069509374603726, 49.716838216164433 ], [ -125.067559138787317, 49.715673241532826 ], [ -125.06769587640278, 49.715134580393432 ], [ -125.064221200718933, 49.714209608156132 ], [ -125.063862389682569, 49.713541050285819 ], [ -125.061096806648678, 49.7133474884808 ], [ -125.061142601574332, 49.712432184325216 ], [ -125.063933854120947, 49.712249056537161 ], [ -125.063902245896642, 49.710366474908589 ], [ -125.064708318179356, 49.709830955601298 ], [ -125.065421328222982, 49.710813167879643 ], [ -125.064519326641701, 49.711603232086887 ], [ -125.065754960403098, 49.711799708110739 ], [ -125.067505063802116, 49.713171251097499 ], [ -125.067594741924381, 49.714175502889361 ], [ -125.069021646540847, 49.714546346684266 ], [ -125.069785055827154, 49.715415798490461 ], [ -125.069509374603726, 49.716838216164433 ] ] ] } },
{ "type": "Feature", "properties": { "name": "Mount Geoffrey Nature Park - Addition #3 (Yeomens)", "kind": "Regional" }, "geometry": { "type": "Polygon", "coordinates": [ [ [ -124.681963243178657, 49.532985327161867 ], [ -124.681999340429599, 49.532086488296279 ], [ -124.687622789116503, 49.53214662733609 ], [ -124.687450467243323, 49.534973268989859 ], [ -124.686521731640113, 49.534320208672852 ], [ -124.686587369557699, 49.533271733673963 ], [ -124.681963243178657, 49.532985327161867 ] ] ] } },
{ "type": "Feature", "properties": { "name": "Between Ruby And Sakinaw Lakes", "kind": "Regional" }, "geometry": { "type": "Polygon", "coordinates": [ [ [ -123.985344624409251, 49.699937330456443 ], [ -123.984128347201491, 49.699071042449653 ], [ -123.988116609536519, 49.69903705730411 ], [ -123.988024744418638, 49.707238325954421 ], [ -123.986693221204192, 49.707319961063774 ], [ -123.983395943289452, 49.709847880214951 ], [ -123.981509596340629, 49.709968896105259 ], [ -123.981283835899703, 49.70930277359043 ], [ -123.980045062332309, 49.709285162962239 ], [ -123.979999542843856, 49.704136901192172 ], [ -123.98288097906395, 49.704107091568773 ], [ -123.982859728631297, 49.703242983105575 ], [ -123.984218436934356, 49.702935847502822 ], [ -123.984173462873159, 49.701714302923058 ], [ -123.985299487732732, 49.701005374104582 ], [ -123.985344624409251, 49.699937330456443 ] ] ] } },
{ "type": "Feature", "properties": { "name": "Mixal Creek", "kind": "Regional" }, "geometry": { "type": "MultiPolygon", "coordinates": [ [ [ [ -124.03216790203642, 49.665630264111158 ], [ -124.033305542525255, 49.661629044517149 ], [ -124.034505574031982, 49.661675186127269 ], [ -124.034566772248027, 49.664561032706679 ], [ -124.033776223206559, 49.663727535425195 ], [ -124.033695953837565, 49.665063546906893 ], [ -124.03216790203642, 49.665630264111158 ] ] ], [ [ [ -124.032245346556635, 49.663047045763676 ], [ -124.031012893214637, 49.661121535608203 ], [ -124.035487471549075, 49.661086692716424 ], [ -124.035859568300623, 49.661638365276751 ], [ -124.033607471346869, 49.661329448848626 ], [ -124.032842412085728, 49.661528280653798 ], [ -124.032245346556635, 49.663047045763676 ] ] ] ] } },
{ "type": "Feature", "properties": { "name": "Mixal Lake", "kind": "Regional" }, "geometry": { "type": "Polygon", "coordinates": [ [ [ -124.038924886969113, 49.653719481245638 ], [ -124.045234549170246, 49.652200069396031 ], [ -124.048759539779127, 49.652163909745646 ], [ -124.048753440823347, 49.651184272888194 ], [ -124.053939279662501, 49.650651456308168 ], [ -124.054221039199177, 49.651449430106368 ], [ -124.051369413564842, 49.651484344665853 ], [ -124.048769515488587, 49.653765641645627 ], [ -124.037053207640554, 49.658639318771243 ], [ -124.037125346723229, 49.661062632785899 ], [ -124.034493285385338, 49.661095295245815 ], [ -124.034819284431293, 49.658154719683026 ], [ -124.034325312455195, 49.657565468997852 ], [ -124.036160122527406, 49.656842967698033 ], [ -124.037004781018055, 49.654964485257679 ], [ -124.038924886969113, 49.653719481245638 ] ] ] } },
{ "type": "Feature", "properties": { "name": "Oyster Bay Nature Reserve (Sf)", "kind": "Regional" }, "geometry": { "type": "Polygon", "coordinates": [ [ [ -123.990034985178241, 49.641162265673593 ], [ -123.990517840697251, 49.639208805904161 ], [ -123.992122219859425, 49.639194922837177 ], [ -123.991282190002806, 49.640492032134524 ], [ -123.990034985178241, 49.641162265673593 ] ] ] } },
{ "type": "Feature", "properties": { "name": "Daniel Point Crown Tenure", "kind": "Regional" }, "geometry": { "type": "Polygon", "coordinates": [ [ [ -124.071908246822062, 49.639024504667724 ], [ -124.072851258744024, 49.637965902532471 ], [ -124.072604649878798, 49.637221615186441 ], [ -124.071473443434854, 49.638282965830022 ], [ -124.070211389563838, 49.637252388278348 ], [ -124.071105994885812, 49.635612745645503 ], [ -124.075052780695543, 49.636931735496191 ], [ -124.073374207740912, 49.639280630035024 ], [ -124.071908246822062, 49.639024504667724 ] ] ] } },
{ "type": "Feature", "properties": { "name": "", "kind": "Regional" }, "geometry": { "type": "Polygon", "coordinates": [ [ [ -123.3647687819591, 49.5184960579993 ], [ -123.360609788959081, 49.51903149622806 ], [ -123.360150479858135, 49.518281587035958 ], [ -123.357520255342536, 49.51848587700696 ], [ -123.357712642104119, 49.517263766397747 ], [ -123.365374316410325, 49.517319789235479 ], [ -123.3647687819591, 49.5184960579993 ] ] ] } },
{ "type": "Feature", "properties": { "name": "", "kind": "Regional" }, "geometry": { "type": "Polygon", "coordinates": [ [ [ -123.345460926930301, 49.490942593091198 ], [ -123.342699696963976, 49.490972886111564 ], [ -123.342701041327317, 49.489174036441632 ], [ -123.345462156143213, 49.489143635084545 ], [ -123.345460926930301, 49.490942593091198 ] ] ] } },
{ "type": "Feature", "properties": { "name": "Lohn Road", "kind": "Regional" }, "geometry": { "type": "Polygon", "coordinates": [ [ [ -123.871326218974502, 49.472532531960439 ], [ -123.869620603807192, 49.473424330031214 ], [ -123.868958360884591, 49.473114037901965 ], [ -123.869999884692177, 49.471909820719162 ], [ -123.871326218974502, 49.472532531960439 ] ] ] } },
{ "type": "Feature", "properties": { "name": "Cliff Gilker", "kind": "Regional" }, "geometry": { "type": "MultiPolygon", "coordinates": [ [ [ [ -123.637794644112773, 49.432841990799361 ], [ -123.63365619889629, 49.432879913597233 ], [ -123.631050011403985, 49.431197265813154 ], [ -123.63498836245202, 49.426012917073926 ], [ -123.639975073711568, 49.426470223960663 ], [ -123.641921435348792, 49.427605842914865 ], [ -123.641977292995577, 49.431887123983195 ], [ -123.637794644112773, 49.432841990799361 ] ] ], [ [ [ -123.634692154773475, 49.425928036191394 ], [ -123.631010966156026, 49.430303270476237 ], [ -123.63074695082534, 49.427372109646178 ], [ -123.624323418840362, 49.427475678829609 ], [ -123.624178779651231, 49.430825218940257 ], [ -123.62410201035577, 49.427443256930829 ], [ -123.630885511519409, 49.427333871084912 ], [ -123.630774338642766, 49.425608902840693 ], [ -123.634692154773475, 49.425928036191394 ] ] ], [ [ [ -123.631010966156026, 49.430303270476237 ], [ -123.631011269301581, 49.430310533299895 ], [ -123.630967447404004, 49.430349331145834 ], [ -123.631010966156026, 49.430303270476237 ] ] ] ] } },
{ "type": "Feature", "properties": { "name": "", "kind": "Regional" }, "geometry": { "type": "Polygon", "coordinates": [ [ [ -123.639825303105752, 49.42585904210263 ], [ -123.639327345599781, 49.425839441791034 ], [ -123.639265288393347, 49.420976876257569 ], [ -123.639405834564855, 49.422436223464011 ], [ -123.640203862593893, 49.422322854292482 ], [ -123.640209531912873, 49.423928299507168 ], [ -123.639415543293183, 49.424788410497079 ], [ -123.639825303105752, 49.42585904210263 ] ] ] } },
{ "type": "Feature", "properties": { "name": "", "kind": "Regional" }, "geometry": { "type": "Polygon", "coordinates": [ [ [ -123.514958255646462, 49.422443300524847 ], [ -123.513901214090041, 49.421706520769128 ], [ -123.511719624386245, 49.419417360910764 ], [ -123.512384769727149, 49.419439184611242 ], [ -123.514958255646462, 49.422443300524847 ] ] ] } },
{ "type": "Feature", "properties": { "name": "Shirley Macey", "kind": "Regional" }, "geometry": { "type": "Polygon", "coordinates": [ [ [ -123.501630482195083, 49.419348544012799 ], [ -123.496505393670176, 49.419354337313301 ], [ -123.49641813732552, 49.416144227537913 ], [ -123.501565223178076, 49.415621776006837 ], [ -123.501630482195083, 49.419348544012799 ] ] ] } },
{ "type": "Feature", "properties": { "name": "Chaster Crown Tenure", "kind": "Regional" }, "geometry": { "type": "Polygon", "coordinates": [ [ [ -123.55782474643641, 49.391064021542277 ], [ -123.55622928140555, 49.390270119544944 ], [ -123.556681865683984, 49.38942937178134 ], [ -123.559087289592227, 49.390767533732507 ], [ -123.55782474643641, 49.391064021542277 ] ] ] } },
{ "type": "Feature", "properties": { "name": "Soames Hill", "kind": "Regional" }, "geometry": { "type": "Polygon", "coordinates": [ [ [ -123.494439088174872, 49.417411613506587 ], [ -123.496505393670176, 49.419354337313301 ], [ -123.494919736037545, 49.419373902277421 ], [ -123.494975824240598, 49.420595482971649 ], [ -123.49267436536563, 49.42062380411187 ], [ -123.492725977146236, 49.421605411689754 ], [ -123.496122015201365, 49.421580958823661 ], [ -123.496108041822438, 49.423902994662051 ], [ -123.490715971958892, 49.423968484399005 ], [ -123.490661608408431, 49.421710702382832 ], [ -123.488346156689261, 49.422686114535274 ], [ -123.486222963484508, 49.422659245643665 ], [ -123.486907926148405, 49.423036303789665 ], [ -123.486294094919913, 49.423267513211165 ], [ -123.483672475003601, 49.421806262470469 ], [ -123.483896063427551, 49.420246703342102 ], [ -123.485104477428692, 49.419410935343699 ], [ -123.485539820860581, 49.419955364509711 ], [ -123.487827896114396, 49.418984543235723 ], [ -123.4882483122433, 49.419510238864419 ], [ -123.489823596437049, 49.419019513394574 ], [ -123.488771773761172, 49.417700751788139 ], [ -123.490277177018768, 49.41699476425277 ], [ -123.489761752969557, 49.41648998461276 ], [ -123.490178660463897, 49.416245900222584 ], [ -123.490567044503806, 49.416626259113748 ], [ -123.492151462423877, 49.415698609128135 ], [ -123.492352009122385, 49.416481832143113 ], [ -123.493815671043293, 49.415624849265285 ], [ -123.494439088174872, 49.417411613506587 ] ] ] } },
{ "type": "Feature", "properties": { "name": "Deserted Bay", "kind": "Regional" }, "geometry": { "type": "Polygon", "coordinates": [ [ [ -123.745523501909403, 50.086353506394595 ], [ -123.751010106451346, 50.085107647470515 ], [ -123.754302649653994, 50.085125408060804 ], [ -123.758726482229577, 50.082882694603811 ], [ -123.763821943179991, 50.078311508077924 ], [ -123.769609901400301, 50.075480707220471 ], [ -123.771837612092426, 50.077481127753188 ], [ -123.753133502677898, 50.088882605548392 ], [ -123.752471659378998, 50.091922399926887 ], [ -123.75285419674853, 50.093696250335114 ], [ -123.756000653611977, 50.096747280972281 ], [ -123.751165928780168, 50.098271686178414 ], [ -123.747925866597342, 50.09762174182471 ], [ -123.7459640419614, 50.094091945090206 ], [ -123.7444751945646, 50.093012548723713 ], [ -123.739973053316177, 50.093588358367569 ], [ -123.74446391945645, 50.091892926461 ], [ -123.742327574619338, 50.087863935565174 ], [ -123.745523501909403, 50.086353506394595 ] ] ] } },
{ "type": "Feature", "properties": { "name": "Vancouver Bay", "kind": "Regional" }, "geometry": { "type": "Polygon", "coordinates": [ [ [ -123.870215883054911, 49.922308610045178 ], [ -123.870242095621748, 49.920113779972461 ], [ -123.868075809689756, 49.918605470719896 ], [ -123.869508219773465, 49.917578368504827 ], [ -123.87365163380754, 49.920286017264779 ], [ -123.870215883054911, 49.922308610045178 ] ] ] } },
{ "type": "Feature", "properties": { "name": "Hotham Sound", "kind": "Regional" }, "geometry": { "type": "Polygon", "coordinates": [ [ [ -124.021718220892524, 49.902468614696325 ], [ -124.023244694765069, 49.901940188057566 ], [ -124.024451859189739, 49.899761863027194 ], [ -124.026884497544316, 49.899542472652762 ], [ -124.027855503142945, 49.898267018267646 ], [ -124.028700557805976, 49.898268520749561 ], [ -124.0282502737237, 49.899315874832098 ], [ -124.024686965807874, 49.900489719772885 ], [ -124.023140173059417, 49.902617085375041 ], [ -124.021718220892524, 49.902468614696325 ] ] ] } },
{ "type": "Feature", "properties": { "name": "Egmont Point", "kind": "Regional" }, "geometry": { "type": "Polygon", "coordinates": [ [ [ -123.92428667967026, 49.777284735765541 ], [ -123.944274945913179, 49.77726731291915 ], [ -123.9401395587862, 49.77397579141121 ], [ -123.943645953813856, 49.773948259085202 ], [ -123.943653659706399, 49.773233912896927 ], [ -123.94639840632442, 49.774561226612086 ], [ -123.947260887496441, 49.775656019348517 ], [ -123.947143173054002, 49.776363067579894 ], [ -123.943656169862081, 49.779314778638607 ], [ -123.937225907849793, 49.780864576428115 ], [ -123.93695984771432, 49.781676243199371 ], [ -123.93382215887749, 49.782821402336168 ], [ -123.932684550765842, 49.782151468279601 ], [ -123.930256709055783, 49.782197976045204 ], [ -123.930174688877386, 49.783286981853422 ], [ -123.929265750840074, 49.783766497460789 ], [ -123.927850219450917, 49.783112234653927 ], [ -123.92599678570086, 49.783302455233283 ], [ -123.923819346162318, 49.782127256313018 ], [ -123.92428667967026, 49.777284735765541 ] ] ] } },
{ "type": "Feature", "properties": { "name": "West Lake", "kind": "Regional" }, "geometry": { "type": "MultiPolygon", "coordinates": [ [ [ [ -124.10772877032575, 49.751709717066646 ], [ -124.105327303627803, 49.750372739275804 ], [ -124.103480626225192, 49.7507183481315 ], [ -124.100256234038767, 49.749944556772128 ], [ -124.100504353648034, 49.739924757028518 ], [ -124.098225109349883, 49.739901024969768 ], [ -124.097690833418795, 49.737394820725164 ], [ -124.095399310909315, 49.735866627784226 ], [ -124.094776692678465, 49.733110055129458 ], [ -124.09791893484207, 49.733214193751422 ], [ -124.09931252064618, 49.731681831416559 ], [ -124.10055150394976, 49.731970167190724 ], [ -124.101588500255787, 49.730484946666373 ], [ -124.103339410808061, 49.729755137651708 ], [ -124.10365900639394, 49.727768945368219 ], [ -124.107259328507553, 49.726270670177165 ], [ -124.108294366867867, 49.726154114998003 ], [ -124.107907986221448, 49.726898246375143 ], [ -124.108731141624204, 49.726287259054423 ], [ -124.10900252807437, 49.726938518124697 ], [ -124.110359336434684, 49.72711525403323 ], [ -124.112311251209178, 49.724992243018967 ], [ -124.115847700894406, 49.725439121973565 ], [ -124.11646047329009, 49.724587245687296 ], [ -124.119215893207809, 49.723026189135197 ], [ -124.119813451185607, 49.722909630587331 ], [ -124.11980601444688, 49.722903951234315 ], [ -124.120088468705575, 49.722740843604896 ], [ -124.12012567037462, 49.722717993315435 ], [ -124.120174689931758, 49.72268154515217 ], [ -124.120127815290985, 49.72171817698311 ], [ -124.111805953155596, 49.721884625212994 ], [ -124.109369459448615, 49.723552523867419 ], [ -124.107353420904033, 49.723827400878839 ], [ -124.106143709737708, 49.723334078324314 ], [ -124.103082906091515, 49.724173891776054 ], [ -124.102153269451563, 49.723664142780478 ], [ -124.100869350240941, 49.723993605585676 ], [ -124.100704619046553, 49.721890034975182 ], [ -124.099868508508081, 49.721917563886556 ], [ -124.099968434586856, 49.723194324043462 ], [ -124.098107928304785, 49.723047021162955 ], [ -124.090345890409068, 49.726802410864302 ], [ -124.085972112455707, 49.727450605020074 ], [ -124.083700763552443, 49.727024480103694 ], [ -124.082148243371222, 49.728023135053483 ], [ -124.081150057965459, 49.727385223610128 ], [ -124.081588342409972, 49.727986264601292 ], [ -124.08081072502695, 49.728627795993155 ], [ -124.076884323138231, 49.730041946214222 ], [ -124.077220829098309, 49.730557311128521 ], [ -124.079259749890326, 49.730483114591181 ], [ -124.078344965016399, 49.731644278345122 ], [ -124.077007395900722, 49.731650350821461 ], [ -124.076835787423121, 49.732369298132241 ], [ -124.070102735123555, 49.732431733872176 ], [ -124.068023192314158, 49.731889125803669 ], [ -124.064504714829326, 49.732483338767537 ], [ -124.064346245910215, 49.725236136569968 ], [ -124.075557692120555, 49.725123708968205 ], [ -124.089463108561731, 49.718535509498651 ], [ -124.113752698110218, 49.718304528869083 ], [ -124.133902024717003, 49.714151334225143 ], [ -124.133882535503801, 49.718747878087633 ], [ -124.129466935550383, 49.719771442681242 ], [ -124.132229423515895, 49.720068291051938 ], [ -124.13244995516088, 49.721217471779845 ], [ -124.134011305100756, 49.722506445105097 ], [ -124.137319465569334, 49.723121646929279 ], [ -124.138420132345374, 49.722539667960767 ], [ -124.138298693936392, 49.721092693380655 ], [ -124.137535990739991, 49.719957843970576 ], [ -124.136177478300937, 49.719539419642331 ], [ -124.139296032090584, 49.719555777927894 ], [ -124.139257932316482, 49.714140725506248 ], [ -124.150449328649117, 49.714100113257523 ], [ -124.150439471025592, 49.721452925908068 ], [ -124.141809059749534, 49.72145149501376 ], [ -124.141848103848972, 49.724979328503082 ], [ -124.136353851066602, 49.725007821941063 ], [ -124.136332855457567, 49.726499853672024 ], [ -124.130889596107409, 49.726504222433284 ], [ -124.105656082059539, 49.73224757061967 ], [ -124.105283930416476, 49.74738330042171 ], [ -124.115549488304836, 49.747358250782277 ], [ -124.115472270066675, 49.752224367856876 ], [ -124.113437221838367, 49.752207968574744 ], [ -124.111550953368351, 49.751317608162559 ], [ -124.108483057110263, 49.751603357128907 ], [ -124.10766765137295, 49.752540243686866 ], [ -124.10772877032575, 49.751709717066646 ] ], [ [ -124.120461765345354, 49.722062625791061 ], [ -124.120461757743286, 49.722062472709908 ], [ -124.120438981971205, 49.722089674327783 ], [ -124.120424648711364, 49.72210780839626 ], [ -124.120403607052168, 49.722134994897146 ], [ -124.12038818433561, 49.722162125253043 ], [ -124.12038285903337, 49.722175673058828 ], [ -124.1203653284811, 49.722243451836853 ], [ -124.120388191937366, 49.722162278334181 ], [ -124.120461765345354, 49.722062625791061 ] ], [ [ -124.120354776002969, 49.722292879855658 ], [ -124.120346052891136, 49.722347080843626 ], [ -124.120354783972701, 49.722293023946037 ], [ -124.120363598973299, 49.722261308209646 ], [ -124.120354776002969, 49.722292879855658 ] ] ], [ [ [ -124.065388904110378, 49.744884570715818 ], [ -124.065283536208895, 49.740572043708625 ], [ -124.068494106945735, 49.74055574636526 ], [ -124.068529803057388, 49.739285557787277 ], [ -124.06956299215949, 49.738368992409178 ], [ -124.072594200701801, 49.739538342549167 ], [ -124.07317348669018, 49.741785566524911 ], [ -124.070648632119628, 49.7441496155961 ], [ -124.071276815738202, 49.744872043929064 ], [ -124.065388904110378, 49.744884570715818 ] ] ], [ [ [ -124.07692048273357, 49.7466519862691 ], [ -124.07875353646611, 49.745140350393669 ], [ -124.077988694173129, 49.743885686654657 ], [ -124.077796785478384, 49.742528554362828 ], [ -124.078316885686164, 49.741822931423322 ], [ -124.077862371573374, 49.740351407991 ], [ -124.078394920567817, 49.738861059312349 ], [ -124.079637630456915, 49.73786570507513 ], [ -124.080446428441348, 49.739621842309681 ], [ -124.082594971984676, 49.740085644153041 ], [ -124.083255889028763, 49.740798782720596 ], [ -124.083209957042115, 49.742532731735189 ], [ -124.081979398353823, 49.745162714844568 ], [ -124.082504631598027, 49.746211615808896 ], [ -124.07692048273357, 49.7466519862691 ] ] ] ] } },
{ "type": "Feature", "properties": { "name": "North Lake", "kind": "Regional" }, "geometry": { "type": "Polygon", "coordinates": [ [ [ -123.962673346022243, 49.74898119727613 ], [ -123.96799746660443, 49.749220353050447 ], [ -123.968415855300279, 49.75163685605169 ], [ -123.962739993908286, 49.751710538457083 ], [ -123.962673346022243, 49.74898119727613 ] ] ] } },
{ "type": "Feature", "properties": { "name": "Waugh Lake Access", "kind": "Regional" }, "geometry": { "type": "Polygon", "coordinates": [ [ [ -123.940034817272647, 49.747517933351538 ], [ -123.943565034687822, 49.748307446448074 ], [ -123.943490798512613, 49.749187887894642 ], [ -123.942857334846479, 49.749402388157037 ], [ -123.9442479006198, 49.750374430540788 ], [ -123.944278472142983, 49.751759037881286 ], [ -123.940117507516135, 49.751792870419116 ], [ -123.940034817272647, 49.747517933351538 ] ] ] } },
{ "type": "Feature", "properties": { "name": "North Lake", "kind": "Regional" }, "geometry": { "type": "Polygon", "coordinates": [ [ [ -123.973332665159745, 49.75050195415438 ], [ -123.974583416217953, 49.749742139357963 ], [ -123.975108906740104, 49.75004448713922 ], [ -123.975123204373645, 49.750757926075899 ], [ -123.973332665159745, 49.75050195415438 ] ] ] } },
{ "type": "Feature", "properties": { "name": "Agamemnon Channel", "kind": "Regional" }, "geometry": { "type": "Polygon", "coordinates": [ [ [ -124.022900947623839, 49.743784041670295 ], [ -124.028389696722982, 49.743780706384527 ], [ -124.024986481745245, 49.74467943181255 ], [ -124.022661769002198, 49.746652541910464 ], [ -124.018355219766562, 49.748423662536617 ], [ -124.017028555753029, 49.74763469090626 ], [ -124.017981733712674, 49.748554231275712 ], [ -124.016904511575319, 49.749964240449003 ], [ -124.01400886217526, 49.750026805852464 ], [ -124.016080339443548, 49.7473853627003 ], [ -124.022900947623839, 49.743784041670295 ] ] ] } },
{ "type": "Feature", "properties": { "name": "North Lake", "kind": "Regional" }, "geometry": { "type": "Polygon", "coordinates": [ [ [ -123.976489731322076, 49.749273594711546 ], [ -123.978046185661199, 49.749159461044684 ], [ -123.976608852439568, 49.748120575567974 ], [ -123.978957056113458, 49.748093692688613 ], [ -123.978987936599424, 49.749627031937656 ], [ -123.976489731322076, 49.749273594711546 ] ] ] } },
{ "type": "Feature", "properties": { "name": "North Lake", "kind": "Regional" }, "geometry": { "type": "Polygon", "coordinates": [ [ [ -123.963005555942487, 49.745718262817164 ], [ -123.963223312463342, 49.746454915146735 ], [ -123.960836925876762, 49.746642588813714 ], [ -123.960821118453211, 49.745736757584723 ], [ -123.963005555942487, 49.745718262817164 ] ] ] } },
{ "type": "Feature", "properties": { "name": "Klein Lake North", "kind": "Regional" }, "geometry": { "type": "Polygon", "coordinates": [ [ [ -123.956543949521873, 49.73553989513465 ], [ -123.956510654731545, 49.722975974711872 ], [ -123.967674001125502, 49.72296783196925 ], [ -123.967657391661945, 49.71392135458516 ], [ -123.96813908041554, 49.713920980425954 ], [ -123.968933057890681, 49.715406756869506 ], [ -123.968335262831403, 49.716970424363545 ], [ -123.969195340257741, 49.718189319584148 ], [ -123.971269899978836, 49.719790118857603 ], [ -123.974607093012878, 49.721161571018371 ], [ -123.976719441392163, 49.723357613359155 ], [ -123.976985499114861, 49.724724650158386 ], [ -123.978828618047089, 49.725829670403357 ], [ -123.978851384972131, 49.735540480391869 ], [ -123.970863756305704, 49.735533207600461 ], [ -123.970872822039809, 49.734748836325451 ], [ -123.977350789867117, 49.734705762439177 ], [ -123.977204253479428, 49.726289867482961 ], [ -123.975520682835651, 49.724649907854506 ], [ -123.960509714392941, 49.724775337602033 ], [ -123.960708019977318, 49.734815694957405 ], [ -123.965616546058897, 49.734783519719407 ], [ -123.965627890813536, 49.735555154428319 ], [ -123.956543949521873, 49.73553989513465 ] ] ] } },
{ "type": "Feature", "properties": { "name": "Upper Narrows Campsite", "kind": "Regional" }, "geometry": { "type": "Polygon", "coordinates": [ [ [ -123.741698163108239, 49.721517999850491 ], [ -123.741313738662086, 49.719478665381999 ], [ -123.74837525588751, 49.719185895605015 ], [ -123.747754761109135, 49.720305247193686 ], [ -123.746528068840632, 49.720798871884931 ], [ -123.741698163108239, 49.721517999850491 ] ] ] } },
{ "type": "Feature", "properties": { "name": "Clowhom Campsite", "kind": "Regional" }, "geometry": { "type": "Polygon", "coordinates": [ [ [ -123.546442056501562, 49.697198830607164 ], [ -123.546461196131347, 49.698903238288032 ], [ -123.541981996537928, 49.698879329685447 ], [ -123.542654404833499, 49.697508987328433 ], [ -123.543836471303607, 49.697854231187357 ], [ -123.546442056501562, 49.697198830607164 ] ] ] } },
{ "type": "Feature", "properties": { "name": "Sakinaw Lake", "kind": "Regional" }, "geometry": { "type": "Polygon", "coordinates": [ [ [ -123.976394888878687, 49.691413346960964 ], [ -123.976321318613287, 49.687739830307912 ], [ -123.96767236794301, 49.68779321428282 ], [ -123.967533286695513, 49.68079191759093 ], [ -123.984932238391437, 49.680796619601033 ], [ -123.984966720191338, 49.686269195463801 ], [ -123.984036301673143, 49.687179378814342 ], [ -123.980366579794804, 49.687193310533608 ], [ -123.980374687066401, 49.688097939509426 ], [ -123.981769085354841, 49.688092668775482 ], [ -123.978019235730301, 49.689422804206231 ], [ -123.979172577556625, 49.689892506537653 ], [ -123.978903434735045, 49.69057641940735 ], [ -123.976394888878687, 49.691413346960964 ] ] ] } },
{ "type": "Feature", "properties": { "name": "Garden Bay Lagoon", "kind": "Regional" }, "geometry": { "type": "Polygon", "coordinates": [ [ [ -124.030459607971991, 49.631157692543816 ], [ -124.030445737156981, 49.632009764982328 ], [ -124.028623424073913, 49.631355089550155 ], [ -124.029816684746308, 49.630971946010199 ], [ -124.030459607971991, 49.631157692543816 ] ] ] } },
{ "type": "Feature", "properties": { "name": "Nine Mile Point", "kind": "Regional" }, "geometry": { "type": "Polygon", "coordinates": [ [ [ -123.754666722423323, 49.619159877878886 ], [ -123.754634923631571, 49.617104757954166 ], [ -123.761745995005612, 49.617085174028581 ], [ -123.759830773233219, 49.618222110581094 ], [ -123.75582359748779, 49.618518192465807 ], [ -123.754666722423323, 49.619159877878886 ] ] ] } },
{ "type": "Feature", "properties": { "name": "Ekins Point", "kind": "Regional" }, "geometry": { "type": "MultiPolygon", "coordinates": [ [ [ [ -123.389195419476593, 49.531807058181265 ], [ -123.3891972893923, 49.53273243027828 ], [ -123.385557892558168, 49.534678688987299 ], [ -123.38053400144652, 49.536058254840285 ], [ -123.372756632762446, 49.531766181948406 ], [ -123.372741986359728, 49.530019988481179 ], [ -123.378070386510757, 49.531694234752798 ], [ -123.377508829977984, 49.532368386028217 ], [ -123.378245032383489, 49.533002600535042 ], [ -123.377598069781143, 49.533272448598801 ], [ -123.38042935868009, 49.535297975789987 ], [ -123.382241848495013, 49.533263154320956 ], [ -123.386013094557967, 49.533893199895836 ], [ -123.38500982124161, 49.53302194063366 ], [ -123.387923749062097, 49.530435979698673 ], [ -123.388332164391102, 49.531219972108346 ], [ -123.389195419476593, 49.531807058181265 ] ] ], [ [ [ -123.389195419476593, 49.531807058181265 ], [ -123.389194422332679, 49.531806124958102 ], [ -123.389195414124714, 49.531805932744014 ], [ -123.389195419476593, 49.531807058181265 ] ] ] ] } },
{ "type": "Feature", "properties": { "name": "Trout Lake", "kind": "Regional" }, "geometry": { "type": "Polygon", "coordinates": [ [ [ -123.876767135268622, 49.507135014383834 ], [ -123.881848247052119, 49.507674104264012 ], [ -123.882770748821414, 49.50900963911382 ], [ -123.882446874775539, 49.510536755400622 ], [ -123.880555481916588, 49.512759428741994 ], [ -123.880415519261476, 49.514625152476619 ], [ -123.870859044059628, 49.508909899304832 ], [ -123.871272318853372, 49.507535736323881 ], [ -123.872595988593147, 49.507001265354774 ], [ -123.87536435875478, 49.507013382448882 ], [ -123.876401806723905, 49.507862830056744 ], [ -123.876767135268622, 49.507135014383834 ] ] ] } },
{ "type": "Feature", "properties": { "name": "Hutchinson Creek", "kind": "Regional" }, "geometry": { "type": "Polygon", "coordinates": [ [ [ -123.467942994607171, 49.449550393193775 ], [ -123.469126744679414, 49.45055745075323 ], [ -123.470397423822291, 49.45140518497454 ], [ -123.468885218441258, 49.452163448354518 ], [ -123.467961870320025, 49.451380144183105 ], [ -123.467435081369416, 49.449772204331943 ], [ -123.467942994607171, 49.449550393193775 ] ] ] } },
{ "type": "Feature", "properties": { "name": "Roberts Beach", "kind": "Regional" }, "geometry": { "type": "Polygon", "coordinates": [ [ [ -123.642020052710535, 49.418631937172073 ], [ -123.642697260952502, 49.416653871291643 ], [ -123.644741645128207, 49.41714171813129 ], [ -123.644030212981036, 49.41841086926771 ], [ -123.642020052710535, 49.418631937172073 ] ] ] } },
{ "type": "Feature", "properties": { "name": "Hardy Island Foreshore", "kind": "Regional" }, "geometry": { "type": "Polygon", "coordinates": [ [ [ -124.212693013637249, 49.729363983419098 ], [ -124.213413227682921, 49.730179468315974 ], [ -124.214980999649057, 49.730221509167727 ], [ -124.214512792960235, 49.731355271906921 ], [ -124.210012637403679, 49.731712682812372 ], [ -124.21173415529249, 49.730682766989901 ], [ -124.210162730366108, 49.730285431361985 ], [ -124.20901674279321, 49.730760626127001 ], [ -124.208950534091514, 49.73165630874076 ], [ -124.206777690397772, 49.731872349934669 ], [ -124.206325673307731, 49.730554816669532 ], [ -124.203601877824255, 49.729971494184362 ], [ -124.203260541388929, 49.728882167289186 ], [ -124.204139849299509, 49.727249469925461 ], [ -124.20685637092781, 49.72756300572393 ], [ -124.206424754311684, 49.726996324595063 ], [ -124.20697262218178, 49.726428441207773 ], [ -124.209514279591389, 49.72569134244246 ], [ -124.2128451395524, 49.72355172142624 ], [ -124.21470821765503, 49.726104725829785 ], [ -124.211747517815368, 49.727493959677624 ], [ -124.214667856149717, 49.726554899329479 ], [ -124.215255511007939, 49.726993979891908 ], [ -124.212693013637249, 49.729363983419098 ] ], [ [ -124.204678572003104, 49.728885427608674 ], [ -124.204264170837419, 49.72876829978253 ], [ -124.20420255541832, 49.729187197989248 ], [ -124.204678572003104, 49.728885427608674 ] ] ] } },
{ "type": "Feature", "properties": { "name": "", "kind": "Regional" }, "geometry": { "type": "Polygon", "coordinates": [ [ [ -123.496496144287605, 49.418661667204695 ], [ -123.494693811742906, 49.417326399536826 ], [ -123.493174784946731, 49.414581525846188 ], [ -123.495125202680299, 49.414549160799581 ], [ -123.496399311183367, 49.415536577943378 ], [ -123.496496144287605, 49.418661667204695 ] ] ] } },
{ "type": "Feature", "properties": { "name": "Bargain Harbour Crown Tenure", "kind": "Regional" }, "geometry": { "type": "Polygon", "coordinates": [ [ [ -124.037436532113446, 49.616628981769942 ], [ -124.036139535999823, 49.616253806425483 ], [ -124.034269588422134, 49.616277592015663 ], [ -124.034628965208526, 49.615409019955429 ], [ -124.036750482916077, 49.615410185716627 ], [ -124.037532956413159, 49.615919372712916 ], [ -124.037436532113446, 49.616628981769942 ] ] ] } },
{ "type": "Feature", "properties": { "name": "Dakota Ridge Winter Recreation Area", "kind": "Regional" }, "geometry": { "type": "Polygon", "coordinates": [ [ [ -123.569510067649091, 49.551507912229518 ], [ -123.589310070653312, 49.519506869241482 ], [ -123.598680549362655, 49.519499327703386 ], [ -123.59866208959096, 49.505064716479012 ], [ -123.622646291691595, 49.505064081419206 ], [ -123.622756885573494, 49.51946596580575 ], [ -123.61434379936577, 49.519542237277989 ], [ -123.594357078002062, 49.55206091354772 ], [ -123.569510067649091, 49.551507912229518 ] ] ] } },
{ "type": "Feature", "properties": { "name": "Nine Mile Point", "kind": "Regional" }, "geometry": { "type": "Polygon", "coordinates": [ [ [ -123.784926740817085, 49.605070495011745 ], [ -123.787671474896015, 49.60252686919565 ], [ -123.788811416085522, 49.604118154864231 ], [ -123.784926740817085, 49.605070495011745 ] ] ] } },
{ "type": "Feature", "properties": { "name": "", "kind": "Regional" }, "geometry": { "type": "Polygon", "coordinates": [ [ [ -123.334954627735954, 49.494237263269945 ], [ -123.338199538429194, 49.492809037057079 ], [ -123.338156852948714, 49.495860030189391 ], [ -123.335816498011994, 49.495856364234143 ], [ -123.334954627735954, 49.494237263269945 ] ] ] } },
{ "type": "Feature", "properties": { "name": "Brigade Bay Bluffs Nature Reserve", "kind": "Regional" }, "geometry": { "type": "Polygon", "coordinates": [ [ [ -123.338156877453912, 49.495858887386518 ], [ -123.338199538429194, 49.492809037057079 ], [ -123.337712391649404, 49.492588524251055 ], [ -123.340043926280572, 49.492710932645387 ], [ -123.340036752186634, 49.495860722071058 ], [ -123.338156877453912, 49.495858887386518 ] ] ] } },
{ "type": "Feature", "properties": { "name": "Long Bay Wetland Nature Reserve", "kind": "Regional" }, "geometry": { "type": "MultiPolygon", "coordinates": [ [ [ [ -123.335830741054693, 49.484827731742598 ], [ -123.334194048879226, 49.484927657535778 ], [ -123.335585640427212, 49.483989784467958 ], [ -123.335702182152872, 49.482871936238141 ], [ -123.330809027306699, 49.481789809497911 ], [ -123.329361577284061, 49.480031140651086 ], [ -123.340072561090096, 49.48014797534082 ], [ -123.340057767073262, 49.486636812491305 ], [ -123.33860092468592, 49.48717359910458 ], [ -123.337608691704276, 49.488061392560752 ], [ -123.335830741054693, 49.484827731742598 ] ] ], [ [ [ -123.337709733251444, 49.488758367517441 ], [ -123.340057348804564, 49.48682273823777 ], [ -123.340052190539438, 49.489083793703756 ], [ -123.338511706840777, 49.489807254582459 ], [ -123.337709733251444, 49.488758367517441 ] ] ] ] } },
{ "type": "Feature", "properties": { "name": "Mount Artaban Nature Reserve", "kind": "Regional" }, "geometry": { "type": "Polygon", "coordinates": [ [ [ -123.340072561090096, 49.48014797534082 ], [ -123.329187869750513, 49.480029231128796 ], [ -123.329373572918271, 49.466899488810625 ], [ -123.338281043981226, 49.466908593614676 ], [ -123.338283171570097, 49.465991119177993 ], [ -123.341015773336764, 49.465993774158271 ], [ -123.341013700015765, 49.466911248644422 ], [ -123.344408802262564, 49.466914458391983 ], [ -123.344306140311275, 49.472904309530136 ], [ -123.340185745465178, 49.47289387216761 ], [ -123.340072561090096, 49.48014797534082 ] ] ] } },
{ "type": "Feature", "properties": { "name": "", "kind": "Regional" }, "geometry": { "type": "Polygon", "coordinates": [ [ [ -123.329190562199159, 49.479839099880046 ], [ -123.327990051648669, 49.478028359224297 ], [ -123.327328729349105, 49.473982117583169 ], [ -123.325057978147598, 49.473867282407852 ], [ -123.323475041036474, 49.472299178667697 ], [ -123.324607975487581, 49.469678167528954 ], [ -123.327023706045281, 49.467321269611652 ], [ -123.326705507042888, 49.466585428305535 ], [ -123.329441500444347, 49.462095065622108 ], [ -123.329190562199159, 49.479839099880046 ] ] ] } },
{ "type": "Feature", "properties": { "name": "Gambier Island", "kind": "Regional" }, "geometry": { "type": "MultiPolygon", "coordinates": [ [ [ [ -123.357622682894686, 49.437789022253142 ], [ -123.360119878477846, 49.437776897038454 ], [ -123.360161548578745, 49.439586169792491 ], [ -123.357664269039347, 49.439598296269388 ], [ -123.357622682894686, 49.437789022253142 ] ] ], [ [ [ -123.360351475989958, 49.435785348974967 ], [ -123.362848575880335, 49.435773170191851 ], [ -123.362890350967206, 49.437582447234661 ], [ -123.36039316764176, 49.43759461829066 ], [ -123.360351475989958, 49.435785348974967 ] ] ], [ [ [ -123.357576941792288, 49.435798817046908 ], [ -123.360074029372825, 49.435786701843 ], [ -123.360115710167648, 49.437595971261757 ], [ -123.357618524356482, 49.437608096383769 ], [ -123.357576941792288, 49.435798817046908 ] ] ], [ [ [ -123.360397336524159, 49.437775553048333 ], [ -123.362894530135236, 49.437763372908179 ], [ -123.362936308819286, 49.439572644630282 ], [ -123.360439031252142, 49.439584826034654 ], [ -123.360397336524159, 49.437775553048333 ] ] ], [ [ [ -123.363171988532585, 49.437762012825083 ], [ -123.365669180164943, 49.437749777759478 ], [ -123.365711067431775, 49.439559048447073 ], [ -123.363213791843691, 49.439571284778857 ], [ -123.363171988532585, 49.437762012825083 ] ] ], [ [ [ -123.365900547553977, 49.435756849403028 ], [ -123.368388912385853, 49.435744627832065 ], [ -123.368426048531575, 49.437553946948405 ], [ -123.36594242881408, 49.437566115985483 ], [ -123.365900547553977, 49.435756849403028 ] ] ], [ [ [ -123.365946619925381, 49.437747041545443 ], [ -123.368429766436662, 49.437734878694471 ], [ -123.368466905780224, 49.439544192493535 ], [ -123.365988518048269, 49.439556312133142 ], [ -123.365946619925381, 49.437747041545443 ] ] ], [ [ [ -123.365664990651808, 49.437568843198171 ], [ -123.363159461637807, 49.437219236025612 ], [ -123.363126021821657, 49.435771819213755 ], [ -123.365623106478722, 49.435759576181034 ], [ -123.365664990651808, 49.437568843198171 ] ] ], [ [ [ -123.363027767476567, 49.431517280267194 ], [ -123.365520306693924, 49.431052821419961 ], [ -123.365530959795194, 49.43177741743358 ], [ -123.364282542174877, 49.431785301290859 ], [ -123.364324370287179, 49.433594579420145 ], [ -123.363075880047191, 49.43360068402896 ], [ -123.363027767476567, 49.431517280267194 ] ] ], [ [ [ -123.367111336616105, 49.434122367135856 ], [ -123.36835548219058, 49.434116245250507 ], [ -123.368385194800794, 49.435563695554173 ], [ -123.365896356803489, 49.4355759233109 ], [ -123.365879594641726, 49.434852209467053 ], [ -123.367128118306866, 49.434846072576022 ], [ -123.367111336616105, 49.434122367135856 ] ] ], [ [ [ -123.363080059581335, 49.433781610756519 ], [ -123.365577050014053, 49.433769378074111 ], [ -123.365601786517374, 49.43483849509979 ], [ -123.363104752116655, 49.4348507286672 ], [ -123.363080059581335, 49.433781610756519 ] ] ], [ [ [ -123.363106278237083, 49.43491652105822 ], [ -123.365603316190871, 49.434904287456796 ], [ -123.36561891681373, 49.43557865007886 ], [ -123.363121842440805, 49.435590884027114 ], [ -123.363106278237083, 49.43491652105822 ] ] ], [ [ [ -123.360331769447242, 49.434930058987732 ], [ -123.362828823146941, 49.434917880643766 ], [ -123.362844397072053, 49.43559224398625 ], [ -123.360347306952875, 49.435604422676384 ], [ -123.360331769447242, 49.434930058987732 ] ] ], [ [ [ -123.362141291103299, 49.432157667440769 ], [ -123.362765020208784, 49.432154628228503 ], [ -123.362790089821033, 49.433240190253414 ], [ -123.361541608435431, 49.433246286184847 ], [ -123.362141291103299, 49.432157667440769 ] ] ], [ [ [ -123.368228619407887, 49.432850858250838 ], [ -123.368344344075282, 49.433573447300496 ], [ -123.367098764460124, 49.433579587882228 ], [ -123.367082117261788, 49.432855956364044 ], [ -123.368228619407887, 49.432850858250838 ] ] ], [ [ [ -123.361578786280177, 49.43485818492961 ], [ -123.362819325422365, 49.434506676744959 ], [ -123.362827297421347, 49.434852088248988 ], [ -123.361578786280177, 49.43485818492961 ] ] ] ] } },
{ "type": "Feature", "properties": { "name": "Undeveloped Park Lands", "kind": "Regional" }, "geometry": { "type": "Polygon", "coordinates": [ [ [ -123.42961026157306, 49.453920919927278 ], [ -123.431794332243641, 49.453890289861299 ], [ -123.431808821886349, 49.454269437684765 ], [ -123.429618882558913, 49.455065245347569 ], [ -123.42961026157306, 49.453920919927278 ] ] ] } },
{ "type": "Feature", "properties": { "name": "Gambier Harbour", "kind": "Regional" }, "geometry": { "type": "Polygon", "coordinates": [ [ [ -123.426243798957103, 49.450321641307461 ], [ -123.423777665738285, 49.450359974445675 ], [ -123.424523100898014, 49.446715962186751 ], [ -123.42608766904759, 49.444422115249019 ], [ -123.426243798957103, 49.450321641307461 ] ] ] } },
{ "type": "Feature", "properties": { "name": "Thornbrough Channel", "kind": "Regional" }, "geometry": { "type": "Polygon", "coordinates": [ [ [ -123.446740015242099, 49.539774176831507 ], [ -123.446256926882072, 49.538810810660358 ], [ -123.457645787009895, 49.533182145467336 ], [ -123.457636891015596, 49.53380400238386 ], [ -123.454266277955398, 49.535508318910516 ], [ -123.455963135278509, 49.535546613892031 ], [ -123.454150683984452, 49.536084436280476 ], [ -123.452490618514616, 49.537552597418205 ], [ -123.446740015242099, 49.539774176831507 ] ] ] } },
{ "type": "Feature", "properties": { "name": "Mcnair Creek", "kind": "Regional" }, "geometry": { "type": "MultiPolygon", "coordinates": [ [ [ [ -123.493489641799655, 49.512714935510132 ], [ -123.494306478052565, 49.513121754587011 ], [ -123.492629078642125, 49.513635713197054 ], [ -123.492762133237974, 49.513354189961156 ], [ -123.493489641799655, 49.512714935510132 ] ] ], [ [ [ -123.493584852995298, 49.514232803282404 ], [ -123.492571294484847, 49.513821525791307 ], [ -123.493958603834898, 49.513823414381378 ], [ -123.493584852995298, 49.514232803282404 ] ] ] ] } },
{ "type": "Feature", "properties": { "name": "Dakota Estuary", "kind": "Regional" }, "geometry": { "type": "MultiPolygon", "coordinates": [ [ [ [ -123.494912981645058, 49.510426779671974 ], [ -123.495179999450812, 49.510029469518827 ], [ -123.494111281497581, 49.510299571446986 ], [ -123.494525401547889, 49.509616046637767 ], [ -123.493723021004016, 49.50758239476842 ], [ -123.494622087032582, 49.509006321539907 ], [ -123.49644096558454, 49.509165834106717 ], [ -123.49655652410155, 49.510287508019502 ], [ -123.494912981645058, 49.510426779671974 ] ] ], [ [ [ -123.496825171864145, 49.510207759362601 ], [ -123.496915898322783, 49.508369445863622 ], [ -123.499031293349645, 49.509330059208146 ], [ -123.497614304975485, 49.509737871165427 ], [ -123.496825171864145, 49.510207759362601 ] ] ] ] } },
{ "type": "Feature", "properties": { "name": "Maple", "kind": "Regional" }, "geometry": { "type": "Polygon", "coordinates": [ [ [ -123.478090360287595, 49.443193787986225 ], [ -123.475235467103786, 49.444149829690247 ], [ -123.475652997695946, 49.443195742222954 ], [ -123.478090360287595, 49.443193787986225 ] ] ] } },
{ "type": "Feature", "properties": { "name": "Maryanne West", "kind": "Regional" }, "geometry": { "type": "Polygon", "coordinates": [ [ [ -123.536448629777638, 49.392060223463851 ], [ -123.537807347626597, 49.392046542599502 ], [ -123.537870815172241, 49.39385659845999 ], [ -123.536516337025105, 49.39387269170625 ], [ -123.536448629777638, 49.392060223463851 ] ] ] } },
{ "type": "Feature", "properties": { "name": "Georgia Crest", "kind": "Regional" }, "geometry": { "type": "Polygon", "coordinates": [ [ [ -123.550000400779197, 49.39920488012153 ], [ -123.549662361527936, 49.398053605606307 ], [ -123.552415664854408, 49.398450456913658 ], [ -123.551024954736008, 49.399675407550809 ], [ -123.550000400779197, 49.39920488012153 ] ] ] } },
{ "type": "Feature", "properties": { "name": "", "kind": "Regional" }, "geometry": { "type": "Polygon", "coordinates": [ [ [ -123.546553522632138, 49.40169882253771 ], [ -123.546411488655437, 49.398955301945009 ], [ -123.546393768562353, 49.398565129394932 ], [ -123.547596167898334, 49.400329318485724 ], [ -123.546553522632138, 49.40169882253771 ] ] ] } },
{ "type": "Feature", "properties": { "name": "End Creek", "kind": "Regional" }, "geometry": { "type": "Polygon", "coordinates": [ [ [ -123.551965101562288, 49.405855935451832 ], [ -123.551803265715023, 49.402406201535427 ], [ -123.551335340407064, 49.402278476324128 ], [ -123.551766896052726, 49.40197111620283 ], [ -123.551265449491879, 49.401441069632625 ], [ -123.552564583199896, 49.400502554890807 ], [ -123.553071416610862, 49.398920775149548 ], [ -123.554676477631034, 49.397568883362375 ], [ -123.55555445394657, 49.397805064659025 ], [ -123.556652224921365, 49.398707477152733 ], [ -123.553509476499812, 49.402364952414651 ], [ -123.554693583387149, 49.401836946279403 ], [ -123.554560022633041, 49.402743969139664 ], [ -123.553456170966996, 49.402770027631753 ], [ -123.553690206084255, 49.403297496023789 ], [ -123.556346868152019, 49.404040025344244 ], [ -123.556804704124744, 49.404552016967237 ], [ -123.55384843570009, 49.404056772227541 ], [ -123.554253028436449, 49.40573262911451 ], [ -123.551965101562288, 49.405855935451832 ] ] ] } },
{ "type": "Feature", "properties": { "name": "Ocean", "kind": "Regional" }, "geometry": { "type": "Polygon", "coordinates": [ [ [ -123.559292073986015, 49.396326316711885 ], [ -123.55783871891569, 49.397049626475543 ], [ -123.557424134532539, 49.396328565509187 ], [ -123.5590922203817, 49.39571044672244 ], [ -123.559292073986015, 49.396326316711885 ] ] ] } },
{ "type": "Feature", "properties": { "name": "Whispering Firs", "kind": "Regional" }, "geometry": { "type": "MultiPolygon", "coordinates": [ [ [ [ -123.559413830607397, 49.401302838751796 ], [ -123.561864740277372, 49.402507567443052 ], [ -123.559024334262901, 49.405571794944834 ], [ -123.558051540496905, 49.405638679124962 ], [ -123.558128208264904, 49.402432852027211 ], [ -123.559413830607397, 49.401302838751796 ] ] ], [ [ [ -123.558183049778336, 49.400109629652036 ], [ -123.559328803583412, 49.400987071804494 ], [ -123.557579175970872, 49.402265861756099 ], [ -123.557532431881526, 49.401320339454927 ], [ -123.558183049778336, 49.400109629652036 ] ] ] ] } },
{ "type": "Feature", "properties": { "name": "", "kind": "Regional" }, "geometry": { "type": "Polygon", "coordinates": [ [ [ -123.66419239802434, 49.456668539227621 ], [ -123.661805736587993, 49.456722444232028 ], [ -123.661809914172267, 49.456218696579782 ], [ -123.664271403990526, 49.456163775559162 ], [ -123.66419239802434, 49.456668539227621 ] ] ] } },
{ "type": "Feature", "properties": { "name": "Crowe Road Site", "kind": "Regional" }, "geometry": { "type": "MultiPolygon", "coordinates": [ [ [ [ -123.616228563255888, 49.425639249053965 ], [ -123.616210073185499, 49.423892602357881 ], [ -123.61357491766843, 49.42389320107538 ], [ -123.613565712935269, 49.423016999169555 ], [ -123.61620083578876, 49.423019272975459 ], [ -123.616191585439097, 49.422145933170953 ], [ -123.618816934144803, 49.422150990342921 ], [ -123.618854080020185, 49.425632853026833 ], [ -123.616228563255888, 49.425639249053965 ] ] ], [ [ [ -123.610676471118694, 49.42477316499329 ], [ -123.613303900410884, 49.424769764567685 ], [ -123.613312491849257, 49.425646274922613 ], [ -123.61068500260987, 49.425652538241188 ], [ -123.610676471118694, 49.42477316499329 ] ] ] ] } },
{ "type": "Feature", "properties": { "name": "Roberts Creek", "kind": "Regional" }, "geometry": { "type": "MultiPolygon", "coordinates": [ [ [ [ -123.650337349891473, 49.430306773627798 ], [ -123.650626207263059, 49.429703486536141 ], [ -123.652361123328006, 49.42997952793187 ], [ -123.651845239629949, 49.430650460147227 ], [ -123.650337349891473, 49.430306773627798 ] ] ], [ [ [ -123.651408856309601, 49.429059687429628 ], [ -123.653050912661527, 49.429082387652358 ], [ -123.652488723111233, 49.429813574263228 ], [ -123.651240410859771, 49.429614956418284 ], [ -123.651408856309601, 49.429059687429628 ] ] ] ] } },
{ "type": "Feature", "properties": { "name": "Tall Trees", "kind": "Regional" }, "geometry": { "type": "Polygon", "coordinates": [ [ [ -123.859843216501545, 49.491091190163701 ], [ -123.858396354596707, 49.491923254608949 ], [ -123.858549790980661, 49.489673809012018 ], [ -123.859843216501545, 49.491091190163701 ] ] ] } },
{ "type": "Feature", "properties": { "name": "Welcome Woods", "kind": "Regional" }, "geometry": { "type": "Polygon", "coordinates": [ [ [ -123.905909415656041, 49.492523844217715 ], [ -123.892894563114254, 49.49257648321958 ], [ -123.892867800832718, 49.481761170039526 ], [ -123.901454335865026, 49.484721466620577 ], [ -123.901457806744375, 49.488297067471763 ], [ -123.905909415656041, 49.492523844217715 ] ] ] } },
{ "type": "Feature", "properties": { "name": "Connor", "kind": "Regional" }, "geometry": { "type": "Polygon", "coordinates": [ [ [ -123.886496610949379, 49.485285719993328 ], [ -123.886419464477157, 49.481860132093615 ], [ -123.892728790886096, 49.481719486575095 ], [ -123.892808238767401, 49.485225214709516 ], [ -123.886496610949379, 49.485285719993328 ] ] ] } },
{ "type": "Feature", "properties": { "name": "Old Highway 101", "kind": "Regional" }, "geometry": { "type": "Polygon", "coordinates": [ [ [ -123.925202946171666, 49.524926045105808 ], [ -123.923131989562947, 49.523315783908451 ], [ -123.92190481053828, 49.521393340230411 ], [ -123.922165488613189, 49.520562473917487 ], [ -123.925202946171666, 49.524926045105808 ] ] ] } },
{ "type": "Feature", "properties": { "name": "", "kind": "Regional" }, "geometry": { "type": "Polygon", "coordinates": [ [ [ -123.971192593292685, 49.548829971496914 ], [ -123.967810200024928, 49.548620127490842 ], [ -123.966755426698469, 49.547391858824 ], [ -123.971215677167848, 49.548046760686368 ], [ -123.971192593292685, 49.548829971496914 ] ] ] } },
{ "type": "Feature", "properties": { "name": "", "kind": "Regional" }, "geometry": { "type": "Polygon", "coordinates": [ [ [ -123.997636367197998, 49.505993966661435 ], [ -123.995748471033863, 49.506010245796894 ], [ -123.997300698143746, 49.504230888875298 ], [ -123.997636367197998, 49.505993966661435 ] ] ] } },
{ "type": "Feature", "properties": { "name": "Jeddah Point", "kind": "Regional" }, "geometry": { "type": "Polygon", "coordinates": [ [ [ -123.961538635385637, 49.508333433475208 ], [ -123.956510968211603, 49.506312481120908 ], [ -123.957952213096391, 49.506045083416424 ], [ -123.957569503844653, 49.505615636594655 ], [ -123.955557691795676, 49.505691924235421 ], [ -123.953018487544909, 49.504359063752503 ], [ -123.95123859907153, 49.504596009434735 ], [ -123.951496222855809, 49.504236496682864 ], [ -123.950664262169965, 49.503584583625901 ], [ -123.949542659844184, 49.503633532611921 ], [ -123.948130056329589, 49.505408320444673 ], [ -123.950068140435491, 49.506147227895994 ], [ -123.949081041145561, 49.506108870591696 ], [ -123.949649615403345, 49.506643177511386 ], [ -123.949500980525301, 49.507891089494315 ], [ -123.953723767088277, 49.509087753349888 ], [ -123.953179282356615, 49.509265011638043 ], [ -123.95336193815865, 49.510088247772394 ], [ -123.946292668602837, 49.506973792122899 ], [ -123.945633789917323, 49.507535292436984 ], [ -123.946793760603356, 49.508251677852442 ], [ -123.947377563502158, 49.50967720818862 ], [ -123.945448010845354, 49.508171357325296 ], [ -123.942662369119958, 49.50860031963429 ], [ -123.941536854180313, 49.507333111088421 ], [ -123.940212426505056, 49.507334691552551 ], [ -123.935007280631666, 49.504874861332389 ], [ -123.946425765031194, 49.496406314887139 ], [ -123.963711790488873, 49.507056843389087 ], [ -123.961538635385637, 49.508333433475208 ] ], [ [ -123.948540629643517, 49.503886296141545 ], [ -123.94432534678937, 49.50342522755669 ], [ -123.947986465236497, 49.505344699749152 ], [ -123.948540629643517, 49.503886296141545 ] ] ] } },
{ "type": "Feature", "properties": { "name": "Harness Island", "kind": "Regional" }, "geometry": { "type": "Polygon", "coordinates": [ [ [ -124.021237598086799, 49.592612784021853 ], [ -124.018921280247937, 49.5928985449926 ], [ -124.018160951916755, 49.591043290483093 ], [ -124.020660860565442, 49.590535550436812 ], [ -124.022606647992589, 49.591611257182997 ], [ -124.021237598086799, 49.592612784021853 ] ] ] } },
{ "type": "Feature", "properties": { "name": "Tyner", "kind": "Regional" }, "geometry": { "type": "Polygon", "coordinates": [ [ [ -124.024465234925557, 49.609511922354955 ], [ -124.023180165556596, 49.610451071799773 ], [ -124.022672255407471, 49.610082429467681 ], [ -124.023465192011614, 49.608913901892791 ], [ -124.024465234925557, 49.609511922354955 ] ] ] } },
{ "type": "Feature", "properties": { "name": "Tyner", "kind": "Regional" }, "geometry": { "type": "Polygon", "coordinates": [ [ [ -124.025612365762228, 49.610720994371405 ], [ -124.025263377842123, 49.610972081682213 ], [ -124.023331986342257, 49.610590414206541 ], [ -124.024646757575852, 49.609661962058219 ], [ -124.025612365762228, 49.610720994371405 ] ] ] } },
{ "type": "Feature", "properties": { "name": "Baker Beach", "kind": "Regional" }, "geometry": { "type": "Polygon", "coordinates": [ [ [ -124.040620480223708, 49.607235467417667 ], [ -124.039797291952226, 49.607270934221894 ], [ -124.039443788293283, 49.605744473831152 ], [ -124.040985394213266, 49.60466071506584 ], [ -124.040620480223708, 49.607235467417667 ] ] ] } },
{ "type": "Feature", "properties": { "name": "Beaver Island (Sf)", "kind": "Regional" }, "geometry": { "type": "Polygon", "coordinates": [ [ [ -124.052190641597832, 49.617975728045799 ], [ -124.053566979907998, 49.618249299754439 ], [ -124.053467768232494, 49.619027282931739 ], [ -124.051136190713095, 49.620138270358204 ], [ -124.051375654000623, 49.619579775744469 ], [ -124.05067057843435, 49.618978279424724 ], [ -124.052190641597832, 49.617975728045799 ] ] ] } },
{ "type": "Feature", "properties": { "name": "John Daly Nature Reserve", "kind": "Regional" }, "geometry": { "type": "Polygon", "coordinates": [ [ [ -123.978025981247981, 49.640197170903654 ], [ -123.976297021580507, 49.640088679024679 ], [ -123.978531618142696, 49.638988371286075 ], [ -123.983556472172538, 49.63888144406269 ], [ -123.978027358233845, 49.639655911649278 ], [ -123.978025981247981, 49.640197170903654 ] ] ] } },
{ "type": "Feature", "properties": { "name": "", "kind": "Regional" }, "geometry": { "type": "Polygon", "coordinates": [ [ [ -123.986732388341096, 49.64368668954333 ], [ -123.985786811293195, 49.643694740957869 ], [ -123.985760252692558, 49.642379525650696 ], [ -123.98670566335656, 49.642366117735214 ], [ -123.986732388341096, 49.64368668954333 ] ] ] } },
{ "type": "Feature", "properties": { "name": "Garden Bay Lake", "kind": "Regional" }, "geometry": { "type": "Polygon", "coordinates": [ [ [ -124.023609017598815, 49.64549470590633 ], [ -124.022289747547688, 49.645067572696874 ], [ -124.023674477146301, 49.644674359161854 ], [ -124.023609017598815, 49.64549470590633 ] ] ] } },
{ "type": "Feature", "properties": { "name": "Katherine Lake", "kind": "Regional" }, "geometry": { "type": "Polygon", "coordinates": [ [ [ -124.028709433980936, 49.650536298555991 ], [ -124.031033329985462, 49.65257229154696 ], [ -124.029493307945685, 49.654236194336875 ], [ -124.030152877953356, 49.65633043292145 ], [ -124.029680151804186, 49.656394570611972 ], [ -124.029721809876079, 49.657352266256247 ], [ -124.02363221840605, 49.657406292086428 ], [ -124.023398159711775, 49.650254471597705 ], [ -124.028049723734185, 49.650140713116393 ], [ -124.026130871660541, 49.652489908341373 ], [ -124.026438710494375, 49.653931944132196 ], [ -124.028185139363345, 49.653865430366842 ], [ -124.030088844045366, 49.652748379051459 ], [ -124.028797789295197, 49.65203996419482 ], [ -124.028709433980936, 49.650536298555991 ] ] ] } },
{ "type": "Feature", "properties": { "name": "Mixal Lake Subdivision", "kind": "Regional" }, "geometry": { "type": "Polygon", "coordinates": [ [ [ -124.048741176582212, 49.650278480673855 ], [ -124.04557873169604, 49.650272697217041 ], [ -124.045579970085328, 49.650068576266179 ], [ -124.048738643965748, 49.6493091180755 ], [ -124.048741176582212, 49.650278480673855 ] ] ] } },
{ "type": "Feature", "properties": { "name": "Susan Hess Memorial", "kind": "Regional" }, "geometry": { "type": "Polygon", "coordinates": [ [ [ -124.044408539892331, 49.646581566845299 ], [ -124.043649718394448, 49.645751350761103 ], [ -124.045354536988413, 49.64522779435238 ], [ -124.045340647024858, 49.645795095138133 ], [ -124.044408539892331, 49.646581566845299 ] ] ] } },
{ "type": "Feature", "properties": { "name": "Sakinaw Lake", "kind": "Regional" }, "geometry": { "type": "Polygon", "coordinates": [ [ [ -124.052626026424548, 49.667941521030244 ], [ -124.050108636255857, 49.667192125539842 ], [ -124.047382564992745, 49.668426600867605 ], [ -124.04484674996219, 49.667268098768552 ], [ -124.0453883449063, 49.666499774465322 ], [ -124.04741375734055, 49.666441117549113 ], [ -124.049744979707, 49.664788434299567 ], [ -124.049603483224018, 49.664350035957 ], [ -124.052547965427536, 49.664323292429124 ], [ -124.052626026424548, 49.667941521030244 ] ] ] } },
{ "type": "Feature", "properties": { "name": "Sakinaw Lake", "kind": "Regional" }, "geometry": { "type": "Polygon", "coordinates": [ [ [ -124.010361466947003, 49.698598706259055 ], [ -124.005316161685784, 49.6986426309089 ], [ -124.006182645633373, 49.696777215176077 ], [ -124.008261671993722, 49.69571247325446 ], [ -124.008201837089985, 49.69520342742782 ], [ -124.007143253189099, 49.69523843827794 ], [ -124.007128259556993, 49.694512355901487 ], [ -124.010276026267306, 49.694477406869645 ], [ -124.010361466947003, 49.698598706259055 ] ] ] } },
{ "type": "Feature", "properties": { "name": "", "kind": "Regional" }, "geometry": { "type": "Polygon", "coordinates": [ [ [ -124.051683941901075, 49.637442056246591 ], [ -124.051684582187562, 49.635420262300975 ], [ -124.053387079438323, 49.635377315454903 ], [ -124.052297861901081, 49.6375102969252 ], [ -124.051683941901075, 49.637442056246591 ] ] ] } },
{ "type": "Feature", "properties": { "name": "Pender Hill", "kind": "Regional" }, "geometry": { "type": "Polygon", "coordinates": [ [ [ -124.059741323887579, 49.642633558207152 ], [ -124.054283074195297, 49.64279322899533 ], [ -124.054317250855149, 49.638141590692619 ], [ -124.058063683238885, 49.635958198261704 ], [ -124.059644963663786, 49.63591310821549 ], [ -124.059635656875628, 49.636616903139902 ], [ -124.060149355740506, 49.636112204905196 ], [ -124.060643466967832, 49.637157214203391 ], [ -124.05974577433993, 49.637165435272443 ], [ -124.059741323887579, 49.642633558207152 ] ] ] } },
{ "type": "Feature", "properties": { "name": "", "kind": "Regional" }, "geometry": { "type": "Polygon", "coordinates": [ [ [ -124.071145959955388, 49.641714564137473 ], [ -124.069143562536681, 49.642245777631359 ], [ -124.068405365500695, 49.641802856128102 ], [ -124.070132888721275, 49.641112284377975 ], [ -124.071145959955388, 49.641714564137473 ] ] ] } },
{ "type": "Feature", "properties": { "name": "Lions", "kind": "Regional" }, "geometry": { "type": "Polygon", "coordinates": [ [ [ -123.969711305552224, 49.649885414050893 ], [ -123.965530845285599, 49.649875375441347 ], [ -123.965548834165574, 49.646254817634173 ], [ -123.96889581750078, 49.646262457408682 ], [ -123.969711305552224, 49.649885414050893 ] ] ] } },
{ "type": "Feature", "properties": { "name": "Sakinaw Lake", "kind": "Regional" }, "geometry": { "type": "Polygon", "coordinates": [ [ [ -124.003856310058481, 49.675226983752601 ], [ -124.002427909424654, 49.675256939215728 ], [ -124.00236555673591, 49.673435842848292 ], [ -124.003760066432449, 49.673405304294661 ], [ -124.003856310058481, 49.675226983752601 ] ] ] } },
{ "type": "Feature", "properties": { "name": "Agamemnon Channel", "kind": "Regional" }, "geometry": { "type": "Polygon", "coordinates": [ [ [ -124.036596977313692, 49.722893971856429 ], [ -124.032182532135849, 49.72293341543822 ], [ -124.032105832567311, 49.719315199259484 ], [ -124.040561927197132, 49.719242412501046 ], [ -124.04083280629763, 49.720488600288391 ], [ -124.038493390105984, 49.720631024631452 ], [ -124.038479470871053, 49.72154411487719 ], [ -124.036596977313692, 49.722893971856429 ] ] ] } },
{ "type": "Feature", "properties": { "name": "Ruby Lake", "kind": "Regional" }, "geometry": { "type": "Polygon", "coordinates": [ [ [ -123.982434813407735, 49.724191218505375 ], [ -123.982364035729034, 49.723206542236312 ], [ -123.982946273957552, 49.722630669299264 ], [ -123.983566286982921, 49.724544919781742 ], [ -123.982434813407735, 49.724191218505375 ] ] ] } },
{ "type": "Feature", "properties": { "name": "Dan Bosch", "kind": "Regional" }, "geometry": { "type": "Polygon", "coordinates": [ [ [ -123.989394717357385, 49.729654144379779 ], [ -123.985311797294813, 49.72949106048155 ], [ -123.981472478223836, 49.727627623555748 ], [ -123.977372494958161, 49.724609765022329 ], [ -123.977107988267505, 49.723249461087292 ], [ -123.974936646817852, 49.720989806800944 ], [ -123.970011385607307, 49.718498291367219 ], [ -123.968820925115949, 49.717103529007822 ], [ -123.968871688399645, 49.716272540671419 ], [ -123.970432648980861, 49.717103153549466 ], [ -123.970196929143128, 49.718303400091202 ], [ -123.975164337159342, 49.720505652809074 ], [ -123.979590744460154, 49.724209656162792 ], [ -123.982789819218809, 49.725068212219767 ], [ -123.982197596322564, 49.725571972199795 ], [ -123.983525379492633, 49.727247237754455 ], [ -123.989394717357385, 49.729654144379779 ] ] ] } },
{ "type": "Feature", "properties": { "name": "Ruby Lake", "kind": "Regional" }, "geometry": { "type": "Polygon", "coordinates": [ [ [ -123.982036890021845, 49.728301682289526 ], [ -123.978831536768965, 49.728303335893429 ], [ -123.978828618047089, 49.725829670403357 ], [ -123.980921864914237, 49.727723209816688 ], [ -123.982036890021845, 49.728301682289526 ] ] ] } },
{ "type": "Feature", "properties": { "name": "Ruby Lake", "kind": "Regional" }, "geometry": { "type": "Polygon", "coordinates": [ [ [ -123.97835353222834, 49.712398267476139 ], [ -123.976822582335416, 49.712833944083258 ], [ -123.976198280971445, 49.712137618848345 ], [ -123.97835353222834, 49.712398267476139 ] ] ] } },
{ "type": "Feature", "properties": { "name": "Ruby Lake", "kind": "Regional" }, "geometry": { "type": "Polygon", "coordinates": [ [ [ -124.001730294894259, 49.736521669168191 ], [ -124.000828298196282, 49.736522864400797 ], [ -123.99891699979058, 49.735107482719101 ], [ -123.999606885895759, 49.734843238700329 ], [ -124.001730294894259, 49.736521669168191 ] ] ] } },
{ "type": "Feature", "properties": { "name": "", "kind": "Regional" }, "geometry": { "type": "Polygon", "coordinates": [ [ [ -124.142328666903495, 49.661425474549013 ], [ -124.141392040591995, 49.661428205583832 ], [ -124.1413862849748, 49.659273236606261 ], [ -124.144333038984158, 49.659759622316493 ], [ -124.143927563816035, 49.660546183859232 ], [ -124.14192082774467, 49.660817845906685 ], [ -124.142328666903495, 49.661425474549013 ] ] ] } },
{ "type": "Feature", "properties": { "name": "Roberts Homesite", "kind": "Regional" }, "geometry": { "type": "Polygon", "coordinates": [ [ [ -124.188870774407633, 49.67504818912095 ], [ -124.187593642438372, 49.675051582607836 ], [ -124.187585255334113, 49.672673729104091 ], [ -124.192335278727541, 49.67225036252367 ], [ -124.192350579142897, 49.673194665830025 ], [ -124.190396272249785, 49.673587998837291 ], [ -124.188870774407633, 49.67504818912095 ] ] ] } },
{ "type": "Feature", "properties": { "name": "Silver Creek", "kind": "Regional" }, "geometry": { "type": "Polygon", "coordinates": [ [ [ -123.444640072251801, 49.402247597137489 ], [ -123.440564206134624, 49.402311717654648 ], [ -123.44020980855646, 49.401629898101568 ], [ -123.444792165985817, 49.399034519332439 ], [ -123.446176260381804, 49.396848410659778 ], [ -123.447777126409662, 49.397164414386978 ], [ -123.446988250981263, 49.399732057058728 ], [ -123.444640072251801, 49.402247597137489 ] ] ] } },
{ "type": "Feature", "properties": { "name": "", "kind": "Regional" }, "geometry": { "type": "Polygon", "coordinates": [ [ [ -123.342699696963976, 49.490972886111564 ], [ -123.340047815803672, 49.491001927724596 ], [ -123.340051917935895, 49.489202765114506 ], [ -123.342701033237589, 49.489173937207752 ], [ -123.342699696963976, 49.490972886111564 ] ] ] } },
{ "type": "Feature", "properties": { "name": "Daniel Point", "kind": "Regional" }, "geometry": { "type": "Polygon", "coordinates": [ [ [ -124.071453654926529, 49.639049234669045 ], [ -124.072604649878798, 49.637221615186441 ], [ -124.072275291005397, 49.638897711863258 ], [ -124.070450082142244, 49.639746630322193 ], [ -124.071453654926529, 49.639049234669045 ] ] ] } },
{ "type": "Feature", "properties": { "name": "Coopers Green", "kind": "Regional" }, "geometry": { "type": "MultiPolygon", "coordinates": [ [ [ [ -123.905972544742809, 49.501665088224684 ], [ -123.908514857948475, 49.503083596001098 ], [ -123.907343808519173, 49.504817472462349 ], [ -123.906734781810385, 49.502971882933032 ], [ -123.90574379606349, 49.502064480923259 ], [ -123.905972544742809, 49.501665088224684 ] ] ], [ [ [ -123.907691948582354, 49.504651272845855 ], [ -123.908514633596951, 49.503605692246694 ], [ -123.909321644672929, 49.503889666094949 ], [ -123.908498262174746, 49.50485651919481 ], [ -123.907691948582354, 49.504651272845855 ] ] ] ] } },
{ "type": "Feature", "properties": { "name": "Katherine Lake Crown Tenure", "kind": "Regional" }, "geometry": { "type": "Polygon", "coordinates": [ [ [ -124.028635495308478, 49.650658605866987 ], [ -124.028797789295197, 49.65203996419482 ], [ -124.030088844045366, 49.652748379051459 ], [ -124.028185139363345, 49.653865430366842 ], [ -124.026145749732507, 49.653875507319576 ], [ -124.026493365756053, 49.651918742223337 ], [ -124.028635495308478, 49.650658605866987 ] ] ] } },
{ "type": "Feature", "properties": { "name": "Ruby Creek (Sf)", "kind": "Regional" }, "geometry": { "type": "MultiPolygon", "coordinates": [ [ [ [ -123.978269097372063, 49.707041913423708 ], [ -123.976520793444564, 49.706731951340771 ], [ -123.976638396130568, 49.706041349890413 ], [ -123.977443489137158, 49.705962069275216 ], [ -123.97704124401865, 49.705404339783989 ], [ -123.9780783789937, 49.706091992539363 ], [ -123.978269097372063, 49.707041913423708 ] ] ], [ [ [ -123.978048599726293, 49.707500067134745 ], [ -123.978942627223006, 49.707165619208375 ], [ -123.977229855416169, 49.707918953465317 ], [ -123.978048599726293, 49.707500067134745 ] ] ] ] } },
{ "type": "Feature", "properties": { "name": "Francis Point Ecological Reserve", "kind": "Regional" }, "geometry": { "type": "Polygon", "coordinates": [ [ [ -124.063953989773481, 49.615549315604511 ], [ -124.063374156235739, 49.616180744307371 ], [ -124.061695678588109, 49.613835808418976 ], [ -124.06158529017776, 49.614408262084204 ], [ -124.059367275193736, 49.615288923305904 ], [ -124.060690416960313, 49.61472725689282 ], [ -124.060790856873226, 49.613156702388473 ], [ -124.061485744531609, 49.613340058147273 ], [ -124.061352795037266, 49.611672539059633 ], [ -124.062201413728886, 49.612851435351836 ], [ -124.063834024802134, 49.61236035559083 ], [ -124.064480708017086, 49.61277405532266 ], [ -124.063987825110345, 49.615229116478645 ], [ -124.064818767176547, 49.614396890883746 ], [ -124.064827147494498, 49.616245564558092 ], [ -124.064236091357571, 49.617469625614312 ], [ -124.063706220204708, 49.616998813922088 ], [ -124.063953989773481, 49.615549315604511 ] ] ] } },
{ "type": "Feature", "properties": { "name": "Katherine Lake", "kind": "Regional" }, "geometry": { "type": "Polygon", "coordinates": [ [ [ -124.031566784012895, 49.65733372953131 ], [ -124.029721246703375, 49.657352481024937 ], [ -124.029680221380673, 49.656394562872322 ], [ -124.031119774726136, 49.65651468718044 ], [ -124.031566784012895, 49.65733372953131 ] ] ] } },
{ "type": "Feature", "properties": { "name": "Ocean Beach Esplanade", "kind": "Regional" }, "geometry": { "type": "Polygon", "coordinates": [ [ [ -123.553752536706668, 49.389648037135764 ], [ -123.543291215458012, 49.385874777282105 ], [ -123.536956527835926, 49.384343722859072 ], [ -123.520216393554065, 49.386965868197336 ], [ -123.518220343636301, 49.386534070494989 ], [ -123.516791314210295, 49.387529932053482 ], [ -123.516732025526679, 49.385942561017963 ], [ -123.537143459904186, 49.38280919038246 ], [ -123.544094873725342, 49.384409296248272 ], [ -123.551098595191149, 49.38748840689442 ], [ -123.554567238555407, 49.3882678893752 ], [ -123.553752536706668, 49.389648037135764 ] ] ] } },
{ "type": "Feature", "properties": { "name": "Ocean Beach Esplanade", "kind": "Regional" }, "geometry": { "type": "Polygon", "coordinates": [ [ [ -123.559087289592227, 49.390767533732507 ], [ -123.557733346048181, 49.38958394184565 ], [ -123.555154677087955, 49.389039065470023 ], [ -123.556084448085031, 49.388359546318995 ], [ -123.557921315637302, 49.388768982488152 ], [ -123.559411728558246, 49.39063274618232 ], [ -123.561473242953809, 49.39574094958266 ], [ -123.564856311035101, 49.398643365565114 ], [ -123.568897891671213, 49.400089748218093 ], [ -123.568891923868208, 49.401623430615729 ], [ -123.563707993253132, 49.399539481943485 ], [ -123.560255637797795, 49.396565416280872 ], [ -123.557871616613014, 49.391053014225534 ], [ -123.559087289592227, 49.390767533732507 ] ] ] } },
{ "type": "Feature", "properties": { "name": "Palm Beach Regional Park", "kind": "Regional" }, "geometry": { "type": "Polygon", "coordinates": [ [ [ -124.343525970960314, 49.771787829363582 ], [ -124.344238133569803, 49.773957284892383 ], [ -124.342458691725298, 49.774309610148286 ], [ -124.342423256660879, 49.772044615867202 ], [ -124.343525970960314, 49.771787829363582 ] ] ] } },
{ "type": "Feature", "properties": { "name": "Myrtle Rocks Regional Park", "kind": "Regional" }, "geometry": { "type": "Polygon", "coordinates": [ [ [ -124.472098945561441, 49.794850465643265 ], [ -124.468371195792116, 49.793186283460564 ], [ -124.472863006557603, 49.789736056880258 ], [ -124.480692881807542, 49.789863181654837 ], [ -124.480576874274746, 49.792829744053407 ], [ -124.472680808353246, 49.793095121173124 ], [ -124.472098945561441, 49.794850465643265 ] ] ] } },
{ "type": "Feature", "properties": { "name": "Craig Regional Park", "kind": "Regional" }, "geometry": { "type": "Polygon", "coordinates": [ [ [ -124.681675155242786, 49.948954765063348 ], [ -124.681391538180065, 49.945589819733989 ], [ -124.68638613653242, 49.945600718270072 ], [ -124.686395045789126, 49.948953256050629 ], [ -124.681675155242786, 49.948954765063348 ] ] ] } },
{ "type": "Feature", "properties": { "name": "Shelter Point Regional Park", "kind": "Regional" }, "geometry": { "type": "MultiPolygon", "coordinates": [ [ [ [ -124.438900683819199, 49.657735539569387 ], [ -124.439167338093739, 49.644795339454404 ], [ -124.440533122637675, 49.645394783706884 ], [ -124.442308381948976, 49.645345180741067 ], [ -124.442310985777709, 49.646217158063877 ], [ -124.446274697711686, 49.646212677664458 ], [ -124.447560620107978, 49.649244698500183 ], [ -124.44942406707851, 49.651398936409485 ], [ -124.452877725339079, 49.653205021431312 ], [ -124.456886082647799, 49.654150125246986 ], [ -124.455870265322687, 49.654399717632863 ], [ -124.453231261080717, 49.657451503223257 ], [ -124.452195076542111, 49.65779492453553 ], [ -124.438900683819199, 49.657735539569387 ] ] ], [ [ [ -124.463916661842873, 49.653973891424656 ], [ -124.457553510147122, 49.654115088266884 ], [ -124.453014206818224, 49.653044835198536 ], [ -124.449662221708664, 49.651281065369361 ], [ -124.447832968955879, 49.649189892633267 ], [ -124.446602353986421, 49.646212286188685 ], [ -124.446964100774707, 49.645645827569481 ], [ -124.451245455676144, 49.648217797304397 ], [ -124.456216777049931, 49.649211895692005 ], [ -124.460871113341639, 49.652991832813207 ], [ -124.461972351405365, 49.652843778742117 ], [ -124.461428638481536, 49.653172467591936 ], [ -124.463916661842873, 49.653973891424656 ] ] ], [ [ [ -124.463464905581645, 49.65782068685035 ], [ -124.461053193061915, 49.657833832995365 ], [ -124.452799866088114, 49.657797595656795 ], [ -124.453441572056562, 49.657584934695578 ], [ -124.456047965527105, 49.654549533668337 ], [ -124.461295110659989, 49.654212844848324 ], [ -124.463464905581645, 49.65782068685035 ] ] ], [ [ [ -124.461637096956039, 49.654284917751504 ], [ -124.465358719222991, 49.654070690430352 ], [ -124.467710117185902, 49.653687038649807 ], [ -124.466127253850502, 49.657806203249898 ], [ -124.463762898414288, 49.657819059481199 ], [ -124.461637096956039, 49.654284917751504 ] ] ], [ [ [ -124.442307686203605, 49.64510162945593 ], [ -124.439175019547704, 49.644288653336233 ], [ -124.439186332438524, 49.643541922669904 ], [ -124.442303007005691, 49.643504375892746 ], [ -124.442307686203605, 49.64510162945593 ] ] ], [ [ [ -124.441860890313151, 49.645252290760226 ], [ -124.440655198384079, 49.645225641476848 ], [ -124.439170295911239, 49.644600046404854 ], [ -124.440059963201008, 49.644599054769145 ], [ -124.441860890313151, 49.645252290760226 ] ] ] ] } },
{ "type": "Feature", "properties": { "name": "Haywire Bay Regional Park", "kind": "Regional" }, "geometry": { "type": "Polygon", "coordinates": [ [ [ -124.521498327478469, 49.903519450450581 ], [ -124.521652247793, 49.904390406995674 ], [ -124.522824087054587, 49.904378520702416 ], [ -124.517541469861627, 49.907797426408678 ], [ -124.511810212453796, 49.904103099957631 ], [ -124.517447559453643, 49.901918818560347 ], [ -124.51796032678071, 49.902593963965401 ], [ -124.516786697483894, 49.903233608671584 ], [ -124.518159965447154, 49.904620908309738 ], [ -124.51762458987308, 49.905179578861201 ], [ -124.517748110727794, 49.90575103822141 ], [ -124.519744506446102, 49.903557232030614 ], [ -124.522639512525544, 49.902287431844094 ], [ -124.522039068049537, 49.902716467832732 ], [ -124.522319451408748, 49.903399815002572 ], [ -124.521498327478469, 49.903519450450581 ] ] ] } },
{ "type": "Feature", "properties": { "name": "Paradise Exhibition Park", "kind": "Regional" }, "geometry": { "type": "Polygon", "coordinates": [ [ [ -124.486928339596844, 49.834077260709783 ], [ -124.486927195241691, 49.836981910977421 ], [ -124.481347094906127, 49.837000173292708 ], [ -124.481335115841219, 49.833371354427655 ], [ -124.485773558177215, 49.833366272190965 ], [ -124.486928339596844, 49.834077260709783 ] ] ] } },
{ "type": "Feature", "properties": { "name": "Boot Point Regional Park", "kind": "Regional" }, "geometry": { "type": "Polygon", "coordinates": [ [ [ -124.360100237466568, 49.524794375029153 ], [ -124.359915362521392, 49.525635603261563 ], [ -124.358681967705522, 49.525518082048315 ], [ -124.359351496086049, 49.524619242343732 ], [ -124.360100237466568, 49.524794375029153 ] ] ] } }
]
}
